user_id,n_txn,mean_amt,std_amt,median_amt,max_amt,median_time_delta,benford_amt,benford_time,benford_ratio,isFraud
10011_476_gmail.com,51,116.52156862745097,97.50451435245466,97.0,441.0,77782.5,0.03273177978455375,0.0032521793402254737,0.024201978931124454,1
10019_330_none,42,26.166666666666668,17.288747602148444,25.0,100.0,280721.0,0.06019727268414119,0.010033036293670784,0.061396168658964766,0
10023_325_anonymous.com,109,189.59238532110092,230.61283323576302,95.0,774.0,87612.5,0.00835270891510173,0.019245596425500635,-0.0077596026672736435,0
10023_325_aol.com,166,176.24819277108435,291.7649078676169,103.975,1822.09,60822.0,0.025596533892516943,0.0035602158156429788,0.02495696025327895,1
10023_325_gmail.com,953,110.03749213011542,181.80806005814244,59.0,2436.25,7755.0,0.04012307005737018,0.00773433442926763,0.04629299601828576,1
10023_325_hotmail.com,86,122.10476744186049,96.70864173077312,107.95,554.0,119399.0,0.006934750427470434,0.012960646643388769,0.037924171954158745,0
10023_325_none,266,113.10218045112784,104.2291843904781,77.0,774.0,32268.0,0.01890419642101237,0.010086018046909796,0.0339590514495147,1
10023_325_yahoo.com,429,113.60074592074592,130.45803003409182,59.0,1104.0,16534.5,0.027419615220311402,0.0010724243950222014,0.02975678418654723,1
10027_123_gmail.com,43,109.68651162790697,142.51770339454154,59.0,897.62,188500.0,0.010159658665555675,0.00246824538655209,0.03496814204934175,0
10027_123_none,32,123.1015625,110.49421421813719,95.95,538.0,269576.0,0.01952521244994416,0.0023504037451037366,0.03639159161798155,0
10027_123_yahoo.com,54,109.27462962962963,210.7048878013544,39.0,1384.39,96542.0,0.043772891760833106,0.012055397794696145,0.03142721274848743,0
10049_191_gmail.com,39,107.24205128205125,63.369991449463384,107.95,280.0,131686.5,0.004624987240052121,0.01688159927077535,0.01575759086400589,0
10054_-1_gmail.com,43,46.64286046511627,29.145442017563134,47.954,193.047,18032.5,0.04010676401537237,0.017556044631049365,0.03599945194720941,1
10057_123_anonymous.com,49,107.26510204081634,79.79673301896383,87.0,445.0,207902.5,0.0474377812151249,-0.00664530596687158,0.04290263382283466,0
10057_123_gmail.com,260,184.20665384615384,416.6826390320652,58.95,2991.0,44314.0,0.02444567061806931,0.014694221906839715,0.024384819771453545,1
10057_123_none,145,119.34551724137933,118.4604279681094,67.95,774.0,75300.5,0.03324682677992664,0.003604305819575132,0.03419769379306745,1
10057_123_yahoo.com,130,122.88430769230769,133.25517612078806,59.0,911.95,89721.0,0.0321202604655892,0.0057789027771521576,0.04347707083829288,1
10057_181_gmail.com,181,89.83546961325969,112.62302429108388,50.0,1052.0,60705.5,0.028644813134570124,0.008417887784488466,0.019186079335178505,1
10057_181_none,108,97.08296296296295,104.78891479275407,59.0,653.5,72994.0,0.024896040658468874,0.002026935883680265,0.018723201152296042,0
10057_181_yahoo.com,100,128.65609999999998,250.52696241281097,55.975,2242.49,111724.0,0.037001150652636455,0.004123701369098967,0.023485871996553078,1
10057_191_gmail.com,33,85.34181818181817,59.73679610437294,57.95,226.0,384317.0,-0.0006098555994269866,-0.008968404527779514,0.0015279983536036143,0
10057_204_gmail.com,162,110.57925925925929,113.20591759472492,85.95,1104.0,79053.0,0.026357578960771757,0.011556033406378126,0.02167621617499758,1
10057_204_none,49,94.90918367346937,56.06743723143548,87.0,311.95,145498.0,0.034972517553470625,-0.0019093446661297628,0.051900202396750986,1
10057_204_yahoo.com,141,80.16900709219857,42.72743346663054,59.0,310.0,79559.0,0.05320538524952119,0.00873969232014165,0.06002958716466565,1
10057_269_gmail.com,92,131.8805434782609,128.56743641038898,98.975,844.0,84447.0,0.023613938438661723,-8.007313004980421e-05,0.04250772109686857,1
10057_269_none,47,76.99893617021274,134.09529419185517,34.0,894.95,145674.0,0.024544771102941357,0.00992461416455772,0.018910431197758572,1
10057_269_yahoo.com,66,295.839696969697,422.3842887881363,106.95,1651.0,146584.0,-0.004980819917367329,-0.010464148388185126,-0.0035635775075873177,1
10057_315_gmail.com,196,131.77367346938775,311.80866902371775,61.475,3494.95,48066.0,0.016013764250072553,0.017471383085918064,0.0357163680011706,1
10057_315_none,99,74.96939393939394,66.2608057254835,53.97,335.0,100789.5,0.04661390412192985,0.0003349085218436812,0.05096111841292589,0
10057_315_yahoo.com,173,105.99017341040464,154.898554695616,59.0,1308.39,70210.5,0.02530806522103979,0.00791028267390502,0.021368339229832757,0
10057_327_gmail.com,150,99.28106666666666,87.95617695304608,72.475,554.0,70220.0,0.013546617127409032,0.0006510646005537003,0.01837504602926831,1
10057_327_none,36,112.59833333333333,65.97246767907554,92.0,240.0,237872.0,-0.010417869284186435,0.007901016442946364,-0.018768056566999383,0
10057_327_yahoo.com,50,97.23859999999999,86.54307602598834,57.95,414.95,172706.0,0.020765668435794797,0.019137382633116887,0.017418721015417,0
10057_441_gmail.com,120,90.20733333333334,66.32673392297323,59.0,386.95,73398.0,0.010796429852188903,0.001862660826199125,0.011912982467554078,1
10057_441_hotmail.com,36,61.05416666666666,24.717752209809767,55.45,121.95,391866.0,0.046518798738474414,0.007296696026417318,0.050630345810772436,0
10057_441_none,33,126.45727272727274,115.26614841899533,77.95,430.0,299562.0,0.00021828115527940117,0.0020992582351370345,0.007063109112786764,0
10057_441_yahoo.com,32,83.5884375,71.17769722275084,48.475,311.95,313739.0,0.023218541929038557,-0.0024186935858466624,0.022230366455568938,0
10075_315_gmail.com,77,94.78740259740259,83.73297800890944,97.0,554.0,120131.5,0.019655294045749887,0.011746378465076153,0.021278196969123593,1
10075_315_none,39,130.04871794871795,243.42106931310576,85.0,1575.5,266496.5,0.006340124610700076,0.012810646207119865,0.038617756175284006,0
10075_315_yahoo.com,71,81.36633802816901,70.72827683703626,57.95,517.0,155015.5,0.031783510510128996,-0.0003932313885901262,0.024371394997653468,0
10086_-1_anonymous.com,31,65.26358064516128,77.5328147905148,29.818,352.853,277789.0,0.01965701166002258,-0.003646143123152569,0.016398096767718855,0
10086_-1_gmail.com,144,50.89398611111111,45.58386697036605,33.231,196.969,41475.0,-0.001222430224364017,-0.00349775678105484,0.010258909488060054,1
10086_-1_hotmail.com,168,47.75494047619048,40.52078195355328,33.613,241.076,55949.0,0.014310704141122656,-0.0004749318721896621,0.004840709999724604,1
10104_251_aol.com,37,82.98702702702701,53.65068629393365,59.0,268.0,107015.5,0.0051967826200659956,0.006845987521182768,0.01430532281496185,0
10104_251_gmail.com,38,133.67999999999998,285.8380321090949,68.0,1839.97,329691.0,0.015556695760427702,0.008484020533402761,0.03572059742733431,0
10112_123_gmail.com,66,66.97606060606061,53.259656341100104,48.975,320.0,155941.0,0.04185554825743423,-0.0028431083803186798,0.04395633451491854,0
10112_123_yahoo.com,30,110.97999999999999,62.40163405980114,108.45,281.95,168126.0,0.015732811911313052,-0.01596531331482115,0.006459938565009329,0
10112_126_gmail.com,33,148.64848484848483,148.28245798539072,92.0,657.0,225352.5,-0.01172986019488842,-0.008266179414878082,-0.011224458705380247,0
10112_143_gmail.com,53,64.63490566037734,41.44121222013322,50.95,209.95,244546.0,0.012252043664531281,0.01075301447083675,0.03735393951895361,0
10112_143_yahoo.com,30,177.08699999999996,560.9307173923829,63.475,3190.99,174168.0,-0.012981266016999962,-0.017231134106598718,-0.0064894103109091675,0
10112_177_gmail.com,33,242.66484848484848,131.46922566785094,280.0,445.0,234007.5,0.04131405692245906,0.00862742792724823,0.04887620041117217,0
10112_181_gmail.com,45,106.012,85.76351919603631,70.0,356.5,155128.5,0.013944969896845232,0.004933965057485709,0.01201725441040525,0
10112_184_gmail.com,103,87.30456310679617,64.50727653358184,67.95,311.95,90953.0,0.004990805908320635,-0.007023779334635712,0.004371650628384367,0
10112_184_yahoo.com,51,72.68960784313725,80.77544732183345,57.0,542.0,222485.5,0.03947456924167731,0.010597337200089194,0.04264527270926841,0
10112_191_gmail.com,62,118.79516129032255,111.71275691357746,68.225,562.95,177130.0,0.029483404996764835,-6.989993589861035e-05,0.06347026607587707,0
10112_204_gmail.com,96,118.64802083333335,148.18015090464905,59.0,862.95,89541.0,0.013286215647725582,0.003006721910708769,0.049286437341794664,1
10112_204_yahoo.com,40,99.66625,103.1989234364269,74.975,592.95,250439.0,0.034026956227718,0.0008805265016473968,0.034026956227718,0
10112_205_gmail.com,41,97.0229268292683,85.09512339482218,77.0,402.95,244352.0,0.005140100902573941,-0.009488322428365371,0.0004313677759210238,0
10112_226_gmail.com,82,93.58426829268294,73.56036853895279,77.0,500.0,102574.0,0.012812312690002419,-0.004096655980842877,0.014859303617293238,0
10112_264_gmail.com,202,104.05158415841586,152.0132993610722,57.95,1339.72,56405.0,0.0221444921983633,0.010042454949007108,0.015858052935995078,1
10112_264_none,78,103.45397435897436,84.55896277442459,63.475,442.47,96586.0,0.01831796893515251,0.0011087692910460578,0.015468966086149654,0
10112_264_yahoo.com,75,70.86813333333333,59.55050846003659,54.5,411.95,144772.0,0.03341595248390049,-0.00797831579192702,0.022048725273371306,0
10112_272_gmail.com,82,78.40865853658536,70.4278881631936,49.5,475.0,134023.0,0.03044683253849773,-0.0038503284521812474,0.024362885649932425,0
10112_272_yahoo.com,64,116.49171875,179.1189139541338,57.95,1356.35,164724.0,0.028319491351141327,0.008251266582729865,0.03921921479268571,0
10112_299_gmail.com,167,128.4236526946108,240.50204702742627,59.0,2507.95,67148.0,0.025290014741782756,0.013215661669340902,0.02831537279759366,1
10112_299_none,51,198.39745098039214,578.0228703252084,49.0,2507.95,254137.0,0.018971268215020556,-0.0013813877955154985,0.020443160042051232,0
10112_299_yahoo.com,43,273.0544186046512,621.6988982723341,59.0,2507.95,254512.5,0.03480055597238582,0.018282909702403857,0.017273646766691776,0
10112_315_gmail.com,93,96.7458064516129,80.6410902400403,77.0,433.0,92744.0,0.0061775346787305285,0.011414459004928146,0.0037880484182765163,0
10112_315_yahoo.com,38,70.47684210526313,43.077031070132655,59.0,261.95,257821.0,0.036531138294836306,0.012461642038655428,0.03505553590369829,1
10112_325_gmail.com,94,100.5190425531915,101.62420624975039,59.0,500.0,95523.0,0.03473039569957842,0.0007479331610679534,0.03473039569957843,1
10112_325_yahoo.com,41,58.954390243902445,45.29370747491664,47.0,209.95,240498.0,0.015980209303657948,0.013607950396848423,0.021400263504199962,0
10112_327_gmail.com,35,83.60257142857144,101.96287005832376,49.0,549.99,211599.5,0.034308051184633225,7.544401954304863e-05,0.024097577884836234,0
10112_330_gmail.com,76,83.98131578947368,74.20547644959098,59.0,477.0,78744.0,-0.0025253002587485446,0.01780631996359165,-0.0066404697625619714,0
10112_337_gmail.com,51,145.06372549019608,175.7582208822374,77.0,922.36,169543.0,0.019408950431224245,-0.012311548798120492,0.024286274304371767,1
10112_436_gmail.com,30,92.99333333333331,57.87396756938496,67.95,260.0,407272.0,0.022744693015605826,0.0056558872447156835,0.02959771248854818,0
10112_441_gmail.com,85,106.1808235294118,99.73338025440057,77.0,527.0,90074.0,0.01575982182481787,0.0047341210266682865,0.01837420090978518,0
10112_485_gmail.com,42,96.7642857142857,52.02709034004977,105.95,209.95,190554.0,0.02720045525956668,0.012597548522965407,0.03149550903991458,0
10112_485_none,33,77.19454545454546,70.24336854674175,67.95,448.88,457824.5,0.04474838142415793,0.03016298637348299,0.042723107816804086,0
10112_494_gmail.com,72,92.25472222222223,102.59230465742954,57.95,761.95,95943.0,0.009111150417334558,0.005560876611479113,0.015769644501210826,0
10175_-1_gmail.com,43,48.769,38.82331516762384,32.356,156.651,52423.0,0.02652725845545969,0.028864920284414418,0.019434929390049357,1
10186_325_aol.com,40,109.37525000000001,100.69014211896565,59.0,505.5,170174.0,0.06288044435972759,0.010322992938057815,0.06382322423513312,0
10186_325_gmail.com,165,98.87406060606061,132.89067064364428,77.0,1660.78,77412.0,0.027950943746114103,0.02393296157237739,0.031991347786518146,1
10186_325_none,76,105.15184210526314,95.33336887098272,67.95,554.0,158235.0,0.03342493271290399,-0.003787722930922024,0.030500956104716856,1
10186_325_yahoo.com,111,139.3036936936937,182.36957733352097,64.95,1104.0,65784.5,0.014304672098378799,0.002735296274325283,0.042819163702194074,1
10230_469_none,32,106.60624999999999,67.60298133912069,85.45,312.95,524094.0,0.034947587543723145,0.019687193762171325,0.028991318572748302,0
10258_441_gmail.com,33,68.31363636363635,41.511457477765994,57.95,251.95,92434.0,0.05484295913190918,0.014856033171746781,0.0645058888781066,0
1030_205_yahoo.com,38,114.0836842105263,161.56245397305347,63.975,1044.95,271683.0,0.010242576995241004,-0.00948839869418219,0.06496036350920564,0
10313_469_gmail.com,112,101.345,245.42396831445436,50.0,1922.02,75476.0,0.034659766772437525,-0.01114802646262476,0.028707385820056563,0
10313_469_hotmail.com,32,145.186875,59.44913337454445,143.5,335.0,180299.0,0.03641881979207046,-0.0017680645890920943,0.0408416025581552,0
10313_469_yahoo.com,33,163.6118181818182,141.37162797638788,119.95,554.0,325259.5,0.016984217733424588,0.023048663688817923,-0.0025243079832802037,0
10369_-1_gmail.com,61,36.321590163934424,29.28561570899586,28.76,128.981,115322.0,0.012817199392476237,-0.005239526514535454,0.01615507127784085,1
10369_-1_hotmail.com,59,58.1217966101695,52.583610913519394,35.346,204.315,89511.5,0.030089665674457585,0.016686955142622972,0.003980958466131088,1
1039_123_gmail.com,42,79.93523809523809,106.13321974983667,47.95,509.99,333258.0,0.049615262102130596,0.0044762082145506366,0.04946287877715592,0
1039_264_gmail.com,31,65.03709677419356,29.146847247592763,55.0,129.95,264738.5,0.048901175687253835,-0.018868801306561718,0.05278053747416337,0
1039_315_gmail.com,36,118.86444444444444,185.0172050474773,57.95,1104.0,271995.0,0.024358826063795865,-0.006385353898566336,0.05549923350599286,0
10447_315_anonymous.com,52,94.78749999999998,56.91805502633386,72.5,265.0,217392.0,0.01510074114110349,-0.014164293829020118,0.030306243771988296,1
10447_315_gmail.com,316,134.38518987341772,277.18681244595905,63.95,2217.52,29325.0,0.02344600265088683,0.00943493593569712,0.036140081866431965,1
10447_315_none,141,75.80262411347518,54.536907649324114,57.95,445.0,65615.5,0.034208250461387944,0.0009497289495044511,0.03541751173240355,0
10447_315_yahoo.com,290,90.83624137931035,132.19919808045037,57.95,1104.0,36596.0,0.025486742017126092,0.004584199324163351,0.031356710062719784,1
10462_272_gmail.com,32,123.640625,80.5378632204094,117.0,445.0,196427.0,0.029474375347626015,0.0035109974393440213,0.07330088528849696,0
10471_337_gmail.com,57,75.80701754385964,49.5882081683798,57.95,305.0,173336.5,0.029064350129509635,-0.017710390341419746,0.04880899279694064,1
10471_337_none,51,48.59901960784313,28.389810189013996,35.95,169.0,239726.5,0.06565272298253386,0.010743881765959931,0.03513347611669896,0
10486_126_gmail.com,35,440.4362857142857,935.2092236624632,200.0,4194.95,124797.0,0.013645902375623666,0.010428571351710395,-0.0035985002806427496,1
10486_204_aol.com,42,172.54166666666666,152.76173203978036,103.95,750.0,275896.0,-0.004190248697324185,0.006475770755975663,0.026622078304200568,1
10486_204_gmail.com,70,227.9781428571429,268.87385113412176,112.75,1331.0,170523.0,0.02052374880691151,0.0016670271309702223,0.017107943422892763,1
10486_204_hotmail.com,36,432.33027777777784,493.4903229293588,226.0,2499.62,119518.0,0.001247629761389736,-0.017979528265700283,0.004861855743460854,0
10486_264_anonymous.com,35,243.56028571428573,254.58013928242954,170.0,1083.03,171512.5,0.010242411275691345,0.00217175007501752,0.02312951060406617,0
10486_264_gmail.com,83,295.690843373494,591.9400395477321,100.0,2554.35,59407.0,0.023654550106054856,-0.010914895039456422,0.05119088011104503,1
10486_264_yahoo.com,53,425.31547169811324,806.5117671206184,200.0,4011.95,84256.0,0.03842401964077075,-0.0014248740840409474,0.01517818979027944,1
10486_299_anonymous.com,53,318.3803773584906,371.63914713452414,200.0,1897.95,171809.5,0.0020899590122499395,0.016104371863124786,0.027923980098799324,0
10486_299_aol.com,48,367.849375,785.6698171502196,163.5,4041.08,168862.0,0.012888616199205456,0.001528139060968832,0.035864943266262585,1
10486_299_gmail.com,91,176.949010989011,208.8139879690758,117.0,1152.95,87941.0,0.04047247972606183,0.010046330375787556,0.02185580678388077,1
10486_299_yahoo.com,46,182.30065217391305,230.63325652384145,100.0,1303.38,167452.0,0.018234043361993073,0.0021407112005287013,0.023571456723302513,0
10486_315_gmail.com,52,214.81961538461536,403.2293786274924,100.0,2449.99,141227.0,0.027854667453754298,-0.005367353697130761,0.009205914178902187,1
10486_325_aol.com,31,233.47677419354838,449.4978354634963,107.95,1927.52,284022.5,0.030765196432591603,0.0036367651891674874,0.028345342559230234,1
10486_325_gmail.com,73,171.76246575342466,204.0454459906824,120.0,1248.95,64529.0,0.04201123964192274,0.0015649792748391247,0.03511995784686764,1
10486_325_optonline.net,35,200.77142857142857,151.84373277706746,186.0,1002.0,83470.0,0.04447638242033881,-0.011498624935691398,0.04084594416380167,0
10486_325_yahoo.com,35,329.09114285714287,329.6087583854655,250.0,1639.95,214713.5,0.03177796972192611,0.0008042633536993124,0.03297686569674969,1
10486_330_none,30,91.50666666666666,114.2908269382203,50.0,511.95,417567.0,0.011168671691662253,-0.009669783253368612,0.017543821502031542,0
10509_337_gmail.com,83,81.05698795180723,53.242638288231184,59.0,370.0,100306.5,0.035784345608053436,0.0054820414407477334,0.03513832639200219,0
10568_-1_gmail.com,420,38.15659285714286,34.999883885840674,28.6445,350.805,13726.0,0.0020304629424507236,0.011818422711155956,0.010483101068174357,1
10568_-1_hotmail.com,309,40.31002588996763,32.46113002935205,32.648,177.232,23692.0,0.01884871220683746,0.01268016128426232,0.011066795937840535,1
10568_-1_none,36,44.63280555555555,36.11567775128155,33.891000000000005,117.819,7041.0,0.03939473560457397,-0.0027931761686718765,0.0037459536810518917,1
10568_-1_outlook.com,66,29.170575757575758,22.225347302096456,26.9345,97.457,37980.0,0.016810152659370158,0.008110382489904526,0.024447808798213747,1
10594_325_gmail.com,64,116.11625000000001,90.45050113010707,77.75,500.0,157026.0,0.017668103340558038,0.011224868843284483,0.013677148332699458,1
10613_441_gmail.com,46,96.96304347826086,103.45258020758499,59.0,527.0,193776.0,0.027158583461235272,0.004629940814912581,0.03864799541950766,1
10613_441_yahoo.com,44,114.27613636363635,109.45481762344407,77.0,678.95,172384.0,0.00973724749292302,-0.0004131708613838436,0.02541043604866256,0
10616_-1_gmail.com,32,84.24096875000001,86.72478815608471,64.8575,494.95,240387.0,-0.007783122640000376,0.01096868076081492,0.00268477304331783,1
10616_123_none,30,87.99266666666666,103.99310848748051,40.0,406.22,240797.0,0.03887058583485189,-0.002092590117628537,0.02127475337982416,0
10616_123_yahoo.com,40,215.17475,175.0858876806966,171.0,652.95,272705.0,0.02376266754550955,0.011756512499456806,0.0386533459949125,0
10616_126_gmail.com,74,172.3456081081081,210.65754570743854,100.0,1232.47,160533.0,0.021114991249898993,0.015184193390943613,0.027826263447871705,1
10616_126_msn.com,43,90.6046511627907,36.9393843736136,87.0,226.0,91663.5,0.06724411609947191,0.034840648582682814,0.062466056835496914,0
10616_126_yahoo.com,32,139.3571875,102.12491083944624,103.975,423.43,321525.0,-0.006460356936464254,0.012858077513740795,0.005908659834578986,1
10616_181_gmail.com,46,200.57347826086954,211.07005963626918,100.0,844.95,239259.0,0.018718091268086483,0.0036936447487250154,0.03097651036180476,1
10616_184_gmail.com,31,276.7074193548387,320.43820677485104,200.0,1740.8,317824.5,0.006229765532013272,-0.0047406502677343615,0.0229563548659499,1
10616_191_gmail.com,31,329.92612903225813,304.83564188864267,328.43,924.95,299770.0,0.0486200713255795,0.01059418994528244,0.014307895748089987,0
10616_204_aol.com,32,365.604375,354.07104498900975,272.5,1419.95,158619.0,0.008613813840203773,-0.007536823128927533,-0.004246057314082147,0
10616_204_gmail.com,104,192.1330769230769,236.82692714981727,100.0,1541.0,74406.0,0.013873603033348166,0.006542286126529056,0.014094612532879119,1
10616_204_none,69,164.7504347826087,169.79512058705717,107.95,792.0,76908.5,0.0034126620910284525,-0.002002596178003798,0.006823445014502258,1
10616_204_yahoo.com,56,179.10750000000002,179.63088127612056,100.0,582.69,161487.0,0.020935355569329184,-0.007803553422072142,0.012285596648511227,1
10616_225_gmail.com,33,176.77878787878788,137.14191943092175,150.0,507.0,50926.5,0.002763580160835201,-0.007148967962321229,0.011906484508830632,1
10616_231_gmail.com,38,121.56447368421053,114.10884053341744,98.5,664.0,172184.0,0.009380063321834074,0.008484020533402768,0.04746847666598777,0
10616_264_gmail.com,129,275.464496124031,328.5850611709944,112.5,1678.81,55261.5,0.018701196796169002,0.004775000491259521,0.015543798965585762,1
10616_264_hotmail.com,38,397.64842105263165,554.8024756259339,100.0,2007.95,328577.0,0.019600367363444594,0.016525590363825497,0.009380063321834074,0
10616_264_none,52,347.4336538461539,608.3648376244334,103.975,3584.95,215122.0,0.004571403449011739,-0.01656794235241433,-0.004378265763285604,0
10616_264_yahoo.com,82,342.5073170731707,524.7893713952172,159.95,3162.95,125826.0,0.0020196326747842185,-0.002956037786137452,0.01770524808109927,1
10616_272_gmail.com,38,142.2571052631579,212.45298866867483,75.0,1093.27,277840.0,-0.009587425912521822,0.028338016051339794,0.01693357207668028,1
10616_299_anonymous.com,41,517.6424390243901,874.9391715575193,200.0,4309.19,182088.0,0.011368706147072506,-0.0015388441519725987,0.008657822531758383,1
10616_299_aol.com,31,187.5090322580645,139.65143084756832,155.5,554.0,229050.5,0.023596737651229598,-0.0016762883540144616,0.03699380167709016,0
10616_299_gmail.com,254,341.15578740157486,464.61527592239474,150.475,3163.95,26787.0,0.013299328876591169,0.01457359806185707,0.010337949440061276,1
10616_299_hotmail.com,64,276.24125,381.1063429161702,175.0,2727.19,121002.0,0.0077721083783761705,-0.009509263481358967,0.012208505231505358,1
10616_299_none,131,248.57923664122134,413.5243674491582,67.95,2079.95,80618.5,0.02417542266544616,0.007681085511708357,0.051721472083639,1
10616_299_yahoo.com,123,446.3674796747967,480.2047082566553,344.57,2401.51,80429.5,0.010154003065439818,0.0001412679728859216,0.021234417660300636,1
10616_308_none,31,173.6451612903226,89.87789149625561,146.0,470.0,339943.5,0.012518734980809298,-0.014846731955896267,0.026285323641750104,0
10616_310_gmail.com,50,261.42260000000005,275.4441714453947,112.75,977.0,103553.0,0.01569304466364179,0.003872102445270649,0.012629441516770985,0
10616_315_gmail.com,100,290.29220000000004,547.8974048625892,100.0,2717.95,87136.0,0.015465592206401691,0.0009974882239045246,0.015465592206401698,1
10616_315_none,39,330.7107692307693,479.24438927675976,82.95,1939.95,186083.0,0.036596068696427696,0.029768698599150177,0.023672549293670186,0
10616_315_yahoo.com,68,279.2292647058824,525.7101293721278,117.0,2684.88,163978.0,0.017420450862789323,0.009945778980324942,0.01674869872779145,0
10616_325_anonymous.com,38,472.04684210526324,669.1480509695471,117.0,2467.23,173177.0,0.03196133531982915,0.013660538013479016,0.034395693916986665,0
10616_325_aol.com,73,298.73424657534247,464.11561032835317,117.0,2161.0,129632.5,-0.009070133147960398,-0.0076942799844201375,0.008426905602440148,1
10616_325_gmail.com,242,273.38363636363636,396.5841969413763,117.0,2394.95,24526.0,0.01367282652086923,0.0020328173518951945,0.020650648907753012,1
10616_325_hotmail.com,42,183.79285714285717,273.56239096224397,67.0,1414.95,133873.0,-0.0028811114616173056,0.0009584865853661875,0.0036729937920171526,1
10616_325_none,123,201.92373983739836,358.5068791153184,82.0,2347.65,88860.0,0.008539405073724877,0.0007334270766028647,0.024462822577618577,1
10616_325_yahoo.com,88,234.2171590909091,259.8045777465548,150.0,1343.95,89737.0,0.011294435459038805,0.009723492792905249,0.015272238967441502,1
10616_330_gmail.com,33,247.27151515151513,329.049248530232,107.0,1125.24,150131.0,0.02651250521023104,0.023218541929038543,0.04142663726813584,0
10616_330_none,78,51.53653846153846,36.29675647114275,43.975,171.0,136835.0,0.016696646246455466,-0.00682237429560811,0.02221448470606358,1
10616_330_yahoo.com,30,277.52166666666665,341.03254222125025,174.0,1364.95,277173.0,0.007638740727918189,-0.0057969820791155605,-3.191714108145838e-05,0
10616_387_gmail.com,38,135.76052631578946,100.55896748588987,100.0,524.95,113362.0,0.0255002933857238,-0.0006173403378296957,0.04732026132747028,0
10616_441_gmail.com,33,326.0,284.24506605349825,200.0,1104.0,68815.0,0.027982444846012706,-0.0035574462882251787,0.014241628594865004,1
10616_472_gmail.com,32,150.9846875,173.648168252367,95.0,900.35,162802.0,0.020294219585390037,0.030395671797511382,0.009343267127194112,1
10680_330_gmail.com,45,83.97088888888888,111.13346800276227,49.0,759.95,264986.5,0.0030562629018453247,0.007720054284850432,0.010726920770844965,0
10680_330_none,43,57.63674418604651,87.83496156497483,25.0,432.95,171972.0,0.03275586369995824,-0.008898981823977078,0.019868764371583414,0
10682_299_gmail.com,52,200.3030769230769,414.0976113120899,102.235,3002.95,164768.0,0.008610284135940616,-0.0010761930542163636,0.014598925780092843,1
10682_299_none,43,163.65395348837208,355.3776666245822,78.95,2382.37,269921.0,0.005112021872572932,-0.001200436943696842,0.014434556810674522,1
10682_299_yahoo.com,85,176.5603529411765,120.27025429958648,146.0,549.99,137987.0,0.027116684516036594,-0.0014944842178302824,0.039208826500763905,1
10719_498_yahoo.com,37,118.51216216216216,83.10870397501176,59.0,226.0,375624.0,0.0569542541444411,0.024004788490423166,0.03790716127599559,0
10726_337_gmail.com,40,135.36125,62.52527637633839,117.0,236.95,198066.0,0.05154044532328734,-0.009789620095068834,0.0664175096856458,0
10769_485_none,31,65.2425806451613,73.24039278482711,35.95,301.95,320900.0,0.015518607435152897,0.007825472917618398,0.020227340561805814,0
10776_181_gmail.com,42,107.8009523809524,156.7066176438592,49.5,944.95,165726.0,0.05359713015742903,0.0031405383611489146,0.049302076377081124,1
10776_485_gmail.com,49,44.33142857142857,23.326942117890816,39.95,117.0,219637.0,0.028917498043334745,-0.008296156904674876,0.031462680401641324,0
1078_123_gmail.com,146,98.78657534246575,106.94705200928729,59.0,1022.13,72743.0,0.013018641047372333,0.004798722923747514,0.017811429326179386,1
1078_123_none,71,87.84042253521127,72.10276268732987,59.0,390.0,102617.5,0.007164757729901886,0.0017471597487130203,0.015754111542963214,1
1078_123_yahoo.com,60,116.57650000000002,148.48978433801432,88.45,1132.47,97406.0,-0.00152868844865758,-0.0010898713176189477,-0.0028819221887177587,0
1078_485_gmail.com,59,111.81423728813557,257.47933468633937,57.95,1991.59,189898.0,0.026579828522628263,-0.00178619281453659,0.031409618475640194,0
1078_485_none,74,66.75027027027028,76.51037717945958,42.95,361.95,152125.0,0.08594426582709584,0.0008143576289615963,0.07758004161956966,0
10836_272_gmail.com,40,72.6685,46.33705350742535,49.5,213.0,201455.0,0.02374905345846509,0.0038309799215016233,0.017762950226340127,0
10836_441_none,30,85.63166666666663,30.24912253089152,107.95,117.0,549994.0,0.06503253404828113,0.017573204986782685,0.06775130214095038,0
10838_205_gmail.com,96,83.98020833333334,69.60708672881853,58.95,500.0,131755.0,0.02948991935142928,0.01769703763043623,0.039948074585512125,0
10838_205_none,59,85.26983050847458,43.96770149265872,63.95,226.0,170346.5,0.023081061678822342,-0.005516126043245636,0.03742270304329359,0
10838_205_ymail.com,34,56.04264705882354,21.08624841940463,52.95,107.95,414284.0,0.05107983437081857,0.005285058120500681,0.05236302571888945,0
10847_325_anonymous.com,76,161.5921052631579,35.73115168632303,167.0,218.0,62650.0,0.10238195023968004,-0.006994880764178715,0.07347856645922533,0
10854_444_gmail.com,39,77.69615384615383,53.440805239950116,59.0,311.95,238290.0,0.03683069228300311,-0.00045958869165215605,0.04300172915653722,0
10854_444_none,33,175.30151515151513,125.2945139460505,117.0,554.0,398299.5,0.023718224467431333,-0.020335631738308692,0.014996011821617063,0
10854_485_gmail.com,88,95.01215909090911,69.6156455189503,67.95,350.0,106036.0,0.0015960860233175007,0.008689086494403538,0.011355324200475463,0
10854_485_none,56,54.264821428571416,32.465088281274845,47.95,189.95,195799.0,0.03683559961643398,-0.0024785975824104453,0.03737313431066671,0
10856_226_gmail.com,31,66.58225806451614,49.90563280055393,39.0,159.95,355477.0,0.0020913613071435813,3.0332406462225958e-05,0.020847787456411616,0
10856_264_gmail.com,84,103.76880952380957,113.62456714155867,59.0,770.95,102928.0,0.016852213219597234,0.0040299029252374025,0.013655561792817399,0
10856_264_none,33,73.30818181818182,40.66003237895724,65.0,204.97,242109.5,0.009805698251346341,0.011864928805553822,0.005618749645071565,0
10856_264_yahoo.com,75,84.7072,57.89737955060373,67.95,255.97,149971.5,0.006439092753062477,0.005285370309005024,0.013772708767226399,0
10856_315_gmail.com,41,89.90292682926828,65.49824463274001,59.0,280.0,251312.5,0.004468323737195516,-0.014036896902103087,0.005706763620529784,0
10856_325_gmail.com,140,72.61035714285715,57.92399934903265,49.0,317.5,68659.0,0.03849381826346537,0.011384634409560855,0.03228012690896928,0
10856_325_none,46,54.29391304347825,38.05599698375042,39.0,209.95,169972.0,0.06268040004374512,-0.013589655315602717,0.04816519883973679,0
10856_325_yahoo.com,31,61.957741935483874,28.34249046694532,54.5,117.0,358724.0,0.03402411132489532,0.025254666994860654,0.044451484998561046,0
10856_327_yahoo.com,32,118.71875,96.24985969957307,68.475,311.95,202347.0,0.037107430817927424,0.000511124985000444,0.019292430024875976,0
10859_251_gmail.com,57,229.14578947368423,233.5234446019558,149.0,994.0,161826.5,0.012152607788027903,0.0005701651208710745,0.033647075720638485,1
10859_251_none,52,135.91538461538462,167.0566308110187,59.0,744.95,254170.0,0.05423213204236598,0.009425415291980432,0.055517380573636234,0
10859_251_yahoo.com,31,182.84838709677416,296.19920402516357,107.95,1722.95,284380.5,0.017847915002068032,-0.00428287441707606,0.02837552466137897,0
1085_-1_anonymous.com,39,46.237461538461545,33.713768835897234,38.012,152.379,125842.0,0.03931483678909694,0.009812688155863288,0.03805837244330892,1
1085_-1_gmail.com,62,56.73717741935483,56.97955022992027,35.1345,285.903,143601.0,0.009172586272147204,-0.004637106342318616,0.004054456729066333,1
1085_-1_hotmail.com,78,54.6043076923077,39.50947044090454,39.152,208.449,54266.0,0.018921234867014535,-0.0033905869781818074,-0.0008991862085722634,1
10876_-1_anonymous.com,47,43.2986170212766,34.45032024342595,40.635,191.773,168154.0,0.009658672775720946,-0.009353776514281313,0.005330664670145813,1
10876_-1_gmail.com,282,40.34562411347518,35.3955919862529,30.187,232.013,17966.0,0.005179500778764966,0.0034153732075434227,0.008774327499782127,1
10876_-1_hotmail.com,258,47.60691472868216,41.30115267926719,33.9715,232.013,34100.0,0.02633801491722804,0.008195601714082127,0.021809069388219245,1
10895_485_gmail.com,173,115.60901734104048,179.06628570424135,57.95,1436.0,53177.0,0.019767700159986717,0.003003003783789284,0.028136531402756466,1
10895_485_none,101,78.13445544554455,176.3641473942184,57.95,1789.81,98553.5,0.029365579311270307,-0.006054279911443968,0.04863715599664334,0
10895_485_yahoo.com,52,100.1,98.006901738916,55.45,411.95,218707.0,0.04568512349535745,-0.012377282432714392,0.04568512349535744,0
10908_476_aol.com,36,108.81944444444444,49.77423373730431,108.5,226.0,197819.0,0.05680318531694529,-0.005054168410682812,0.03708577082360318,0
10908_476_gmail.com,57,172.0752631578947,318.5601925335869,107.95,2446.99,167044.5,0.019273491708844882,-0.006250431166038035,0.012870085336000793,1
10908_476_none,65,64.686,50.69460228587533,47.95,335.0,155223.0,0.04040416655356019,-0.0022146694489127844,0.03356655971595335,0
10908_476_yahoo.com,61,81.2222950819672,49.418203302866225,59.0,226.0,158439.5,0.012817199392476223,0.003284433508237119,0.0038954523646790203,0
10925_204_gmail.com,35,99.26742857142858,148.34910777993255,47.95,774.0,337401.0,0.021446895317421347,0.006527096358714048,0.015097688968214985,0
10930_143_gmail.com,37,117.13756756756754,147.73177658514163,58.95,687.0,259848.5,0.013015753211996182,-0.006561137205394051,0.03499651013521605,0
10948_433_gmail.com,38,81.92631578947368,34.06041794571991,87.0,200.0,175574.0,0.028681451315333735,0.019620945229051952,0.03567632770062668,0
10960_184_aol.com,41,134.41463414634146,45.1289348583757,136.0,226.0,100334.0,0.06275325008975584,0.011104456142463873,0.05002829110211077,0
10960_184_gmail.com,30,220.398,308.9539833416405,67.0,1104.0,172714.0,0.023140219318720463,0.003318800470818256,0.02135709673928258,0
10960_191_gmail.com,88,85.56772727272728,74.19245339176523,57.95,390.0,135527.0,0.04416999294171383,0.013010493804382371,0.057057092270088657,1
10960_191_none,44,59.45227272727272,44.763013540180104,57.95,261.95,266585.0,0.05209104885418677,-0.0065724499685603024,0.07835980385722568,0
10960_204_gmail.com,79,107.7940506329114,95.20626549054249,59.0,524.95,88111.5,0.04403052288715566,0.00146235943008843,0.04121758336535537,1
10960_204_none,53,99.80943396226414,61.30381429282694,107.95,311.95,103968.5,0.02000384320031695,0.006647547276045877,0.015810971082916535,1
10960_204_yahoo.com,51,100.19607843137256,116.25740598932353,69.0,664.0,146980.0,0.03359739864888615,0.018171382985282085,0.03359739864888616,0
10960_272_gmail.com,67,111.92895522388059,141.97616151737216,92.0,1044.95,126297.0,0.020590626773220627,0.002732348871606727,0.02636771037359275,1
10960_272_yahoo.com,32,118.94,85.68439089910134,87.0,295.0,364313.0,0.013568943478969316,0.0011515077702801274,-7.417103567247674e-06,0
10960_441_none,34,86.82352941176471,89.81130401413691,57.95,475.0,273038.0,0.01840009580872705,0.007199510504353877,0.010159479882001332,0
10989_123_gmail.com,40,42.655499999999996,31.300116289720076,30.95,201.95,240351.0,0.045984889767731775,-0.005012744449160611,0.00921044855498309,0
10989_126_gmail.com,38,93.82368421052632,45.655771147338776,100.75,157.0,17524.0,0.022729552487149612,-0.013051537912831996,0.03549064428000039,0
10989_191_gmail.com,52,77.60326923076921,131.09283948527522,55.45,989.77,228282.0,0.04074176678212913,-0.012562078529176176,0.024149565049122676,0
10989_204_gmail.com,38,102.28684210526315,132.57618995377445,48.475,514.95,181835.0,0.023592066160556542,0.009076027220789151,0.02359206616055655,0
10989_264_gmail.com,77,55.52714285714285,33.40904935567191,47.95,209.95,158022.0,0.02326816200310726,0.004113668730236112,0.01117406972122359,0
10989_337_gmail.com,69,93.65420289855072,71.95281268546864,59.95,399.03,94890.5,0.020967865390629142,0.0004088294467457093,0.023437651746054486,0
11027_325_gmail.com,44,144.33295454545453,198.52231917778215,88.5,899.95,160482.0,0.03892949873665529,-0.017367592810899647,0.025135985259505923,0
11106_184_gmail.com,30,253.99466666666666,260.859265489182,107.95,990.95,357307.0,0.023431356791593284,0.005401835918647596,0.021961417155811604,0
11106_184_yahoo.com,32,261.773125,213.74631282547165,130.45,781.95,353116.0,0.026456042807344142,0.017627174844691187,0.03891325329634127,0
11106_204_gmail.com,40,471.90749999999997,948.176781135116,103.975,5279.95,178174.0,0.005188379204317639,0.005322067853865069,0.02023921630663577,1
11106_299_gmail.com,54,362.4031481481482,526.0371063866546,169.975,2741.95,135190.0,0.006400842193247873,-0.011700046481623403,0.0015047263239385406,0
11106_299_yahoo.com,34,210.03176470588238,180.25921122699927,154.975,733.95,292623.0,-0.007643194317731687,0.009053074146770416,0.01397665950175038,1
11106_337_gmail.com,68,291.3416176470588,516.6732020157488,121.0,3786.27,135903.0,0.003861599399416625,-0.009711641139562525,0.0009962862084962748,1
11106_337_yahoo.com,37,203.71783783783786,228.4882431079733,150.0,1164.95,147066.0,0.0018711252399595604,0.00339191610767918,0.04386756849156854,0
11116_512_comcast.net,41,87.60975609756098,40.627323527568024,87.0,191.0,87738.5,0.05443982303954201,0.0024832251986928455,0.034295247309929916,0
11127_337_none,33,38.63484848484848,32.190956015928876,40.0,209.95,348769.0,0.08044544782372157,0.001669369395759332,0.05528747187998071,0
11145_315_none,32,64.45625,51.308597217596,57.95,311.95,381895.0,0.06588699815621926,-0.0036272792398692397,0.03894048147043016,0
11157_191_gmail.com,66,64.82015151515152,84.59375667363912,33.95,557.0,159240.0,0.007424698967389669,0.005193394432111753,0.016267683474315675,1
11157_191_none,56,61.95803571428571,40.40549906968299,50.975,280.0,168860.0,0.03628445083515681,0.013435795964137971,0.05462076244858346,1
11157_204_anonymous.com,39,104.37051282051279,120.69930571356663,59.0,660.0,263424.5,0.03805837244330893,-0.010964302228774404,0.03805837244330892,0
11157_204_att.net,85,64.67411764705882,18.066880019339752,59.0,117.0,73442.0,0.0941970352044942,0.0007684624644425687,0.07689038785363014,0
11157_204_gmail.com,309,131.94828478964402,298.3581691822264,57.95,2590.5,29009.5,0.03540799476950142,0.009343991319025476,0.043497657872176534,1
11157_204_hotmail.com,38,85.90342105263157,57.47985401202553,59.5,280.0,245210.0,-0.01139170752587921,0.03587159745157887,0.02341408581912756,0
11157_204_none,146,91.67027397260274,89.54561564223486,59.0,610.95,69612.0,0.02556210458589865,0.0100229870030802,0.028993609782552165,0
11157_204_yahoo.com,122,147.9787704918033,238.0310112065848,59.0,1819.09,84365.0,0.033944821954800114,-0.0014887334320798015,0.06885482233240074,1
11157_251_yahoo.com,34,149.38823529411764,99.09134456386214,108.475,335.0,277028.0,0.025428182085526878,-0.006071212830655835,0.023500466776546998,0
11157_433_aol.com,36,118.24444444444445,125.34441815884843,107.95,729.0,344257.0,0.030558893744057618,0.019806422094867895,0.06265052481398223,1
11157_433_gmail.com,237,105.65350210970466,188.42572882799126,57.95,1941.44,44280.5,0.03948038187534187,0.010062134110538256,0.034426917811738574,1
11157_433_none,82,103.59207317073174,85.85328753081214,61.95,395.6,97749.0,0.012003761646045868,0.008740510865467982,0.014713788746316878,0
11157_433_yahoo.com,141,117.21815602836878,233.52474413701717,67.95,2590.5,66876.0,0.004069270948727135,0.005295999924842303,0.04171132295315401,0
11160_299_gmail.com,73,96.12767123287671,77.74303632684133,67.95,445.0,149466.0,0.025417323732549974,-0.0005099272460801323,0.0125484882562515,0
11160_299_yahoo.com,33,145.66484848484848,126.35250484071338,97.0,445.0,258883.5,0.023139069449968845,0.001213540794970526,0.0278460434544456,1
11162_299_gmail.com,156,148.65153846153845,157.42147572090016,117.0,1564.95,63781.0,0.02424049823558257,0.012184363297025245,0.0315726287615605,1
11162_299_none,54,159.2294444444445,179.5951845268879,107.475,710.95,189802.0,0.009799147868425756,0.013266786936368236,0.026416528521636985,0
11162_299_yahoo.com,117,128.23606837606837,310.65625954274503,82.95,2549.2,93636.5,0.012457300530174149,0.0033810520493069603,0.021755352796682653,1
11162_485_gmail.com,39,42.177948717948716,15.455907206861516,35.95,97.0,250314.5,0.0616050442201091,-0.006920630625757512,0.057398126454466826,0
11201_-1_anonymous.com,81,45.468172839506174,35.423121627292794,34.863,214.128,99331.5,0.011198414824478427,0.002773899134478352,0.012637947238491723,1
11201_-1_gmail.com,486,40.91983950617284,33.09430065361738,31.599,268.265,14222.0,0.016310802542452915,0.0023012579672176074,0.021694561194929428,1
11201_-1_hotmail.com,496,51.66800403225806,49.40268586913733,37.1155,432.819,14638.0,0.02637204225602751,0.001474497016063482,0.015170911462639613,1
11201_-1_none,40,47.38674999999999,52.699345426081905,33.7455,264.64,4165.0,0.04135850000053729,0.015533541425721373,0.04622739178010537,0
11201_-1_outlook.com,41,37.71065853658537,29.95030570926655,29.267,129.426,277757.5,-0.0043643376451083515,-0.0013235703136878982,-0.008018833152870938,1
11201_-1_servicios-ta.com,31,10.100677419354838,3.8148137094591146,9.775,19.551,227478.0,0.08783176232181333,0.008387654051449318,0.08783176232181333,0
11201_-1_yahoo.com.mx,51,65.44531372549021,57.23746909646025,45.495,251.347,252139.0,-0.0011105559453996883,-0.006347232235830384,-0.007835187861307092,0
11204_272_aol.com,43,92.4360465116279,45.71730923227763,92.0,226.0,88072.0,0.03275586369995824,-0.0031942971866668057,0.04073357562200611,0
11204_272_gmail.com,81,78.85802469135803,74.11425674516529,54.0,315.0,126200.5,0.0386332570741355,-0.013847371934124235,0.0538541794825674,0
11204_272_none,82,74.3830487804878,79.4062726785796,59.0,735.51,127236.0,0.046522792875679786,0.00030747183703023345,0.048608471196438185,1
11204_272_yahoo.com,69,83.69362318840581,103.63819719947162,59.0,664.95,124626.5,0.044543321352911544,-0.015539401993132997,0.04302810089838437,0
11207_126_anonymous.com,92,103.77554347826086,72.21653513180871,88.25,350.0,70064.0,0.007804884686175507,-0.0012666114983235326,0.013418379028867219,0
11207_126_aol.com,72,117.91097222222223,126.34573672796627,72.0,683.0,87538.0,0.022489737579674558,-0.003819276761091353,0.02362056311927588,0
11207_126_comcast.net,30,140.23833333333334,113.65547134749924,110.47,445.0,322599.0,-0.0017806771842562644,0.005757371640527718,-0.003895124860396469,0
11207_126_gmail.com,299,141.09083612040135,228.8264367363791,92.95,3080.97,28197.0,0.011125596616246828,0.0073773826962673355,0.013650812860041816,1
11207_126_none,181,95.37994475138122,105.97922740534302,59.0,809.0,42215.0,0.015457098663085797,0.001739299888697459,0.013203859704634231,1
11207_126_yahoo.com,138,172.47202898550725,407.9472805083324,67.95,2569.95,77146.0,0.009267016800846961,0.0014638048673873416,0.016812051104593863,1
11207_204_aol.com,47,100.09936170212767,108.72084954195535,59.0,664.0,102404.5,0.04122536207563125,0.000769273902678759,0.0459534944633381,1
11207_204_gmail.com,254,144.1224409448819,161.14823423541256,86.45,1104.0,31493.0,0.020227371948443033,0.002388910888328882,0.0269206506863656,1
11207_204_none,62,127.93774193548386,84.62538047599901,111.45,370.0,105939.0,0.023794946551900766,-0.011344677567290608,0.037225974502989395,1
11207_204_yahoo.com,97,181.63896907216494,314.2455421576375,82.0,1761.0,102450.5,0.010769829815743055,-0.0027975422978214863,0.015506793896945873,1
11207_231_comcast.net,41,105.07317073170732,53.95092180044001,97.0,295.0,83850.0,0.047125320744997576,0.002725727211066453,0.04712532074499759,0
11207_231_gmail.com,117,82.36931623931626,63.80607574593954,59.0,349.95,56089.0,0.036101817612548284,-0.0016220333759487844,0.018906596568925207,0
11207_231_none,57,52.86035087719297,42.79242538174629,42.0,226.0,212560.5,0.0652059292771448,-0.014011222812468676,0.052803870807136034,0
11207_324_yahoo.com,37,62.82918918918916,42.09383471441165,47.95,201.95,335902.5,0.02049603254541478,0.019926302848475762,0.01865235176910835,0
11207_325_anonymous.com,38,134.52894736842106,119.1372161525364,101.0,445.0,247633.0,0.02107596975458262,0.011662869703107925,0.03048573292869112,0
11207_325_aol.com,144,114.05062500000001,99.72913732134342,98.5,554.0,84027.0,0.02774062944119289,0.017707894142986652,0.033886240773276816,1
11207_325_gmail.com,380,137.3388157894737,196.42076277435842,87.95,2244.95,20821.0,0.016111234233904953,0.009420008390012478,0.029335781085701194,1
11207_325_hotmail.com,35,244.86914285714286,415.57289180373937,117.0,2390.65,308837.0,0.01762777043092211,0.00914538000363952,0.03285626459204189,1
11207_325_none,234,124.4617094017094,248.4683554867189,59.0,2079.95,37980.0,0.03310635064023576,0.0013954840829193717,0.021186461959499536,1
11207_325_yahoo.com,261,129.3211111111111,158.16838160931857,68.95,1100.0,43827.5,0.024486347299560986,-0.0007543905085614609,0.027492228148648976,1
11207_330_gmail.com,138,141.6757971014493,253.5196807293632,68.45,2310.95,78342.0,0.01300765411531303,0.0034580694145698934,0.03137675971199941,1
11207_330_none,80,85.602125,71.14906504469594,59.0,445.0,129010.0,0.010479578376932759,-0.007987967342481677,0.01586655271383245,0
11207_330_yahoo.com,68,87.49823529411765,139.18465180071334,51.985,1119.76,163296.0,0.01711310839486959,0.0023251901945797737,0.028602881976856738,0
11207_476_gmail.com,38,88.11263157894736,66.91665639884519,59.0,389.23,307268.0,0.014614927820477248,-0.013005939122398932,0.02364403896646148,0
11207_476_yahoo.com,44,155.9865909090909,329.5434207212319,53.45,2161.0,174029.0,0.015403975256436865,0.0026628313089114217,0.01506220333258472,0
11218_184_gmail.com,298,142.45087248322147,329.86382304155114,97.0,4191.0,32814.0,0.02022011338874436,0.01480147980639989,0.0362786118615771,1
11218_184_none,111,92.52279279279281,69.54700399206554,67.95,335.0,90691.5,0.0032013092251443227,0.0010721920555845504,0.011058699283844179,1
11218_184_verizon.net,49,128.0408163265306,205.45086052175478,59.0,1332.15,245998.0,0.026514219565489078,0.0070600905947522385,0.05208231035397223,0
11218_184_yahoo.com,126,103.87746031746036,87.26355009110272,82.95,702.95,72264.0,5.627881615830055e-06,-0.0031335681552060145,0.009678576074369952,1
11218_324_aim.com,30,83.43333333333334,23.731390369906457,92.0,141.0,22199.0,0.07528320864344512,-0.011189655371214274,0.06698034334663586,1
11218_494_gmail.com,36,97.09777777777776,90.84709516884557,65.96000000000001,500.0,241629.0,0.03844482136699429,-0.0023094568568506266,0.046463033000148694,0
11233_204_aol.com,34,176.38235294117646,203.10420640442075,115.475,1104.0,348035.0,0.00370782754283034,0.02334922436949028,0.02151050174256333,0
11233_204_gmail.com,64,165.90968750000002,315.31446961708303,108.225,2533.53,152615.0,0.0062496471133773115,-0.0027444233455857087,-0.0036191196747156484,1
11233_204_yahoo.com,35,180.364,203.9254298470049,107.0,1065.29,270392.5,-0.0014619906807883526,-0.015630924124715482,0.0065017454298085045,0
11233_272_gmail.com,56,208.21964285714284,190.36676693541833,145.5,994.0,146969.0,0.028885477592881584,-0.008768091568345654,0.02320802112966021,1
11233_325_gmail.com,37,50.67567567567568,38.50030119506898,39.0,226.0,73643.5,0.0710325461712521,0.004314602171169947,0.06502654016524609,1
11279_502_gmail.com,54,86.15314814814813,64.81115935644263,58.475,335.0,154595.0,0.017060661262918643,-0.015696272729188686,0.01962295405217089,0
1129_-1_hotmail.com,31,46.97677419354839,44.69075842816382,33.534,167.665,164232.5,-0.004848237138407013,0.002729006687216727,0.018787768538931486,1
11306_272_gmail.com,33,59.71575757575758,45.73403752198621,49.0,200.0,316464.0,0.015787080880777148,0.008144371152370516,0.01933398572815278,0
1137_299_yahoo.com,57,180.53456140350875,72.09779447852259,166.99,445.0,218699.0,0.07300320023231047,0.010349449778332326,0.07182333284739686,0
11408_-1_hotmail.com,36,43.22319444444444,33.900766700457645,33.0535,136.67,227842.0,-0.005936722976950276,0.007417297131125107,-0.011937741402032097,0
11453_251_gmail.com,35,105.68399999999998,141.0755712010917,55.0,792.95,222663.5,0.042982453763656094,0.01186414809630875,0.042982453763656094,0
11516_269_gmail.com,30,94.87033333333332,86.16011143923981,59.0,400.0,258084.0,0.028911048712560707,-0.0005727179997828818,0.030027601327925875,0
11555_330_none,32,56.5625,60.653182882269256,45.0,275.0,177018.0,0.0790600478451623,0.019657011660022573,0.05351798138517604,1
11556_181_gmail.com,31,171.81129032258065,183.92058801316742,98.95,774.0,421191.5,0.013058881780443787,-0.00642716076336549,0.02634568784604758,0
11636_299_gmail.com,33,131.82848484848486,181.3502689694175,97.0,1009.95,395031.0,0.015464345615578946,0.0187957591629538,0.03808988734028163,0
11636_299_none,39,128.5782051282051,110.41441272679974,107.95,554.0,346365.0,0.03261320036906996,0.018461147273723222,0.034147430637584124,0
1164_-1_gmail.com,197,36.10237055837564,32.286522288440665,28.662,250.457,43268.0,0.017658625388397155,0.006979219862439528,0.008808195432692952,1
1164_-1_hotmail.com,138,40.453833333333336,28.909563916618215,31.237,132.12,76824.0,0.01549562204534552,0.01084106704393284,0.018087168069847358,1
11727_485_gmail.com,53,71.97132075471697,37.61740991142646,73.95,171.0,266635.0,0.03208357728993375,0.012974276570972547,0.025845403288569484,0
11727_485_none,31,54.077096774193556,31.050418333221437,35.95,149.89,509588.5,0.030735014330442866,0.021786985578660274,0.037363326312170396,1
11727_485_yahoo.com,44,80.7772727272727,49.67818596470489,82.95,226.0,259319.0,0.003856846565535428,0.004820382419850999,0.009737247492923012,0
11728_299_gmail.com,38,199.82973684210523,323.16480291743966,107.95,1914.84,183188.0,0.02140464897680197,-0.012207166786851433,0.047035851831958554,1
11815_315_gmail.com,41,65.9890243902439,73.18026399291394,47.95,445.0,215697.5,0.003804431049172212,-0.013927325368555753,0.0030852254979279875,0
11815_325_gmail.com,37,106.84351351351351,131.61432962763172,59.0,664.0,38601.0,0.026502038551420783,0.03616308476011241,0.02899050412921004,0
11815_325_yahoo.com,31,108.63193548387096,98.1347624580888,59.0,390.0,74038.0,0.03218483256479205,-0.007668212473818027,0.016938243567353337,0
11815_330_gmail.com,42,229.2119047619048,137.9562490211695,226.0,554.0,178060.0,0.021268826247044903,-0.004316909259242552,0.033218325621926455,0
11817_299_suddenlink.net,30,69.26666666666667,48.913483712457946,54.0,280.0,352820.0,0.07522095909590149,-0.0053483759433897715,0.10026635469396555,0
11837_-1_anonymous.com,50,34.6731,37.39053681093653,24.7445,237.069,77023.0,0.006152892755644748,0.032248262932602925,-0.002837395084001066,0
11837_-1_gmail.com,70,38.64375714285714,30.61416646514006,30.1295,149.015,88135.0,-0.002758628913773674,-0.002055814265994431,0.007060213291894962,0
11837_-1_web.de,67,36.601537313432836,19.249453930094138,30.003,90.007,103372.0,0.018722126674783922,0.00011796960917927202,0.02883419196476652,0
11839_123_anonymous.com,33,68.21484848484849,54.432399505130526,47.95,310.0,433153.5,0.015206166741138519,0.014386590483913539,0.03141676934771156,1
11839_123_aol.com,39,523.9405128205128,1228.7123077995918,100.0,4577.7,230017.0,0.014529910703700077,-0.01980772995413234,-0.00478869501087608,0
11839_123_gmail.com,217,133.56276497695853,246.7576301244056,59.0,1554.95,44572.0,0.02300385920553541,0.003825291716871366,0.03362592707965235,1
11839_123_none,141,114.6436879432624,225.06602372331997,59.0,2138.61,74249.5,0.02595088166079782,0.00209222780742584,0.026587376848645775,0
11839_123_yahoo.com,122,109.60918032786887,273.5699949771304,58.95,3031.58,73257.0,0.03186240734167928,0.006440762314559815,0.03608518677335211,0
11839_203_gmail.com,33,122.06818181818181,86.03073518629384,107.95,504.95,132872.0,0.015145277999701869,-0.004246057314082147,0.024487231602877198,0
11839_226_gmail.com,31,63.20483870967742,49.9781990453107,39.0,226.0,289816.5,0.02682547044138458,-0.00626052238558001,0.04536115643327577,0
11839_269_gmail.com,99,108.88848484848486,78.78222879858117,107.95,511.95,104874.5,0.036301690232372986,0.009384366799479196,0.03511203464200971,0
11839_269_none,48,123.97291666666668,101.5104910210092,86.0,445.0,170755.0,0.05195451769048912,-0.006641193175891173,0.006178246792394822,0
11839_269_yahoo.com,44,82.88977272727271,54.761773930719734,59.0,213.0,252645.0,0.007634702113262566,-0.01645287326396197,-0.0023537276420707506,0
11839_420_gmail.com,49,143.47857142857146,200.4197027362778,77.0,1224.0,241100.5,0.02253235151019066,-0.004720830342866734,0.04125984025757631,1
11839_512_gmail.com,168,137.9422619047619,204.314126355025,77.0,1973.0,69681.0,0.017654543880932842,0.010587764328034887,0.014606380570141402,1
11839_512_none,86,95.40639534883722,50.63922484419013,101.0,261.95,153546.0,0.02705242820791136,0.0069064729760415396,0.03735554820812083,1
11839_512_yahoo.com,38,111.8323684210526,111.56934943730856,54.5,445.0,298214.0,0.031348246602098055,0.007608933217039947,0.025171614163504434,1
11849_126_yahoo.com,31,95.6774193548387,39.044339639138464,108.5,201.0,259927.5,0.08094440790212568,-0.010366886754572521,0.08366317599479489,0
11849_330_gmail.com,92,85.01119565217391,83.60313569169197,59.0,554.0,88868.0,0.019882179372165843,-0.007435864913598666,0.019267454127464712,1
11849_330_none,74,53.0472972972973,37.508856514425,39.0,151.0,78970.0,0.022881202764032774,-0.01020483799696897,0.0516139599147097,1
11852_264_gmail.com,38,84.69131578947368,69.84809175598792,62.95,390.0,270534.0,-0.0008869939887569608,-0.019932631235200816,0.017796085750087204,0
11868_448_none,47,150.7,71.15397971854586,139.0,335.0,302940.5,0.026455733538056823,0.008441144617487371,0.03248116376050941,0
11893_315_yahoo.com,30,60.229000000000006,34.144029575705716,47.95,141.0,427139.0,0.04995446877187409,0.014686027681347441,0.055842004061435836,0
11899_204_aol.com,36,71.80166666666668,53.063397590890176,59.0,226.0,278735.0,0.03211182729225393,0.008439194884338717,0.011631881303988567,0
11899_204_gmail.com,103,113.72135922330098,211.8455917817876,67.95,2146.95,88399.0,0.008757667920052826,0.0023956391099191066,0.009544355469133795,0
11899_204_yahoo.com,45,72.89444444444443,70.47605644016998,43.97,325.0,223354.0,0.04836762767145482,-0.0053469465238966465,0.024737064808038396,0
11900_191_gmail.com,74,79.46756756756757,87.04758850395307,47.95,511.95,141476.5,0.04038468335683704,0.0041372068859853,0.05013853230593977,0
11900_191_none,70,77.63099999999999,81.9343159950178,57.95,527.0,169776.0,0.04546473912180299,-0.0013185186164443516,0.04833005456173624,0
11900_191_yahoo.com,47,143.333829787234,127.82828095090946,67.95,436.95,303338.5,0.04536826308888424,0.0010000740653155205,0.03328896941806318,0
11919_126_gmail.com,35,113.48114285714286,240.95917971748335,50.0,1464.95,265739.5,0.015097688968214985,0.0018183632320611376,0.01866392323694649,0
11919_264_gmail.com,77,95.47077922077922,74.81308906532809,67.95,445.0,91681.5,0.01855942887645435,0.0026900391450030148,0.021278196969123586,0
11919_315_gmail.com,31,240.64193548387095,108.48924883315826,226.0,614.0,219555.5,0.03402411132489532,-0.018689845863296535,0.03247405710490093,0
11919_325_aol.com,37,195.01351351351352,315.17612486076706,107.95,1861.0,269220.0,0.01430532281496185,-0.01575101663928313,0.02465835777511436,0
11919_325_gmail.com,97,108.34360824742268,133.04487923668563,59.0,842.0,111528.0,0.011041548826134753,0.011012243094044121,0.00960920322055488,0
11919_387_gmail.com,36,65.54833333333333,151.7914072831529,29.0,947.0,76705.0,0.06441290302854916,-0.0016085352466590763,0.0554992335059929,1
11925_512_gmail.com,163,106.35509202453989,148.6300637968488,59.0,1301.0,56161.5,0.02331564610993911,-0.00479919931566752,0.02195231959323836,1
11925_512_hotmail.com,37,98.44351351351351,89.96656592841876,59.0,335.0,322626.5,0.00077343868510419,0.014134729089764562,0.01630299112533294,0
11925_512_none,93,124.97172043010751,238.17481267493218,77.0,2120.92,76233.0,0.011866178634353231,-0.0020649179873279133,0.0326806831788197,1
11925_512_yahoo.com,54,98.79796296296296,100.55410381480522,58.475,585.99,211497.0,0.03765581799298597,-0.011693799898199152,0.0232892665074172,0
11942_310_gmail.com,66,228.90227272727276,312.55852172418923,93.5,994.95,174550.0,0.03924936051044177,-0.007412087087014112,0.054818160235939536,1
11942_310_yahoo.com,32,128.54000000000002,74.23234882785266,108.45,311.95,360289.0,0.009977421804873259,-0.004737754941286941,0.011162703692652397,0
12002_191_gmail.com,212,103.22216981132078,201.10040855913348,58.95,2161.0,51769.0,0.030232564680881414,0.009817384106211781,0.022895038475430684,1
12002_191_none,38,138.57105263157894,354.61045336500456,84.725,2281.0,330032.0,-0.00373947269614755,-0.017760271039484903,0.019652340169349525,0
12002_191_yahoo.com,52,101.88307692307693,113.12347167753781,59.0,714.99,148153.0,0.026374153669681752,-0.0067166828772327845,0.026374153669681752,0
12037_231_aol.com,31,71.13645161290323,26.57107359376128,67.95,160.5,400150.5,0.049810847121968545,0.018513829551525973,0.03844361991143936,0
12037_231_gmail.com,160,113.40225000000001,163.4885871244152,59.0,1692.35,71850.0,0.03672079885657121,0.002425112881349119,0.03044940410106977,1
12037_231_none,63,118.20571428571428,144.0135200411702,72.95,844.95,166346.0,0.02853928678784523,-0.004084037691307864,0.03989809492327427,1
12037_231_optonline.net,30,98.87099999999995,137.16425759771872,54.5,794.95,114812.0,0.022535898902191424,0.005757371640527725,0.020608183415751442,0
12037_231_yahoo.com,109,121.14752293577982,137.8889122829004,57.95,994.95,80069.0,0.034250364226545496,-0.003966309441996763,0.058074801926071784,0
12067_220_aol.com,34,172.01470588235293,70.21442843324733,169.0,365.0,103492.0,0.03638756610492184,-0.0013271711306327566,0.04564228191000939,0
12116_330_none,50,22.276,23.41956498315031,15.0,100.0,264610.0,0.08972872810135168,0.017312481110637323,0.12593554667601542,0
12116_448_yahoo.com,38,93.89473684210526,61.128333284933476,59.0,226.0,181717.0,0.04304415303484658,-0.002336798780173087,0.03800674068597432,0
1214_123_none,30,293.49,341.9852533662819,149.0,1454.02,223423.0,0.022453555542733004,0.0022475344886983967,0.049551149269393614,0
1214_181_yahoo.com,30,293.23333333333335,144.82787101322114,335.0,554.0,457824.0,0.05764522045278846,0.0016305191402065794,0.05486420281257553,0
1214_184_none,37,145.11621621621623,298.7194852931276,25.95,1000.0,299371.5,0.0016485260014670114,0.016721880178103103,0.02964299220708031,0
1214_330_gmail.com,36,362.2788888888889,531.6710323685846,150.0,1961.0,191408.0,0.01772756015400851,-0.019136282176432474,0.025911759611992193,1
1214_330_none,46,81.60173913043478,94.0772112659815,50.0,400.0,169254.0,0.03186731658788817,-0.0068825298555748905,0.03972470664658804,1
12163_204_aol.com,60,119.38083333333333,141.92801024100993,92.0,1104.0,158084.0,0.037513224730972336,0.0024877580164909575,0.061427140152131215,0
12163_204_gmail.com,52,134.22961538461539,162.03708923673497,71.45,1104.0,191512.0,0.010827236867599226,-0.0011766937774308206,0.010130156253786264,1
12184_-1_gmail.com,137,36.87192700729927,24.7282052499809,29.733,126.64,62872.5,0.018214056482564203,0.0006754468054709709,0.009510338341070318,1
12184_-1_hotmail.com,99,42.00976767676767,33.03199971617002,27.37,154.13,69447.0,0.007949131139716854,0.00433382102285924,0.01917247569639475,1
12208_264_gmail.com,38,62.49815789473681,60.518120768440006,43.475,350.63,296335.0,0.05293577785423776,0.005388665668176307,0.0618609433884121,0
12211_433_gmail.com,74,104.45864864864866,109.87413623956307,63.975,581.95,150180.0,0.044409057933880086,-0.004604914704300536,0.04925574171318953,0
1222_315_gmail.com,44,91.71977272727273,103.30102202892803,57.95,500.0,175868.0,0.018913812408266187,-0.006237277814648473,0.01667019236595594,0
12260_204_gmail.com,239,110.90251046025107,155.21276861180303,59.0,1417.07,40860.5,0.0171350832960043,0.012107532175137683,0.020913753454998858,1
12260_204_none,78,119.19307692307694,138.41890337322198,59.0,784.95,127719.0,0.05715716787887515,-0.008258943345350725,0.06709381378739575,1
12260_204_yahoo.com,124,97.88750000000002,109.62809736401168,58.975,974.95,87166.0,0.029309576528863842,0.0008416512595565834,0.0225408244847308,0
12318_299_gmail.com,54,90.52777777777777,48.040339594918166,59.0,226.0,10328.0,0.05927437035163539,0.024449861443910766,0.07004809077296018,0
12321_469_gmail.com,30,177.427,190.96249888656146,114.995,799.18,301675.0,0.01766052739775304,0.01984336694372614,0.00059249708736233,0
12322_299_gmail.com,35,72.93542857142856,41.30629314508571,58.95,255.07,260078.0,0.026653602808706288,0.005328200383890445,0.03136233593535919,0
12382_433_gmail.com,71,81.97943661971833,69.23791467001021,59.0,405.97,80223.5,0.034508550570189395,0.005337396709883112,0.03611856890617786,1
12382_433_none,42,124.44642857142857,180.56587399486816,59.0,1035.03,146261.0,0.037724114284413156,0.020544284074377604,0.051751758030447466,1
12382_433_yahoo.com,46,177.50782608695653,231.10592220426284,59.0,884.0,244602.0,0.030998957942624673,-0.010891631587804422,0.006790209503928286,0
12396_330_gmail.com,41,85.33780487804877,76.2946474647259,59.0,445.0,264619.0,0.03343138340275241,-0.001309956226643455,0.04906719722486581,0
12396_330_yahoo.com,35,50.20285714285714,38.81806351035401,35.95,200.0,312688.0,0.03679599058324894,0.006611391731961354,0.009031826892515603,0
12449_143_gmail.com,30,189.6703333333333,641.4411548925505,57.95,3618.31,325264.0,0.019409287440927854,0.020660581599777905,0.003699014736711158,0
12449_143_none,45,116.33888888888889,242.86457544366596,54.47,1205.95,185204.5,0.03819929643574925,-0.0003637626080870912,0.040918064528418494,0
12449_143_yahoo.com,30,96.43166666666666,73.507411738923,65.45,250.0,284527.0,0.03347518893221151,-0.012006870027266033,0.023369107244049607,0
12469_204_gmail.com,41,87.15170731707316,117.5858663711579,59.0,774.0,206269.0,0.015972324826302814,-0.00589550373270456,0.013134264839851924,0
12469_251_gmail.com,48,53.041666666666664,39.91329578668687,44.75,226.0,173123.0,0.0637354386281081,0.013683772667997834,0.03866281485595512,0
12469_264_gmail.com,86,61.29686046511627,61.88608883510179,41.45,422.5,72973.0,0.020853159653712944,-0.013177303375627713,0.022945116139748426,0
12469_272_gmail.com,70,78.97242857142857,67.2941570895108,57.95,280.0,87491.0,0.05861898690214962,0.006610826426472635,0.04600291756319534,1
12469_299_gmail.com,45,109.59599999999999,85.06402277500555,82.95,335.0,210325.5,0.015665192375783225,0.005275736981337854,0.010122600354315926,0
12469_325_gmail.com,74,69.96581081081081,72.20045970144056,49.25,475.0,153485.0,0.040806868919827335,-0.011502527676419759,0.04380987192283034,0
12473_299_aol.com,45,260.2,61.69264317746665,226.0,360.0,681.5,0.12028444778080355,0.005208415846642375,0.09603012124189958,1
12498_-1_gmail.com,45,52.90028888888888,47.44745296272369,35.044,197.462,115173.0,0.007965346389590573,0.0014305602989152164,0.0005585895351393755,1
12498_-1_hotmail.com,44,52.160227272727276,38.80016640185946,37.6345,157.696,216718.0,0.003755864863492199,-0.0052238954400885725,-0.0021918571985908714,1
12501_181_att.net,30,240.11333333333332,221.96858408842954,143.0,1052.0,296952.0,0.009566456214358164,-0.012623885375757843,0.02135709673928258,0
12501_181_gmail.com,331,145.4954078549849,185.07751111603528,67.95,1771.95,27858.0,0.0359227495287877,0.014228897554174353,0.02714898983095836,1
12501_181_hotmail.com,67,87.93880597014925,67.17408372242546,59.0,511.95,25038.5,0.04790326881982751,-0.004189750858207254,0.057317949605240295,0
12501_181_none,187,114.4206951871658,141.97289044923812,57.95,985.95,63098.0,0.05130421893755157,0.01039206803368398,0.04988638532008969,1
12501_181_yahoo.com,166,108.8856024096386,186.42536900263772,58.975,1594.94,69543.0,0.024567282223498323,-0.0006399958932185763,0.02460867414481548,0
12501_204_anonymous.com,42,101.32857142857144,75.86126916855494,64.0,280.0,332033.0,0.028451240938109433,0.02273593335760167,0.023160235647104142,0
12501_204_aol.com,88,116.55102272727275,139.08094074903235,84.95,1102.95,97951.0,0.016412261644239333,-0.004850737813701215,0.03138185987197131,1
12501_204_gmail.com,667,113.35352323838082,176.26793750575942,67.95,2250.95,11138.5,0.01793538975554372,0.007427035163798799,0.02586938646177918,1
12501_204_hotmail.com,62,116.48129032258062,105.45126575792236,94.25,700.55,136574.0,-0.0004195082056555194,0.004722906147373886,0.02581887551111249,1
12501_204_none,326,107.24659509202453,73.23730302068765,97.0,412.47,28188.0,0.012780084484924785,0.0019253955413142086,0.02232337010183003,1
12501_204_yahoo.com,288,136.08687500000002,173.0604874806492,77.95,1630.72,36586.0,0.022965547352137627,0.009469188776405268,0.015456344832966479,1
12501_272_gmail.com,177,149.66203389830508,301.3901672642073,67.95,1796.59,54669.5,0.014167536387189518,0.013787126042813281,0.04095511417213762,1
12501_272_none,42,78.76285714285713,62.68141872789333,58.475,317.5,230821.0,0.014773072550574536,0.0022941564387679095,0.020005726284415708,1
12501_272_yahoo.com,110,107.70618181818183,120.25238062267827,72.475,884.0,89780.0,0.022232318010619426,0.003028930366438757,0.020898779766404873,1
12526_492_yahoo.com,32,103.2171875,34.46746339252199,108.5,171.0,321982.0,0.058956167798819285,-0.009816012703020072,0.0475889405882901,0
12538_299_gmail.com,54,237.41833333333332,209.43222669124216,178.5,1281.0,76576.0,0.02223733331459833,0.0050714419879782785,0.017737161964537618,0
12538_299_yahoo.com,38,182.99921052631578,137.16765345605316,208.95,564.95,84218.0,0.06305213628403841,-0.0015859337977733173,0.047035851831958554,0
12544_184_anonymous.com,34,114.07205882352942,114.00693360698342,81.475,554.0,251993.0,0.008539107040941213,-0.013891535193809361,0.01204894419277052,0
12544_184_aol.com,62,103.78854838709677,89.50105574880602,84.45,554.0,181100.0,0.010977901107022396,0.001888237643842338,0.021700407176916667,0
12544_184_gmail.com,404,112.60698019801983,161.06115448318087,59.0,1948.58,25163.5,0.027200542692071995,0.013425446878685028,0.03615384375022965,1
12544_184_hotmail.com,50,62.23499999999999,37.97792154660389,54.975,207.95,96638.0,0.018353328308032123,-0.0005316012767483252,0.026819842103142012,0
12544_184_none,96,92.52770833333334,118.32685946034512,57.95,809.95,99624.0,0.027175104536614456,0.0012718610406880944,0.033819984533446285,0
12544_184_yahoo.com,150,142.4974,258.93137343687545,66.475,2019.53,73368.0,0.01640893990646415,0.0012611415437333295,0.009952484957252667,0
12544_191_gmail.com,51,164.993137254902,159.58238483912297,117.0,664.0,58764.0,0.002415486556396791,0.005237341054328139,0.023951045002631545,0
12544_264_comcast.net,31,60.08064516129032,27.29412579310012,49.0,117.0,254688.5,0.050069889559928686,-0.0009474688423980679,0.03456425812452981,0
12544_330_gmail.com,37,133.5,83.01229150276808,117.0,365.0,84676.0,0.01740067768018832,-0.006041111807192065,0.013883137251971572,0
12544_337_anonymous.com,82,101.67329268292684,103.19733604113775,59.0,528.95,169973.0,0.02350776273515318,-0.00019352851834720727,0.024179539900531597,0
12544_337_aol.com,77,84.75688311688312,96.84482790311387,59.0,779.95,153358.5,0.024331434648460125,0.0018547536456849922,0.021558012108134017,0
12544_337_comcast.net,69,94.94057971014493,110.06731381603909,59.0,554.0,175462.0,0.03658687706585617,0.026552620296418916,0.03781287228481814,1
12544_337_gmail.com,560,104.28903571428572,153.82542914127924,59.0,1441.03,14067.0,0.02553033786547999,0.013794578869641841,0.032411884606222005,1
12544_337_hotmail.com,50,106.09859999999999,130.3899249637026,80.45,960.0,206880.0,0.03281955942231141,0.011083875866138758,0.03162066344748784,0
12544_337_none,306,86.04611111111112,83.38485933458838,57.95,785.84,36689.0,0.034150646913770205,0.018334619096938926,0.023964158136848455,1
12544_337_yahoo.com,264,98.97060606060607,105.9107660654576,59.0,1005.97,49701.0,0.03371805637301244,0.022181667894404636,0.033718056373012444,1
12544_441_anonymous.com,99,125.61858585858586,99.61234434283207,100.0,500.0,86544.0,0.005103202039940823,0.003988972678232113,0.017291084742892204,0
12544_441_aol.com,75,100.04013333333333,80.21474314186611,77.95,527.0,149689.5,0.03940412795737008,0.004863184746014746,0.041087648573516364,0
12544_441_gmail.com,901,102.60466148723643,137.32670341986008,59.0,2011.95,8061.0,0.025462034309251383,0.005311340655228643,0.025215394772933712,1
12544_441_hotmail.com,56,76.52892857142858,83.75993759119339,54.485,554.0,184107.0,0.032853731561135545,-0.009622754528225617,0.03971517010917803,0
12544_441_none,429,103.22074592074593,160.30755227663516,59.0,2592.38,21029.5,0.02068560848630467,0.010186999191550269,0.017340956911524694,1
12544_441_yahoo.com,418,97.5308133971292,93.90939973288116,68.45,1104.0,19650.0,0.015639580008651337,0.006410946778199117,0.018306375295415643,1
12544_441_ymail.com,31,83.88548387096772,48.11337282004565,67.95,250.0,343495.0,0.011948406079026086,-0.008354876249805479,0.012229510440700427,0
12544_476_anonymous.com,104,84.68038461538461,60.539983766659994,59.0,527.0,81829.0,0.047016352290458446,0.002195683419909545,0.050948442392765,0
12544_476_aol.com,51,119.06450980392157,92.11550644012382,100.0,624.2,151513.0,0.027619727332880484,-0.012377546991998108,0.03291657588101552,0
12544_476_gmail.com,604,120.06036423841059,181.98020784656933,78.95,1651.0,12124.0,0.018054663757952456,0.0034360352599636674,0.05157708544189064,1
12544_476_none,227,94.56013215859032,94.17778677123343,59.0,664.0,37712.0,0.03182309378218219,0.006078933050478189,0.037882838384359435,1
12544_476_yahoo.com,215,131.31227906976747,167.93106441969402,59.0,774.0,58141.5,0.021867182385345914,0.022716348485230107,0.04730475920916422,1
12544_494_anonymous.com,37,216.17297297297296,161.53284729746548,171.0,762.0,257193.0,0.00077343868510419,0.0065535489423975204,-0.0017150268926850731,0
12544_494_gmail.com,213,128.89741784037562,132.61925736072388,105.0,1042.0,50433.0,0.012988207633844489,-0.000698115190369249,0.02728276052183619,1
12544_494_none,75,104.05266666666667,146.5724323541853,57.95,774.0,150738.0,0.03830663093330344,0.004908783536447806,0.021626350179592312,0
12544_494_yahoo.com,94,108.84404255319149,133.81314907178904,65.95,1104.0,118098.0,0.023178061396727095,-0.0010511027961703397,0.03558362374044809,0
12556_204_gmail.com,41,107.71292682926828,92.56515214395573,68.95,414.95,294490.5,0.0124624876744735,0.006665453202273484,0.012325713795895366,0
12567_325_gmail.com,40,111.0,73.06296941679827,80.45,311.95,257160.0,-0.0035028780334321052,0.0036069304832171065,0.006651839115229027,0
12570_191_yahoo.com,89,64.43820224719101,36.87427929021229,58.0,323.0,10334.5,0.08743490599328976,0.022782690851914485,0.08921732241983421,0
12570_272_gmail.com,74,129.85459459459463,200.0124236559508,59.0,1214.95,144774.0,0.03179785991081832,0.008554690130957918,0.023103802002525323,1
12570_272_yahoo.com,41,68.82560975609755,53.476761173464936,49.0,226.0,310288.0,0.0158355509477247,-0.008385383900044653,0.03983459340425358,0
12577_123_gmail.com,48,119.25,248.48962380248395,49.0,1719.66,174556.0,0.010260622849733565,-0.0051601195801534196,0.025972821941889823,0
12577_123_none,31,60.99677419354839,59.76457972406542,35.95,226.0,279652.0,0.034024111324895336,-0.012981266016999962,0.02776532397824804,0
12577_126_gmail.com,48,141.18541666666667,132.42324451291165,108.225,679.95,144193.0,0.0045656570904814425,0.0016161756246989498,0.004459325419369255,0
12577_143_gmail.com,45,88.062,97.25331355908764,54.5,610.95,190457.5,0.01850845956353983,-0.008856783675725965,0.01996608213384181,0
12577_143_yahoo.com,31,80.31580645161289,61.6938898932146,59.0,335.0,405272.5,-0.009306048005534334,0.004594472626113025,-0.0006575888876743999,0
12577_181_gmail.com,55,80.19436363636363,98.45651477154104,57.95,614.0,174331.0,0.016856857363250037,0.0022026219433846916,0.0364055707037843,0
12577_184_gmail.com,59,66.86203389830507,47.68690819095331,49.0,213.0,144003.5,0.04145689288498676,0.005488137144859816,0.044092267435193275,0
12577_191_gmail.com,56,71.85875,99.17149808471217,49.25,664.0,156136.0,0.04179980509534533,-0.0010562835854786325,0.0385720302854903,0
12577_204_gmail.com,90,110.40555555555555,139.25968112455803,59.0,1021.0,94562.0,0.01770337007339508,0.005960782814562665,0.029757261059911718,0
12577_204_yahoo.com,42,48.82833333333333,53.80549219252032,30.5,335.0,265806.0,0.016349358238253203,0.011134702298426905,0.008654708566959254,0
12577_231_yahoo.com,30,72.35233333333332,55.82104045867372,56.225,209.95,323576.0,0.0018134549859001106,-0.008751084201504805,0.008062154042313419,0
12577_264_gmail.com,50,96.33179999999999,156.05432449874627,56.225,1104.0,149559.0,0.037674837114835054,-0.0018955607630760096,0.02724221719692102,0
12577_264_yahoo.com,37,100.42783783783781,82.98148673813334,97.95,554.0,219892.0,0.04743070771021834,0.0012145683310390704,0.04743070771021834,0
12577_272_gmail.com,121,85.23115702479339,83.36015807346574,57.95,554.0,54411.0,0.02707469116526429,-0.002757239440258647,0.026890005131647774,1
12577_299_gmail.com,98,107.14214285714287,130.12021803442587,59.0,994.0,89537.0,0.012915040458253514,0.0044414513484832,0.022597332039432927,1
12577_315_gmail.com,85,117.67517647058827,171.70078229710964,59.0,1211.95,91790.0,0.019520592550219835,0.0027441559926846236,0.025038535824318166,0
12577_315_yahoo.com,66,102.6640909090909,126.89018178434637,57.95,554.0,107432.0,0.04185554825743423,-0.007459081309687681,0.04185554825743423,0
12577_325_gmail.com,177,100.85310734463278,113.40674168102173,57.95,664.0,51202.0,0.03586535086619099,0.011339217892407879,0.03712084364710749,1
12577_325_none,35,66.22085714285714,29.330259301511084,59.0,117.0,319072.5,0.0302840410652434,-0.015900015594424565,0.04829550730683805,1
12577_325_yahoo.com,33,122.41727272727275,200.3626791183205,59.0,884.0,348183.5,0.01788786713826144,0.015988147124025916,0.04131581604463521,0
12577_327_gmail.com,44,133.3997727272727,239.70510306215687,97.0,1651.0,143848.0,0.01007901941677515,0.00045055295952792923,0.021358129711778757,0
12577_330_gmail.com,68,96.85735294117647,79.89549712368112,72.975,554.0,145985.0,-0.0023099386459235344,-0.013626372217705891,0.0042642600647054205,0
12577_337_gmail.com,61,122.55377049180328,128.76058817088114,73.97,554.0,85127.0,0.019466820412017066,0.0026600192797933374,0.017345094188329028,1
12577_337_yahoo.com,30,76.823,61.35674649946818,57.95,295.0,278959.0,0.04287256137360259,0.013700403812529648,0.05299873687367925,0
12577_441_gmail.com,62,79.11354838709677,59.60434983847247,59.0,334.0,105013.0,0.01749573089162984,0.0010130956280626872,0.017851227492155862,0
12577_441_yahoo.com,32,74.501875,53.77375808872182,57.95,261.95,405912.0,0.05069675525920369,0.004749765195515343,0.06336533647785955,0
12577_476_gmail.com,39,146.19102564102565,244.15473127522282,49.0,1104.0,316827.5,0.03311501573008061,-0.007783144299164442,0.0009380948726118374,0
12582_264_gmail.com,31,198.53709677419354,327.4373554880241,75.0,1164.95,218984.0,0.011589127655420736,0.025921236958933384,0.025046555885578782,0
12582_330_comcast.net,57,97.13157894736842,182.5766728224349,49.0,834.0,30225.0,0.053983738192049664,-0.009060631420601772,0.059073566565258785,0
12582_330_gmail.com,47,215.86787234042555,289.25172535527764,92.0,1116.0,198430.0,0.023024898985095688,0.0023211547878823346,0.0007966733396230219,0
12582_330_none,50,123.51180000000001,167.84197589029986,75.0,1020.0,158502.0,0.004531621687042166,0.006680172144119763,0.0208241528840737,0
12582_330_yahoo.com,57,74.97070175438597,65.85103720718396,55.0,335.0,192573.0,0.06112365070277662,-0.003531663073368784,0.045857788014664606,0
12598_126_gmail.com,52,98.0301923076923,121.75216026341863,62.475,884.0,202941.0,0.020110684362193806,0.006606146476096718,0.03343301254371727,1
12598_184_gmail.com,37,103.3662162162162,82.69578901502854,77.0,280.0,67247.0,0.00825371801852278,-0.0037866033743990876,0.014904508826011624,0
12598_299_gmail.com,246,104.63711382113826,111.50728035312882,59.0,845.42,36736.0,0.03234112868918667,0.012157951356221403,0.03187011380907439,1
12598_299_none,57,238.45754385964915,409.78610967392086,57.95,1789.95,153948.0,0.01856733967158468,-0.00498603140045082,0.01913978109412353,0
12598_299_yahoo.com,102,136.12176470588238,161.32608968351053,77.495,934.95,94193.0,0.014947509136553721,0.0036416379911551784,0.02328862578649393,0
12598_310_gmail.com,65,73.36492307692308,48.09255618470179,58.95,248.0,150178.5,0.03818253264532234,0.009516315084620267,0.027333273294875553,0
12615_325_aol.com,69,147.63768115942028,100.01977645235715,141.0,443.0,96027.0,0.038839393169933456,0.0006779209164547786,0.06356846428829392,0
12615_325_gmail.com,90,112.29655555555556,86.12627477735637,92.0,554.0,95671.0,0.01902741569626223,-0.006863181029014464,0.009775286714829485,1
12615_325_none,98,91.74724489795918,78.52552865516205,67.95,511.95,99634.0,0.005567562255684867,0.00017160974065976234,0.007826613728971421,1
12615_325_yahoo.com,89,102.23988764044944,109.77125929587902,54.0,604.99,118359.0,0.04747137247178369,-0.001359055341312726,0.05496200917590355,0
12616_-1_anonymous.com,49,53.74334693877551,48.82010573254401,34.105,277.521,183164.5,0.004556825452533747,-0.003173730050932168,0.007655287147832167,1
12616_-1_gmail.com,82,58.008451219512196,56.98219413867262,40.269,357.686,93080.0,-0.007446118479430518,-0.0005784735309593662,-0.0017367475670219817,1
12616_-1_hotmail.com,70,64.29079999999999,54.714014660544564,43.0185,237.497,87842.0,0.011042081347193394,0.016756710081358324,-0.008503514846450982,1
12641_191_gmail.com,60,128.322,72.40982350022222,117.0,310.0,126867.0,0.010462952990315386,0.015803751054596128,0.013972790142144694,0
12686_143_gmail.com,85,125.49164705882359,124.94247939466862,67.95,664.0,107653.5,0.0413453361006183,-0.0047183638186990215,0.04865808379292809,0
12686_191_none,59,94.35000000000001,53.676730115872395,92.0,261.95,95132.5,0.02735982727376492,0.008696894922986823,0.035081632967903606,1
12686_264_gmail.com,59,100.99694915254237,166.5949394846037,72.95,1339.72,134767.5,0.027103186082844708,-0.007519163875675146,0.024467811532638186,0
12686_264_none,36,76.34583333333332,45.535081675499875,54.0,189.0,248090.0,0.04815472619908535,0.01001158258163782,0.0327090133466088,0
12686_264_yahoo.com,94,82.22893617021276,145.56926334492167,48.975,1395.98,82842.0,0.04916339026806086,0.007986816847443689,0.046703584876945516,0
12686_315_gmail.com,80,108.24525000000001,225.75172415163854,57.95,1946.8,126504.0,0.024354853178777197,0.009607865112546066,0.036408744165293834,0
12686_315_none,39,81.72179487179486,41.077037997214326,82.95,261.95,312258.0,0.03314379991556283,-0.002824986216835697,0.05315948624395194,0
12686_315_yahoo.com,37,77.8391891891892,51.692023451706504,59.0,280.0,247524.0,0.014067840976418493,0.014246260566416008,0.03971294653825639,0
12686_476_gmail.com,52,112.4625,139.424478066567,62.95,684.0,133259.0,0.03339365420994419,-0.0008434166669396143,0.02944112607946197,0
12686_498_gmail.com,132,99.43712121212121,133.76839935483645,57.95,1166.95,88533.0,0.03441102723758602,0.0024615275758880333,0.03742806716530225,0
12686_498_none,61,104.8895081967213,103.21805346960004,57.95,554.0,158190.5,0.022482327246348712,-0.0003570206479228989,0.014179684011246915,0
12686_498_yahoo.com,52,78.59346153846153,74.53091211768896,53.25,312.95,185296.0,0.04945681240785108,0.011029582783073394,0.04201488515371519,0
12694_387_gmail.com,98,125.24469387755103,201.01932373456586,57.95,1639.0,91275.0,0.05033213700036271,0.0016351567435481662,0.06129031187845915,1
12694_387_yahoo.com,58,172.4434482758621,168.99403952508487,107.95,884.0,164099.0,-0.0027973579505763922,0.012382560935361817,0.020948261606521752,1
12695_126_aol.com,75,117.6392,93.3471538114223,100.0,440.0,142474.5,0.008183824696136186,-0.007103228475564202,0.05070159187475687,0
12695_126_gmail.com,196,136.37051020408165,241.6598174503735,100.0,2175.75,51984.0,0.02282074644993721,0.0013120249046105446,0.024710757099167806,1
12695_126_none,173,117.51797687861271,123.84990458088012,92.0,1260.5,51373.5,0.019682074619074917,-0.0037176243028391627,0.02571667752939509,1
12695_126_yahoo.com,147,108.10680272108844,113.67568116539643,75.0,842.0,58731.0,0.02354293461129911,-0.0005629315329104337,0.029902617623625935,1
12695_204_gmail.com,59,101.95864406779661,96.7694254218063,77.0,652.0,220176.5,0.0073019466093207745,0.009132428260266778,0.0073019466093207745,1
12695_231_gmail.com,48,148.37312500000002,385.26454043594214,62.0,2741.63,252145.0,0.007257197009061765,-0.00804592683542097,0.039053804275069846,0
12695_272_gmail.com,30,175.9586666666667,283.11461570340884,107.95,1250.29,414063.0,0.02986096295014041,0.004771747771709932,0.037455102547248036,1
12695_325_anonymous.com,234,147.8642735042735,226.96459362722112,100.0,2233.95,42302.0,0.019334614191995354,0.014089085741850194,0.042505853477595654,1
12695_325_aol.com,778,166.1867737789203,236.7720643820237,100.0,2755.95,9584.0,0.02075719017172282,0.007462223465871384,0.03138196446702628,1
12695_325_gmail.com,2047,156.22066927210554,273.15083195345613,85.0,4437.95,3301.0,0.019190400966856133,0.004459389321274157,0.04317776671755901,1
12695_325_hotmail.com,306,134.02094771241832,173.22235884551336,92.0,2207.95,33468.0,0.028032271685090412,0.009873405063527862,0.036914808651059755,1
12695_325_icloud.com,36,103.75472222222223,94.70741290023804,72.475,513.87,324608.0,0.03974877317794671,0.003541775127723676,0.01723476292989544,1
12695_325_msn.com,73,119.6745205479452,185.93540133967352,59.0,1104.0,95901.0,0.042139024170440506,0.014991551344722135,0.08611947338197166,0
12695_325_none,945,120.11379894179895,131.47215482146296,77.0,1010.0,8235.5,0.021824857854623438,-0.0024745608146296387,0.05184072271263339,1
12695_325_optonline.net,91,118.7932967032967,126.33035934575842,97.0,844.95,153556.0,0.012367346396856112,0.00684837506170204,0.028146547587921067,0
12695_325_yahoo.com,1060,126.76370754716984,154.55199268271338,67.95,1651.0,6813.0,0.029415485533690635,0.005055867936982123,0.03348868905909246,1
12695_325_ymail.com,43,57.25209302325582,40.81784690367452,39.0,226.0,339941.5,0.042555954579033856,0.018654446984617462,0.059918606332201585,0
12725_204_gmail.com,61,160.48360655737704,108.97804212629839,117.0,412.95,102448.5,0.0237461611411101,0.0020855375334135375,0.05137018701962147,0
12725_204_none,71,64.09718309859154,105.52560829556764,49.0,919.0,89160.0,0.05214169590595247,-0.009268637663054836,0.053303279000040726,0
12725_204_yahoo.com,37,161.7937837837838,231.6694649985406,59.0,966.95,252397.5,0.017623276918680868,-0.0034053376269374477,0.018976160427569125,1
12725_272_gmail.com,54,84.54444444444444,81.6214839108091,57.95,554.0,183171.0,0.012404014609440933,-0.008981278388954152,0.01574719693055396,0
12730_-1_gmail.com,57,44.03350877192983,41.888519371806446,31.418,212.255,115464.5,0.007588910786809032,0.00850667305737901,0.010441389494199621,1
12730_-1_hotmail.com,102,40.935637254901955,42.02276851823358,22.859,249.524,75760.0,0.0109254399633484,-0.006834986327198915,0.003347505538747811,1
12741_143_gmail.com,198,65.11055555555555,104.81605959337173,39.0,1160.95,12558.0,0.06894519770732976,0.005892820552908313,0.06079465881669385,0
12741_143_none,35,86.83999999999999,74.26615437542385,77.0,335.0,169823.0,0.05040995498297824,-0.013181247501755321,0.010242411275691345,0
12766_272_gmail.com,42,107.06761904761905,93.65696470198151,59.0,445.0,240569.0,0.0025745914384490767,0.0009584865853661806,0.0025745914384490767,0
12766_272_yahoo.com,40,85.5875,77.74854399762094,49.0,335.0,342213.0,0.03511628066899427,-0.0038282066250055133,0.04801699408441356,0
12778_-1_gmail.com,44,43.560181818181825,27.516564239705712,31.826999999999998,136.851,145847.0,0.030186490310010965,0.012251615151591164,0.027668419478544058,1
12778_-1_hotmail.com,46,31.383630434782614,27.47205717385252,20.622,128.393,172128.0,-0.00433733929599393,-0.008880922188949824,0.011752576031143568,1
12783_143_gmail.com,30,90.92566666666666,91.47170967693904,68.975,511.95,249492.0,0.007638740727918189,-0.017599742626924687,0.0009179970964982437,1
1279_181_gmail.com,71,139.5511267605634,147.2395777946709,107.95,1104.0,136677.0,9.541078451168541e-05,-0.002692484157243713,0.011820657519147345,0
1279_181_none,30,97.09333333333333,72.80440661266475,69.475,331.0,221107.0,0.01662826980071492,0.021980254410063613,0.03422410225574265,0
12807_191_gmail.com,54,106.02648148148147,110.86419779367387,63.475,614.0,131964.0,0.011893501732651218,0.010143994940784926,0.010934074973659252,0
12807_191_none,40,155.29250000000002,160.8299173622557,57.95,546.0,112346.0,0.045984889767731775,-0.0032976070785126488,0.023776281632554,0
12820_204_hotmail.com,38,33.28947368421053,27.023291995042122,29.0,146.0,181102.0,0.0938194775629527,-0.005748259027472891,0.09552503310142466,0
12839_204_gmail.com,36,135.77083333333334,120.92668771649761,107.95,554.0,346447.0,0.0036901879427261655,0.015033484980409392,0.020800365820050473,1
12839_226_gmail.com,76,72.68342105263157,54.24687239474907,53.985,280.0,132480.0,0.0189907330925946,0.0044345959938941505,0.019114203799296077,0
12839_226_none,42,61.67547619047619,31.58250632431858,52.0,159.95,217902.0,0.035523414368290714,-0.008226688849380256,0.03981846814863862,0
12839_226_yahoo.com,35,95.976,138.96852889773282,57.95,708.99,211002.5,0.030095354435281267,-0.012604813564126505,0.04418134973847968,1
12839_264_anonymous.com,138,142.2240579710145,245.8018875106998,89.5,1861.0,73624.0,0.033321869005904295,0.0011087069466092468,0.03556546744045033,1
12839_264_aol.com,108,135.98851851851853,217.12525349060797,106.95,1782.95,76110.0,0.0378471088564338,0.006182546630874336,0.05269694504470339,1
12839_264_att.net,34,159.7579411764706,255.74158336768053,107.95,1559.0,340903.0,0.03366879801225258,0.0022435547626332153,0.03750216670649812,0
12839_264_gmail.com,1476,111.99691056910571,150.6896240790638,67.95,2158.06,4762.0,0.023805608617265037,0.0054545717343183475,0.035557800377504285,1
12839_264_hotmail.com,201,155.59935323383087,206.77031828447306,92.95,1974.0,60276.0,0.023745432362154626,0.003650620349935522,0.035402364683046555,1
12839_264_none,593,94.41715008431704,86.63397646059802,59.0,741.95,12656.0,0.027375182781238593,0.004541182489059848,0.030536039311696427,1
12839_264_sbcglobal.net,33,162.39969696969695,307.5497558807882,70.0,1782.95,354810.5,0.02124843811200597,0.002684773043317837,0.031898349791329404,0
12839_264_yahoo.com,834,116.72749400479617,194.58570540272814,59.0,3088.99,10274.0,0.02832055596588068,0.0009450097200594428,0.04840474341128517,1
12839_299_gmail.com,41,141.58121951219513,225.05349267853072,73.0,1424.95,218780.5,0.041552723711167194,0.0129076725338165,0.026675659348808695,0
12839_469_gmail.com,126,133.5554761904762,172.07135578105036,71.475,1541.0,70287.0,0.02966120097240841,0.00110226815406066,0.00758422221014449,0
12839_469_none,35,73.5185714285714,51.20634180271352,57.95,226.0,237512.0,0.009905236529740825,0.010344275978463102,0.0025198773745100725,0
12839_469_yahoo.com,73,155.09821917808216,162.42393358411888,107.95,1104.0,96369.0,0.003007633269178009,0.0019326309352563006,0.005684869882858688,1
12839_492_gmail.com,43,82.91162790697673,54.12109681635926,58.95,317.5,226103.5,0.03907545411750468,0.004145024695486256,0.032846848873006124,0
12839_512_gmail.com,245,116.81118367346942,213.78841648577892,59.0,2519.95,44104.5,0.01815340756396153,0.0033183450158694016,0.021107645036094125,0
12839_512_none,75,107.2572,81.59004667335348,97.95,512.99,143498.0,0.007517254732063477,-0.013201586343793665,0.014540677682056056,0
12839_512_yahoo.com,54,144.52777777777777,197.1832461486736,58.475,1104.0,274491.0,0.03661339732157939,0.032711275405524674,0.03467551876077093,1
1284_264_anonymous.com,46,90.34934782608693,44.09690462380274,76.95,226.0,270548.0,0.0349386839338317,0.0011823532106269505,0.037535267278757715,0
1284_264_gmail.com,75,131.19066666666666,262.8695920912538,59.0,2194.95,162337.0,0.04340233839685603,0.016222708680156506,0.05342412506669089,1
1284_264_none,56,181.2239285714286,230.56444302653816,82.95,1011.95,198864.0,0.030134963468466308,0.0024984575929864958,0.016443180993886954,0
1284_264_yahoo.com,111,122.88054054054057,188.94366393252872,92.0,1581.0,90178.5,0.02612764669431297,-0.0005694575451344087,0.049700257024562905,0
12866_330_gmail.com,152,101.77401315789474,96.17670697635481,87.475,876.0,65030.0,0.015607429003294999,0.010871940369510686,0.01824108510812324,0
12866_330_none,181,76.9728729281768,112.19033818382728,25.0,524.88,45851.5,0.030083305537785113,-0.0008815631829479434,0.02972846086552041,1
12866_330_yahoo.com,37,151.59675675675675,204.43537722163364,68.5,822.47,370576.0,0.02385958543956685,-0.00033253196089549214,0.0347739108967235,0
12866_441_gmail.com,51,139.0621568627451,431.85982745091735,77.0,3183.0,198146.5,0.01694111626704791,0.006070549396186328,0.041279738179199214,0
12925_387_gmail.com,54,136.71481481481482,218.55631251414476,49.0,1264.95,118681.0,0.09017530857800077,0.008558053809715326,0.0860600822405522,1
12932_126_anonymous.com,41,114.2170731707317,57.56726141267814,97.0,226.0,270260.5,0.009184941341203547,0.0020526775221234583,0.019497930932842376,0
12932_126_aol.com,36,149.86083333333332,173.62344174766713,59.0,554.0,160721.0,0.03882608711445592,-0.012813019288389068,0.05424457179284357,0
12932_126_gmail.com,146,137.23520547945208,214.89861616368626,92.75,2079.95,65846.0,0.020262087706715108,0.009228014860406784,0.030939845440172226,1
12932_126_none,55,133.54781818181817,92.58148756028946,97.0,390.0,87105.5,0.01266990875697526,-0.0008180972494820776,0.00420507835346319,0
12932_126_yahoo.com,52,224.9173076923077,462.55578213341926,77.75,2492.86,232569.0,0.014403660527290543,-0.00271472343649265,0.005602262345121942,1
12932_204_aol.com,39,117.20666666666665,224.01076780819508,59.0,1436.0,241072.5,0.03580499963726764,-0.004120124724271847,0.05568298908381888,0
12932_204_gmail.com,196,120.34637755102044,163.2574408893984,77.0,1651.0,41094.0,0.017899513787873876,0.009702969222124498,0.03578147712792163,1
12932_204_none,32,88.140625,55.77723291908066,64.95,201.0,421978.0,-0.0035710603752696357,0.009769784785991331,0.008144371152370516,1
12932_204_yahoo.com,73,147.8891780821918,177.55792851952958,107.95,1224.46,113207.0,0.02163937686858713,0.017010692127315683,0.05129471188867693,1
12932_231_gmail.com,73,114.24849315068492,113.87937135854357,92.0,720.0,104683.0,0.02387418398779211,-0.008908099436436077,0.009579874303525079,0
12932_324_gmail.com,31,88.01451612903226,47.826406853408976,82.0,260.0,286197.5,0.0016916545699146093,0.0016468166081146235,0.015857949968084373,0
12932_325_aol.com,67,195.4750746268657,233.1474135261844,108.5,774.0,122650.5,-0.0024801604760128666,-0.0006428460108316228,0.03362418595020608,0
12932_325_gmail.com,305,112.34344262295082,148.35427769070884,59.0,1651.0,31748.5,0.030824153481996595,0.004667617239877178,0.02878876091683815,1
12932_325_hotmail.com,37,59.848108108108114,46.12688187549512,39.0,221.99,169688.0,0.03066436378112037,0.0018720439898335176,0.053467429906606585,0
12932_325_none,97,123.31020618556701,141.97164920249773,83.5,884.0,45184.5,0.02427190943311266,0.007071224490271467,0.01623649590712262,1
12932_325_yahoo.com,115,166.7665217391304,423.52751609196787,59.0,2782.95,87697.5,0.006864028781723729,0.009196837083883445,0.018049561122976874,1
12932_330_gmail.com,107,92.25280373831778,136.56874461319165,53.97,1021.0,78918.0,0.03165398236728209,0.004226715454268285,0.030106318952091846,1
12932_330_yahoo.com,30,113.05166666666668,112.96420412630228,57.95,554.0,227110.0,0.03749725828287697,-0.013059418713037809,0.013200776008344031,1
12932_476_gmail.com,35,94.76971428571429,56.78923099550851,92.0,280.0,64103.5,0.018663923236946517,0.008046968476559689,0.019079557023513417,1
12970_184_gmail.com,53,56.59716981132075,73.30892466396065,39.95,554.0,45626.0,0.04567693691397196,0.009178686004813273,0.028698070411291354,0
12970_264_gmail.com,84,85.67809523809524,103.73356681647036,59.0,755.45,83799.5,0.019228629425796978,0.005873242886657876,0.029528577665833278,0
12970_330_gmail.com,35,119.60342857142857,131.28766496172457,73.5,554.0,317909.0,0.0339566213858719,-0.01380370953895009,0.034081104028028435,1
13050_-1_anonymous.com,32,59.59325,42.42698633976964,66.16,211.279,894.0,0.0326846480518427,0.014978460635518415,0.023232156016083007,0
13050_-1_gmail.com,35,38.01194285714287,22.283691801011095,29.183,93.598,206160.0,0.012919037304269188,-0.0043479922874336205,0.007832930917692014,0
13052_325_anonymous.com,72,199.6138888888889,334.3634169937935,63.75,1802.96,91976.0,0.03127695634827485,0.024738932510691845,0.03064670886356932,1
13052_325_aol.com,70,116.35757142857142,119.39594704099602,84.5,641.0,98764.0,0.0180358094082958,0.0018974416365012577,0.03164977380802511,1
13052_325_gmail.com,222,131.63788288288288,284.1944890126433,59.0,3191.0,48323.0,0.017406917882232073,0.011205676141524977,0.039387674805451946,1
13052_325_hotmail.com,31,136.6796774193548,85.05088516669228,107.95,445.0,462077.5,0.05227057277667763,-0.0007808304646126016,0.028245106573585012,1
13052_325_none,81,148.22679012345677,445.5108502006284,87.0,4072.7,116529.0,0.025694071272585467,-0.002877613867580075,0.05266097459721574,0
13052_325_yahoo.com,141,125.90382978723403,283.7102769037345,77.0,3081.97,82262.0,0.0222045280630108,0.005874376880208393,0.04951597232688819,1
13076_299_gmail.com,40,136.87050000000002,204.86978349612713,58.45,1154.95,301092.0,0.03332667836468609,-6.938773593229836e-05,0.02871390268453606,0
13089_272_gmail.com,36,64.35944444444445,66.66234269079277,44.0,335.0,281703.0,0.052150217928618105,-0.006317268373311993,0.06265052481398223,0
13108_191_aol.com,36,128.58388888888888,68.40689436005448,107.95,317.5,320700.0,0.03145435163345949,0.017627770430922098,0.057858797774914685,0
13108_191_gmail.com,336,95.35922619047619,217.15893281873682,54.0,3319.7,27858.0,0.05551901472564969,0.014227181291666972,0.05794794443915687,1
13108_191_none,200,97.38045000000002,111.16005310945789,59.0,1212.99,49594.0,0.03312684630539958,-0.0003367285791636525,0.038418113178746674,1
13108_191_yahoo.com,213,116.93647887323944,95.56564844994256,92.0,562.0,50229.5,0.013906946208254514,0.0045376088747593815,0.0005930693122172502,1
1311_264_gmail.com,30,172.59133333333332,312.8920430088024,112.475,1564.95,243122.0,0.035402904418651494,0.009360279206202707,0.028015590823158833,0
1311_264_hotmail.com,38,206.79342105263157,128.49383006437387,117.0,582.0,160731.0,0.02664721655464245,-0.021123823933636987,0.048840133445315924,0
1311_264_none,32,60.0546875,26.467531286509207,57.95,108.95,274342.0,0.0326846480518427,0.014948278533369656,0.03370005169940122,0
13120_191_gmail.com,36,69.45777777777778,36.507847718836125,59.0,196.0,91442.0,0.0454087299323272,0.010053724645729213,0.021827440713783064,0
13143_204_none,37,205.2591891891892,260.8180645001662,171.0,1752.59,74977.5,0.06729240650454277,-0.0178453705035086,0.07358149313952522,0
13155_472_gmail.com,83,122.61433734939759,52.12951376412201,118.5,250.0,84732.5,0.04267067337767287,0.0019722042889184083,0.046105353375401184,0
13176_-1_gmail.com,30,52.81436666666666,73.51433928628407,35.557500000000005,415.789,226703.0,0.006542281924467763,0.0032518756538642765,0.006522188112553014,0
13234_204_aol.com,45,106.25555555555556,89.14053819186758,82.95,445.0,273465.0,0.03034190637704938,0.010079019416775158,0.04627262325427316,0
13234_204_gmail.com,103,96.85446601941747,80.50554652215814,61.95,524.95,96198.0,0.013298079285849671,-0.0029556657863937554,0.008943670094543974,0
13234_204_none,38,92.0486842105263,59.07855885759021,59.0,226.0,184267.0,0.013752414147070319,0.005434264458609374,0.016419209433834625,1
13234_204_yahoo.com,61,155.67540983606557,369.4558855343619,77.95,2139.08,146618.0,0.007835178355886051,0.00026739358052088255,0.002326503105737645,1
13241_126_none,55,319.7090909090909,120.52135574280038,323.0,554.0,78784.5,0.06948278793769957,-0.007996616731560328,0.060636092649728794,0
13249_264_anonymous.com,67,148.609552238806,264.15179577892775,97.95,2074.0,164251.5,0.02345585471450049,-0.010811177246537212,0.02818958275421706,1
13249_264_aol.com,38,178.87315789473683,240.15718896397905,107.95,1407.47,333444.0,0.0004029249817547875,-0.013696322714314837,0.019271688141225242,0
13249_264_gmail.com,367,103.68228882833787,144.5808297794711,58.95,1559.0,24623.5,0.02044428118829045,0.012201215532231524,0.01378366962304673,1
13249_264_hotmail.com,84,92.50821428571429,81.08362516211439,57.95,554.0,123452.0,0.03609759680947022,-0.007619450736507778,0.0386639815771648,1
13249_264_none,216,108.33032407407408,102.50464747542739,77.0,584.76,49603.0,0.022380550930891075,0.01026076112714025,0.043076417226049685,1
13249_264_yahoo.com,434,138.46175115207373,267.9684884324759,78.5,3339.95,21226.0,0.021646861431344987,0.005227905803835357,0.032993726304204885,0
13307_184_gmail.com,31,91.70129032258062,139.62013450654385,47.95,605.0,354888.5,0.03051427417306602,0.009303205752765942,0.0062599476341620094,0
13307_204_gmail.com,41,84.58780487804877,87.38221283288541,49.0,442.97,262974.0,0.022072040669578373,0.030247388889426165,0.014644539450256233,0
13307_264_gmail.com,48,77.90083333333334,65.91177236886864,52.0,335.0,113769.0,0.03594404676328588,0.0035271380598144095,0.04106905464227204,0
13307_272_gmail.com,57,65.85754385964911,45.98821776188704,52.95,226.0,164801.0,-0.002735782085043284,-0.01527432277509785,0.020319648479037132,0
13307_325_gmail.com,70,60.454428571428565,57.0451360299322,39.25,333.0,144805.0,0.04274597102913373,0.005656260525574476,0.06121715389011108,0
13307_330_gmail.com,37,48.28648648648648,72.33867815992696,30.0,439.5,175977.5,0.015134811340891598,-0.0015041997616301664,0.0058415674215488295,0
13307_330_none,31,52.09677419354839,32.13512783866086,39.95,107.95,204083.5,0.00954904462861448,0.017889415323082185,0.03482330056248995,0
13307_472_gmail.com,33,69.99818181818182,45.4883207424383,54.0,226.0,99037.0,0.03681723783750374,0.017275887045108157,0.04767906355852474,0
13346_-1_gmail.com,33,26.997848484848483,18.516080673903364,22.679,105.433,255098.5,0.019839387217660966,0.0021881021813956805,0.012352756379078296,1
13366_337_gmail.com,73,88.81726027397261,64.38595816583191,67.95,408.72,133202.0,0.03344903357359201,0.007196398464982819,0.02793096753570268,0
13366_337_none,41,71.41878048780487,72.67161864888779,47.95,311.95,267269.5,0.016546872021613777,-0.0042712263316862925,0.017315879157059663,0
13366_337_yahoo.com,39,114.2728205128205,89.65398570941043,100.0,455.97,342514.5,0.0001546617023522323,0.00914762663222727,0.0014399102336224781,0
13374_205_gmail.com,51,144.1401960784314,144.43533921339002,78.95,554.0,156411.0,0.026854609191762566,0.005043853885878295,0.03368169402213344,0
13374_205_yahoo.com,39,141.38717948717945,143.8458397203938,77.0,554.0,217334.0,0.016020998636063516,-0.011063028303659853,0.007343755332721358,0
13395_143_none,30,148.53966666666665,60.25058287316028,159.95,261.95,365831.0,0.05553077277664826,0.018409136939182558,0.05561311613610668,0
13413_-1_anonymous.com,31,70.67912903225805,55.309588255704895,52.258,289.17,335080.0,0.006900330419441693,-0.0037083926706962464,-0.001308217884428968,0
13413_-1_gmail.com,79,58.72121518987345,50.44271523842248,44.081,265.498,114433.5,-0.009832949136114471,-0.0004549392185260702,-0.005777754021579391,1
13413_-1_hotmail.com,150,50.04528666666667,39.19048161808965,40.481,224.279,46725.0,0.020361245963987203,-0.007740503885636699,0.01975692554745817,1
1342_325_anonymous.com,53,89.85264150943395,92.25257305100959,72.0,600.0,113607.0,-0.004453375791846435,0.007557363316116228,0.014336867058185349,1
1342_325_aol.com,156,135.65801282051282,160.979105936063,85.485,1049.99,71822.0,0.018921709031154376,0.0016928160064649568,0.029647867987441737,1
1342_325_gmail.com,450,117.9676888888889,133.9124434131533,71.475,1104.0,18261.5,0.016802067018959442,0.003406784940287946,0.04844474537397234,1
1342_325_hotmail.com,68,216.43676470588235,212.2945135851523,132.475,969.82,111335.0,0.0006727383906093704,0.004006878846189124,0.02438304169181888,0
1342_325_none,174,93.0948275862069,115.2988197232217,57.95,1011.95,66220.0,0.01761509059631228,0.004569123751517093,0.018959758951109646,1
1342_325_yahoo.com,227,102.1788986784141,92.7296322346951,67.95,554.0,58371.0,0.0110990242258544,0.0167672570853665,0.009114409253401765,1
13455_231_yahoo.com,58,68.10172413793103,50.5794535134278,54.5,335.0,90043.0,0.027150721254128624,0.005967829051805033,0.03997089576554946,0
13462_343_gmail.com,65,127.79938461538465,89.75937919497579,100.0,423.51,154962.0,0.0023865473187378305,0.006511596631382843,0.009960593103930708,0
13481_123_gmail.com,30,233.81833333333333,389.8559918917354,54.75,1139.95,336879.0,0.021503641305153302,0.00802753359747116,0.059227342118177796,0
13481_126_none,45,59.08888888888889,7.363037483787129,59.0,105.0,171917.5,0.15970762670789512,0.012550564894376642,0.16070617232162634,0
13481_231_anonymous.com,33,57.00151515151515,35.58678994959277,49.0,226.0,361405.0,0.05409033502733326,0.004906870274064917,0.020283899965732467,0
13481_325_aol.com,57,116.95438596491228,59.831229949371256,117.0,390.0,263560.5,0.04775513294755109,0.03555758576380231,0.051982447647353304,1
13481_325_gmail.com,96,108.57781250000001,210.84903045091255,59.0,1831.35,100806.0,0.022431345627507673,0.001479146713665818,0.022638192491052565,1
13481_325_none,144,83.4977777777778,106.32669561599893,47.95,994.95,24825.0,0.04934556771279782,0.002536878700912161,0.04308973429421036,0
13481_325_yahoo.com,81,195.8904938271605,296.33313982788013,100.0,1839.9,101280.0,0.0036384874281487206,-0.008337211976632758,0.012477650503134374,0
13481_330_gmail.com,45,116.60466666666667,102.3134971133113,107.95,625.46,153034.0,0.043429356066516545,-0.0025336291224430166,0.020111325593800113,0
13481_330_none,84,99.05059523809526,96.69177511373803,57.95,500.0,148636.0,0.05066147544677922,-0.007985885730854132,0.05066147544677925,0
13484_123_gmail.com,31,153.39999999999998,78.93753553366757,151.0,311.95,305136.5,0.02747609943813916,0.006397689017465652,0.03338372853961564,1
13497_469_gmail.com,35,93.60057142857143,95.10396987186054,50.0,391.95,353273.5,0.021567496422129115,0.026012393124510987,0.02072003024606684,0
13497_469_none,51,73.3013725490196,48.79202639051364,50.0,221.95,249601.0,0.051378027200375646,0.004953996780821167,0.05239603146123548,0
13509_143_hotmail.com,36,107.94444444444444,141.05179199390327,68.5,884.0,260736.0,0.04043478640097794,0.0139551901102936,0.05158156943850004,0
13526_177_gmail.com,39,253.934358974359,307.1048035325958,125.0,994.0,127589.0,0.01353300224344682,-0.0054970010405244185,0.0397772938163345,1
13528_143_gmail.com,106,87.45028301886794,105.77831018047549,47.95,554.0,96039.0,0.0385940363788977,-0.0026671220899452085,0.03140182203729858,0
13528_143_none,30,62.39833333333333,29.273533220679433,59.0,146.25,115697.0,0.06526142197361029,0.00999601185104261,0.06528151578552502,0
13528_143_yahoo.com,47,125.51808510638298,138.3264912804131,54.5,611.95,75077.0,0.05349879680363635,0.010553680056319965,0.03250056302156336,0
13534_110_yahoo.com,35,73.60371428571428,58.825841410324536,57.95,311.95,182402.5,0.04333388356241743,-0.006068865851708204,0.06443955316927447,0
13597_191_gmail.com,50,62.809,42.708670887771724,52.95,280.0,234767.0,0.051008170448168404,0.012908777388618321,0.05699634592163797,1
13597_191_yahoo.com,166,77.42349397590361,33.63811336749822,77.0,318.0,77964.0,0.08350450433774786,0.017164630675223568,0.07364951286600183,0
1359_299_gmail.com,99,108.93252525252527,149.2812631171961,59.0,1263.95,117667.5,0.029123170750294733,0.004984924188889489,0.037747808822264334,0
1359_299_none,41,156.5419512195122,156.73117899564042,99.95,512.95,271939.0,0.01107938943520597,0.010098943499773284,0.04565459004310396,0
1359_299_yahoo.com,70,122.87942857142856,253.53441374685048,59.0,2099.95,156960.0,0.02457370238746428,-0.012206349584198577,0.03563164186332356,0
13623_498_aol.com,71,80.33098591549296,28.631823088901758,82.0,226.0,32008.0,0.09555531186585638,0.019234705383119388,0.07993076329246432,1
13623_498_gmail.com,68,172.87941176470594,326.5654429093733,107.95,2681.0,168190.0,0.007616529294161886,0.009223399562691456,0.018518846114398455,1
13623_498_none,89,71.30078651685393,74.9714561896834,47.95,511.95,99862.0,0.02723379695209863,-0.0010846045521560807,0.03192926820105832,1
13674_444_yahoo.com,31,132.35935483870966,180.69620105858098,58.95,834.0,222081.0,0.01730776820243357,-0.010949161700318177,0.05846899591902747,0
13734_337_gmail.com,93,136.4897849462366,127.67368022211599,100.0,665.88,61688.0,0.015125093526656943,0.0034219082958136735,0.04223881373139435,1
13734_337_none,35,57.76142857142857,46.743930218210124,40.0,209.95,201105.5,0.012850951779014845,0.010328070628495938,0.013334671090836102,1
13734_337_yahoo.com,34,68.06676470588233,66.6077376586494,49.0,404.0,345079.0,0.026319735592430733,-0.005823990215588076,0.018400095808727063,0
13739_226_yahoo.com,31,90.98387096774194,110.41640275755606,59.0,554.0,77173.5,0.05227057277667763,-0.012981266016999962,0.0439113381989266,0
13749_204_gmail.com,37,158.98054054054055,127.32071827636898,117.0,554.0,269289.0,0.010749886872699468,0.005486269971904628,0.019021759218002185,0
13749_272_gmail.com,38,89.14657894736838,44.031173004942026,101.985,209.95,220462.0,0.03129627379619313,-0.00971870120906217,0.032158787469600054,1
13749_299_gmail.com,33,215.5212121212121,181.476689608495,141.0,697.69,258944.5,0.013549893231725743,0.010331442600663716,0.010386612390984977,0
13749_299_none,35,138.22714285714287,173.05773166483948,77.0,731.93,264552.5,0.035302061926566215,0.003808328266044804,0.055560265357361006,0
13780_441_anonymous.com,30,312.6846666666667,541.7581625149321,100.0,2161.0,321872.0,0.017543821502031542,-0.012709527489059926,0.017764916227994837,0
13780_441_aol.com,43,130.73837209302326,241.05472548520027,59.0,1104.0,164561.0,0.03772689958903293,-0.0010357393346357505,0.06359602956098682,0
13780_441_gmail.com,383,88.77712793733681,164.63116106411275,57.0,1957.65,16613.0,0.02058383989358703,0.012828905980231408,0.025434074631895794,1
13780_441_none,281,69.27110320284697,69.05631926518775,49.0,445.0,41718.0,0.047701652369267426,0.022046912805411854,0.05143631380334316,1
13780_441_yahoo.com,154,102.06902597402598,103.39787273157465,58.975,484.47,65783.0,0.0352440633425324,-0.0007513785381781414,0.03235806045652952,1
13810_123_gmail.com,63,57.62492063492063,35.17591680974924,47.95,150.0,134555.5,0.027754070159326627,0.0010987944114256923,0.017841220863069357,0
13813_181_gmail.com,38,596.6197368421052,619.6481047781829,280.5,1709.95,111686.0,0.00538836452472212,0.0031227993288795927,0.0181767377782115,0
13832_-1_anonymous.com,103,47.9061067961165,45.204901496400524,33.534,371.339,75396.5,0.015778292423962493,0.008021875774217386,0.0056099611882569,1
13832_-1_gmail.com,815,34.95267484662577,33.168467470840646,25.084,321.816,7822.0,0.012629881217139137,0.0055930973539999075,0.012629881217139134,1
13832_-1_hotmail.com,763,39.81968020969856,40.057907349209664,27.793,381.668,7645.0,0.009208317051466507,0.017305090948466856,0.009837651794955675,1
13832_-1_none,45,36.37475555555555,50.25287849142156,20.12,305.665,6647.5,0.02309269359510538,-0.0074042326925758024,0.025111846746282064,1
13832_-1_outlook.com,58,28.42194827586207,28.78166105078288,21.768,185.744,61696.0,0.010652300378112434,-0.008723108671495242,0.0068622663033233375,1
13832_-1_yahoo.com,30,39.25496666666666,39.790861993246075,22.557000000000002,204.34,351573.0,-0.001114107220183555,0.013083388464037816,0.03144308461552973,1
13832_-1_yahoo.com.mx,50,43.00256,42.404813306585844,28.555,259.446,130283.0,0.03964094323763922,0.01587385742631439,0.026819842103142,0
13833_325_gmail.com,63,116.59285714285714,109.05822598652885,82.95,500.0,174337.5,0.02188858312194153,-0.003389198557850359,0.024309727211071067,0
13833_325_none,31,93.47419354838708,55.3139264838369,90.0,226.0,266622.0,0.02747609943813916,0.008042060230398669,0.02005671839725156,0
13833_325_yahoo.com,42,100.66309523809525,119.42817031265707,72.95,659.0,327076.0,0.011058352947247913,0.00975160405915939,0.016349358238253203,0
13883_204_gmail.com,36,179.33888888888887,218.53226977290737,107.95,1092.0,257236.0,0.03363169941009957,-0.01370262752854274,0.07849889833174759,0
13906_325_gmail.com,75,185.38146666666665,405.99402142623836,59.0,2524.13,137892.5,0.029840117138193543,0.0016375825045191889,0.009894194102946823,0
1393_308_gmail.com,81,125.48481481481483,59.0526086044503,112.0,445.0,91238.5,0.07815224719659242,-0.004483723844623182,0.05589976808808698,0
13956_205_gmail.com,39,73.71692307692305,45.97977003064506,59.95,212.95,280590.5,0.0004180694744098587,-0.02128333234527036,-0.0025535322420261464,0
13956_205_yahoo.com,38,55.614210526315794,53.218740794433984,35.95,350.0,286806.0,0.05873175826470709,0.004743880866693466,0.04085151631416762,0
13964_299_gmail.com,139,194.48417266187053,269.9219142185285,100.0,1510.19,81612.0,0.0033712268935901096,0.008665435810328772,0.029605617266446053,0
13964_299_none,31,144.01451612903224,153.08204302181758,107.95,842.0,316275.5,0.02030764065677714,-0.008188237872020006,0.033624404587666364,0
13964_299_yahoo.com,113,113.8545132743363,178.30231229542662,67.95,1799.05,97091.0,0.016943961085246564,0.005806919606194276,0.013236442049276289,0
13982_512_gmail.com,64,122.09734375000001,166.24100865951166,57.95,1008.0,180828.0,0.024612547785002492,-0.0020584101225544597,0.05095864716288849,1
13991_226_none,36,74.77916666666665,70.41296674204736,49.0,311.95,274638.0,0.039804538916272426,0.012730350674307056,0.0511717661268016,0
13991_226_yahoo.com,33,176.94272727272727,138.87245677288834,112.99,671.95,355102.5,0.017812354488130976,0.013363389227990047,0.017677712218740017,0
14014_264_gmail.com,78,86.88089743589742,55.729281195148594,68.45,311.95,152072.0,0.011930344748838115,-0.0020474991938185215,0.03892928530650318,0
14014_264_none,41,81.4221951219512,59.49839401448909,58.95,311.95,227564.5,0.049019768839000014,0.0006800088073402114,0.04279116359450144,0
14014_264_yahoo.com,47,115.89872340425529,160.6627355888133,58.95,1120.03,279291.5,0.03872916826606193,0.010377336241861032,0.044051565993084546,0
14025_143_gmail.com,43,182.26232558139532,164.19023431908016,159.95,1066.86,290904.5,0.03390749546117393,0.005395810374029024,0.054411744009541005,0
14025_143_yahoo.com,74,164.16094594594597,171.12943520139493,107.95,1432.47,89939.0,0.016560245657310752,-0.0026722118959555015,0.028794856907815306,1
14065_441_none,35,51.57,48.75842227612726,45.0,332.95,350985.5,0.10120360577662904,-0.011376078564233429,0.11118325038237245,0
14076_-1_gmail.com,34,58.89111764705882,47.5411745671208,50.420500000000004,278.504,265331.0,0.02142620636931604,0.009422074244711483,0.016964519064128714,1
14079_204_gmail.com,32,92.42875000000001,50.84829180697715,107.95,226.0,475117.0,0.015585486458737127,0.023315633289555278,0.026469656894388606,0
14079_264_gmail.com,53,96.96471698113206,114.28651269248907,53.97,554.0,235229.0,0.04318808961740383,0.009205914178902187,0.038995217500003405,0
14079_315_gmail.com,31,97.57903225806449,100.15769966552386,57.95,511.95,200582.0,0.02685565254353333,-0.0010097183899417522,0.019177229064685587,0
14079_325_gmail.com,45,100.78555555555556,100.7070959776267,77.0,672.95,170007.0,0.03548052834307998,-8.931181893043205e-05,0.03548052834307998,0
1407_264_yahoo.com,43,203.4179069767442,209.72677386784596,83.95,872.47,228381.0,0.058428070904656085,0.015192604327521009,0.06683961780823801,1
14080_264_gmail.com,31,73.99903225806449,40.33886738177115,57.95,201.95,501402.0,0.02634568784604758,0.01504614813532558,0.027654841781127946,0
14084_226_gmail.com,58,112.12551724137928,145.91838510256122,77.0,1104.0,206452.0,0.02144389578988176,6.790302952583427e-05,0.018188109964120527,0
14092_308_gmail.com,51,131.88803921568626,151.20423199310895,100.0,974.07,129152.0,0.009409209942013275,0.007696623784669912,0.009427367483229442,0
14165_181_gmail.com,130,118.59123076923078,170.85963802091777,59.0,1254.0,74989.0,0.025009726192300866,0.008562202250763554,0.059184388830188346,0
14165_181_none,36,175.395,219.8962793063534,84.975,1137.95,310137.0,0.025994753524406812,0.003893204926484997,-0.005936722976950269,0
14165_181_yahoo.com,86,98.62360465116281,89.0888009420127,60.975,554.0,126133.0,0.016920625797075834,0.009956581731043284,0.019504605125241204,0
14170_203_gmail.com,31,140.14096774193544,122.04015519372564,107.95,524.95,342565.0,-0.0012279177894576193,-0.009367040034928852,-0.003657461342017977,0
14184_476_yahoo.com,43,125.45418604651162,142.32889677397074,72.0,582.62,261842.0,0.03083149329087867,-0.00030887426328125855,0.039749529937746345,0
14216_476_yahoo.com,37,119.32432432432432,81.9588077334218,77.0,335.0,70835.0,0.017132479651262696,-0.006505371467068331,0.028798621081099755,0
14229_170_gmail.com,47,121.86063829787234,115.16070313436387,97.0,554.0,183899.5,0.004736399330830039,-0.014383485783956283,-0.003035616826799953,1
14229_170_none,31,63.303225806451614,69.46793288468855,34.0,295.0,344312.5,0.07283609558390022,-0.0028129347812943725,0.06124812821599419,0
14259_330_anonymous.com,30,134.60999999999999,118.54948291747206,92.0,604.0,246098.0,0.012514112232356558,-0.006681121552121312,0.040390457952697544,0
14259_330_gmail.com,176,137.40625,186.42674065234226,63.980000000000004,1386.0,54238.0,0.03146030287268815,0.007272174888735099,0.023529159286033965,1
14259_330_hotmail.com,33,91.11333333333333,92.3698525417566,57.95,511.95,345781.0,0.04086954417438755,0.007625638366734168,0.048108952397902464,0
14259_330_none,59,68.81983050847458,69.05350255581182,47.95,365.0,111481.5,0.024924372040221434,0.005428036298779748,0.023876661790141144,0
14259_330_yahoo.com,49,128.22714285714287,111.4025790929969,92.0,590.0,228444.0,0.019682139747250145,0.006348125032615448,0.01985572548161281,1
14260_-1_gmail.com,35,25.779685714285716,26.874372797222293,15.985,149.248,290265.0,0.0038510628623935964,0.003892623639292103,0.0016464677372848568,1
14260_-1_hotmail.com,59,34.41359322033898,23.77164186561527,28.773,104.474,145123.5,0.014043834235659757,0.012333757737850184,0.006159772508754369,1
14276_-1_gmail.com,314,33.95849681528663,34.69238056888881,24.560499999999998,319.32,28689.0,0.01493083697118887,0.009134502211688173,0.013985281747856007,1
14276_-1_hotmail.com,364,40.54645604395604,38.8344612439867,26.2405,389.783,11284.0,0.01595827346388359,0.006622208878262651,0.020550642129682623,1
14276_-1_none,37,36.19751351351351,42.90043355770437,14.386,193.827,4362.0,0.05079426060437043,0.008940341385408224,0.03210074159448733,1
14276_-1_yahoo.com.mx,30,52.67490000000001,50.242788879831636,38.7405,232.919,234769.0,0.01849373573961123,0.01514027831497547,0.01116867169166224,0
14290_177_gmail.com,140,106.81107142857142,148.39597807264775,79.5,1541.0,73069.0,0.030852343008816535,-0.00022604020113066794,0.03050413869170556,0
14290_177_none,46,85.83847826086956,85.88678667842439,58.975,578.47,192991.0,0.026982239646776332,-0.0009320944655132612,0.03592961298394413,1
14290_177_yahoo.com,41,141.38634146341462,215.02601646058505,100.0,1307.95,283692.5,0.02548464785134024,-0.00036717635123791753,0.04236915923247889,0
14290_225_gmail.com,75,90.95439999999999,93.35063963701589,57.95,545.21,106118.0,0.019880580015902368,0.010914789542453816,0.010747496256719755,0
14290_225_none,35,189.03485714285713,199.2737231530171,117.0,694.95,326411.5,-0.008375318932549995,0.02976732301925624,0.010256666328502147,1
14290_225_yahoo.com,52,110.05730769230769,129.45941110448751,57.95,554.0,261467.0,0.07132614913638308,0.018820835009742104,0.07825183499469462,0
14290_315_comcast.net,41,75.09853658536585,34.90689096557881,78.5,196.0,31471.0,0.04227192926241141,0.0024968392857373026,0.0525453749455396,1
14290_315_gmail.com,257,100.24657587548639,116.19561672564083,59.0,994.0,42568.5,0.021949058993001716,-0.003786249514036607,0.023021540554529166,0
14290_315_none,157,93.98394904458601,148.4162874590628,59.0,1772.95,67739.5,0.034401495482674446,0.0038100210822204807,0.03245732388895828,0
14290_315_yahoo.com,145,86.37924137931036,74.51999314308331,59.0,445.0,61221.0,0.04389870159669915,0.0005872658918588958,0.04048720149013467,0
14290_444_yahoo.com,35,150.12571428571428,235.46407987250214,57.95,1184.0,294940.5,-0.0008836137254222554,0.00017594474275751948,0.016107898313076456,0
14290_485_gmail.com,70,105.80242857142856,114.04618290644635,72.95,884.0,177954.0,0.010879338178394211,0.0038789140796204463,0.0051487100799209665,1
14290_485_msn.com,40,126.58875,70.66752391259722,97.0,311.95,253316.0,0.034255844153047145,0.018710982543250536,0.04715655756846645,0
14290_485_yahoo.com,34,63.586764705882345,26.96421732599447,57.95,131.0,326804.0,0.04476693375307269,-0.011148946055249777,0.06526633039723143,0
1431_343_none,31,89.92258064516125,52.15422798360721,84.36,306.76,200642.5,0.015777649873113038,0.002353574196016839,0.010968680760814913,0
14410_191_gmail.com,35,153.79285714285712,353.6483518054253,60.0,2161.0,235630.5,-0.008847349836019099,-0.012082835974675517,-0.007648453861195503,0
14410_191_none,37,137.47162162162158,150.6548115235892,57.95,500.0,201135.5,0.054266202242154095,0.02400478849042314,0.050103877012454535,0
14410_191_yahoo.com,37,178.58891891891892,179.9521325659896,126.95,744.34,142475.5,0.007424229492593026,-0.004958271175133762,0.002101427754839534,0
14426_272_gmail.com,398,90.7384422110553,105.82361612719825,58.95,1104.0,21610.0,0.029295278586396575,0.008645111156138217,0.02595060187415957,1
14426_272_none,104,101.29384615384616,101.71295561064605,59.0,482.47,89792.0,0.026848538845529932,0.009247916024181974,0.022575034572025653,1
14426_272_yahoo.com,174,133.19402298850576,242.77315735258296,60.0,1916.97,55313.0,0.012252482437549436,-0.0010223877958487407,0.02771649701506389,0
1444_123_gmail.com,39,79.69102564102562,44.53279671841243,59.0,226.0,216827.0,0.028171659016852306,-0.0007882679138715085,0.04004070158839212,0
1444_126_gmail.com,47,91.19787234042552,60.7497998923653,77.0,290.0,155510.5,0.009648307479528911,0.0012761550466977856,0.022945896386227488,1
1444_204_gmail.com,64,94.12828125,74.01535097436476,59.0,317.5,118737.0,0.004716160908487199,-0.005214209701011059,0.014627708876561979,0
1444_204_yahoo.com,47,67.21787234042553,78.81855497431441,47.95,525.0,245212.0,0.04877969838079142,0.0010000740653155205,0.04799129198429157,1
1444_264_gmail.com,106,112.7454716981132,123.70305964804159,60.475,744.99,95888.0,0.01114996832938409,0.00011389555026770568,0.032428177974181654,1
1444_264_none,37,113.32891891891892,101.44827106232007,107.95,424.95,257443.0,0.025672550025491035,-0.005443925752837191,0.01985124774393194,1
1444_299_gmail.com,121,116.28545454545456,117.54077771051793,59.0,662.0,84407.5,0.021217105828013356,0.010040382166483602,0.027361745887800343,1
1444_299_none,32,93.45781249999999,70.00034833548933,58.975,319.95,346597.0,0.018782145075909362,-0.019414015036942435,0.02663953513460921,0
1444_299_yahoo.com,78,110.43615384615387,82.98563955520609,80.95,442.25,138646.0,0.02127899650329761,-0.0077457514378699716,0.031024901025129756,0
1444_310_gmail.com,42,63.06095238095237,75.5553912169748,51.46,514.65,169166.0,0.041541284730650475,0.0056672197120191045,0.04411352192898652,0
1444_315_gmail.com,125,68.92368000000002,168.8855724259997,47.95,1904.26,68137.5,0.025040204584753627,0.006381610124517548,0.027349363628196555,1
1444_315_yahoo.com,63,67.36920634920632,46.9695802368308,54.5,209.95,175626.5,0.033958033048574685,-0.0028188696560671363,0.04103734912516559,1
1444_325_gmail.com,198,136.0081313131313,143.0801407880288,59.0,554.0,53865.0,0.04768816418433729,0.0037464528085695385,0.03907919889008683,1
1444_325_none,73,93.67260273972603,148.74210674144456,54.0,774.0,89212.0,0.029251924842065683,0.006641364061909207,0.046929614551872514,0
1444_325_yahoo.com,41,118.57487804878048,199.57621699701292,59.0,993.87,224944.0,0.028585876397521387,-0.003072330356862711,0.028155987558143664,1
1444_387_icloud.com,34,47.83294117647059,23.803963156115753,47.95,107.95,314905.0,0.026341781240674232,-0.0023141530637587546,0.038500077510363474,0
1444_512_gmail.com,64,76.5903125,55.66659234251136,59.0,335.0,157376.0,0.014481831478903986,0.0023358470632807923,0.029035330551087216,0
14479_123_none,44,79.54545454545455,30.318352187063905,89.5,146.0,165474.0,0.05298826586576479,-0.007268587712516154,0.06662634129269313,0
14482_181_aol.com,69,152.70434782608697,128.10076925040568,117.0,656.0,140177.0,0.010821981735743468,0.007309186826242146,0.02369977773748136,0
14482_181_gmail.com,74,66.24716216216216,56.54164955003142,49.5,335.0,127272.0,0.004033696220084999,-0.003406018729476948,0.011376024900847066,0
14482_181_none,30,119.62933333333329,121.4958259621384,55.96,511.95,271575.0,0.04372586352737553,-0.015497989882747261,0.048372347106484755,0
14482_181_yahoo.com,46,85.14717391304347,49.64618828851264,58.475,200.0,261971.0,0.028379927016878755,-0.012382315588457062,0.03503842110075501,0
14502_143_gmail.com,44,170.10545454545456,260.17819503226616,58.475,1214.95,224645.0,0.02024091825922191,0.010618884195233512,0.024165014719973572,0
14502_143_none,30,111.21666666666664,101.74266421822372,63.475,554.0,346120.0,0.04349697560204637,-0.004410959595177871,0.04096493969907735,0
14502_225_gmail.com,58,99.00689655172413,143.97674048509862,63.475,1094.0,154959.0,0.008683822124540982,-0.007814284947539732,0.008683822124540982,0
1450_204_gmail.com,31,60.791935483870965,45.53664971450628,49.0,268.0,171031.5,0.03373488678478646,0.005343385949644168,0.046881028551121424,0
14540_191_gmail.com,57,115.54824561403508,92.70025547614841,100.0,445.0,27734.5,0.002499082413599897,-0.005092377452347811,0.010953711813204307,0
14540_472_yahoo.com,56,72.02678571428571,68.87225620946836,49.0,450.0,26612.0,0.03191353620161403,0.007207190719639399,0.031617859772595285,0
14543_-1_gmail.com,77,26.7834025974026,24.88130436158883,20.785,149.248,96024.0,0.018392194083120705,0.005871197074612963,0.021207758687538214,1
14543_-1_hotmail.com,63,46.32433333333335,39.27452999324722,32.215,232.617,145713.5,0.021492403484477424,-0.006433281148896887,0.023499868227301948,1
14573_272_gmail.com,31,61.983870967741936,47.53241404573944,49.0,240.0,298314.5,0.029184960110448473,0.007867628653247333,0.03725284411505032,0
14605_330_gmail.com,96,132.0409375,257.5574246773188,57.95,2044.95,93720.0,0.036447977882918176,-0.0025136173054509034,0.01813630622794456,0
14605_330_none,42,80.47428571428571,52.69273931834203,66.95,335.0,268470.0,0.033218325621926455,0.027531638778631046,0.03845097935576764,0
14605_330_yahoo.com,50,119.15439999999998,233.27907601977506,67.95,1684.32,237151.0,-0.001902787791385939,-0.00010124338716920034,0.023930670533422536,0
14622_330_yahoo.com,30,246.7,119.15792042495539,253.0,445.0,164532.0,0.031463178427444484,0.021363239061571795,0.04276815609042998,0
14628_184_gmail.com,84,225.2302380952381,509.75049906086457,100.0,3011.94,124022.0,0.029497454282758073,0.01692616333317075,0.043111418682487385,1
14628_184_yahoo.com,30,193.2313333333333,267.40243530096893,103.975,1230.95,401313.0,0.030609876273671545,0.02776025351883636,0.03878824247539347,0
14634_264_yahoo.com,37,135.02486486486487,81.14929516676543,112.99,335.0,172910.0,0.0215630029098879,0.012935833114940974,0.0327762425863524,1
14649_441_aol.com,36,114.97972222222221,78.74630169397413,79.5,424.95,187188.0,0.02892879953970843,-0.003666585805897092,0.04244031309652704,1
14649_441_gmail.com,165,93.92775757575758,116.79666307163275,55.0,1052.0,66118.5,0.02571511690316972,0.0014441937262528112,0.02108053562054026,1
14649_441_none,122,101.50049180327868,250.25986379359279,59.0,2783.95,84057.0,0.01258660798211213,0.016342462141243855,0.014408101606884448,0
14649_441_yahoo.com,76,106.80763157894737,193.98777318272042,54.0,1164.95,101581.0,0.04064976224553084,-0.007848182917951647,0.03480180902915657,1
14649_476_gmail.com,115,91.51704347826086,70.33774653612893,77.0,554.0,85451.0,0.014619769436192653,0.001503511740527607,0.017432537983862403,1
14649_476_none,72,66.9388888888889,49.74469906308151,49.0,250.0,142806.0,0.023468189381491058,-0.0057751749358803915,0.01427830994760199,0
14649_476_yahoo.com,92,78.05326086956521,63.123517547959885,57.95,335.0,44922.0,0.0269430368398688,-0.0008165120776358406,0.047949652218370345,1
14653_191_gmail.com,62,50.12387096774192,28.49858742140755,45.21,181.0,183140.0,0.03932642173409315,0.0033922489828459267,0.033017516394623234,0
14653_191_yahoo.com,32,97.16,73.48576907299808,59.5,280.0,302811.0,0.0005113156820691009,-0.008076969928562001,-0.00643312876237534,0
14712_264_none,46,122.57065217391305,147.81111682911515,99.975,1011.95,213968.0,0.005953176687454882,-0.012237072128498758,0.03186731658788817,0
14712_264_yahoo.com,36,94.5122222222222,63.88005718667478,61.985,300.0,273401.0,0.02245768819848859,0.0025620194386014733,0.04146186129471053,0
14741_204_gmail.com,72,89.54777777777778,63.04217759700912,59.0,280.0,113748.0,0.004040598886526223,-0.0014525257247883748,0.021019797943892877,0
14741_204_none,39,81.7779487179487,51.839778765528195,59.0,280.0,338239.5,0.02121718897305857,0.013527680536660813,0.03854961365602869,0
14741_204_yahoo.com,50,65.88699999999999,42.84760064461019,47.95,226.0,240028.0,0.055452614892612835,-0.0011350758504886926,0.0656209461283184,0
14766_204_gmail.com,31,105.05967741935481,197.13505662745237,35.95,1104.0,289617.0,0.02982534289572817,0.03542299823056625,0.028305470777882515,1
14795_299_gmail.com,31,235.99935483870965,496.61054956728344,73.0,2381.0,298337.0,-0.00424772613447507,0.007867628653247333,0.0058602408969330375,0
14795_299_yahoo.com,32,163.63125000000002,130.88558502443078,117.0,601.7,382812.0,0.002698387130362301,0.0035109974393440282,-0.011517294380228135,1
14813_122_anonymous.com,33,146.68030303030304,61.79444902425462,117.0,335.0,96071.0,0.06024342762170135,0.013322546966856676,0.06082434176133999,0
14858_126_gmail.com,45,82.35644444444445,116.06272340909375,59.0,800.95,211726.5,0.06102518852154429,-0.012661867397542027,0.061087438069087965,0
14858_325_anonymous.com,47,81.30765957446808,57.33433794235673,59.0,323.0,271583.0,0.04064013070117739,-0.007042152398707764,0.04194646250078503,0
14858_325_aol.com,160,158.6466875,175.70866053186552,107.95,994.0,63244.0,0.017047466486797606,0.014179385248124322,0.04090107961028234,0
14858_325_gmail.com,527,111.75508538899432,126.75017436836947,77.0,1327.0,14818.5,0.018073681141535135,0.014052660846131706,0.029868344356793117,0
14858_325_hotmail.com,39,152.33820512820512,108.59836937132974,117.0,445.0,200974.5,0.015295133836768345,0.0009692604305053532,0.019473267416928383,0
14858_325_none,175,146.81474285714287,153.72267161284645,107.95,734.0,58781.5,0.009431624398730038,0.0025440757539657646,0.03459476133173857,0
14858_325_yahoo.com,261,124.74862068965517,151.75177452052466,90.0,1704.89,35603.5,0.017107628509922777,0.0018762985634031108,0.045154985420630685,0
1487_-1_hotmail.com,34,49.47082352941176,28.001973396289504,52.179,130.009,199115.0,0.046286805870918345,-0.0004235217257958987,0.04121884560303272,1
14885_191_gmail.com,76,102.26986842105262,131.48876169201105,58.475,922.14,140535.0,0.04357373885371796,-0.0040904022494946575,0.03772578563734372,0
14902_441_gmail.com,33,89.39303030303032,54.07710082134124,87.0,226.0,165095.5,0.02441171895274675,0.016573661932206732,0.0278460434544456,1
14902_441_none,38,71.13105263157895,243.11201965121342,22.5,1541.0,320070.0,0.011184344935191458,0.004513578351813478,-0.00806755379467617,1
15063_-1_anonymous.com,183,20.848584699453554,10.077182844913578,18.962,50.028,1188.5,0.06062725763399898,0.025976871285755133,0.050871924449968506,1
15063_-1_gmail.com,35,43.2394,23.96259061740076,36.904,88.966,812.0,0.027607415036665563,0.02634178124067422,0.03418745007992544,1
15063_181_comcast.net,85,130.7764705882353,60.8002276448115,117.0,554.0,86783.0,0.0828440607977629,0.03596012737449803,0.0687580654945645,0
15063_204_gmail.com,49,106.16183673469388,97.18864250168474,77.0,500.0,103838.5,0.011743501255027572,0.005671835481237293,0.03957490462822656,1
15063_299_anonymous.com,57,213.76175438596488,292.25500958066107,150.0,2007.95,90866.5,0.019416044292006017,0.002306595789927396,0.025132327217499903,0
15063_299_gmail.com,267,293.40078651685394,407.11951117059704,150.0,2079.95,20451.0,0.027206508302245164,0.010967824873239876,0.02998856222659295,1
15063_299_hotmail.com,43,269.7758139534884,294.9358064348253,200.0,1790.51,170743.5,0.012776435306173103,-0.0008327948704695415,0.006649821513726353,0
15063_299_none,46,375.0923913043478,639.6408347359265,144.0,3694.95,119648.0,0.011652453207114527,0.003631395201181338,-0.0014963864555814568,0
15063_299_sbcglobal.net,30,176.69366666666664,197.0475938190794,100.0,802.86,147103.0,0.028911048712560707,-0.0026965326676745074,0.038850492022937146,0
15063_299_yahoo.com,136,284.1077205882352,426.7311521613478,117.0,2885.95,78337.0,0.0026874574876981396,0.0049694165380200495,0.024114083649519377,1
15063_325_gmail.com,35,270.1577142857143,324.5933989654108,171.0,1663.97,318454.5,0.01277249273839845,0.023215169956870764,0.01793705816559201,0
15063_337_gmail.com,31,167.7725806451613,112.65393757612198,150.0,445.0,290358.5,0.023536373446932123,-0.010158092641158113,0.03761424857169599,1
15063_512_gmail.com,30,159.33866666666665,137.92127195694732,110.97,500.0,261494.0,0.036776231970626426,0.009547405715316822,0.02710003912184223,0
15066_-1_gmail.com,44,51.096909090909094,52.179282582796894,35.221999999999994,221.574,197354.0,-0.007397800299316977,-0.007990330634354132,0.017299390981636138,1
15066_123_gmail.com,82,237.650487804878,452.4414311615033,75.0,3013.95,90177.0,0.02621778983542417,-0.00916561798781148,0.020414418666327153,1
15066_123_none,67,158.14253731343283,275.51500838033445,77.0,2041.81,151410.5,0.001848673637389664,-0.009033126254251126,0.031506332339623376,1
15066_123_yahoo.com,56,192.44607142857143,199.28307464937706,117.0,994.0,174412.0,0.03851627413435444,-0.008966327738456518,0.019698183977830894,0
15066_126_aol.com,87,145.19781609195402,246.83813671900194,77.0,1661.6,78374.5,0.02538206218007743,-0.0050741581788367705,-0.0014123199243480829,1
15066_126_gmail.com,120,206.43224999999998,246.35549684166614,107.95,1211.23,71103.0,0.014985137580639834,-0.0005247711021634134,0.023988280740481028,1
15066_126_yahoo.com,61,262.6460655737705,359.0119825082727,141.0,1809.71,155174.5,0.01627934831122076,-0.017604648785839668,0.01950131978572309,0
15066_143_gmail.com,48,173.6464583333333,233.9553008187816,115.975,1651.0,129588.0,0.02762108765456185,-0.007333860375129106,0.04287875075849495,1
15066_177_gmail.com,40,143.98075,206.51653655806234,59.0,1104.0,276578.0,0.04041572012513176,0.010557616524633225,0.022915845116606895,0
15066_181_gmail.com,100,159.0738,164.4462788863281,94.5,895.9,71772.0,0.028632666545374098,0.009148027114540443,0.02972199098665036,1
15066_181_yahoo.com,35,474.6462857142858,569.8631365967783,268.0,2319.95,315880.0,0.0072286105011629825,-0.007352057199779098,-0.0005723824406346709,0
15066_184_gmail.com,81,197.88962962962964,199.86919066948556,107.95,944.95,87566.5,0.0036905739013239174,-0.002736260823013127,0.020865745704806572,1
15066_184_yahoo.com,45,250.44488888888893,248.1923721240103,117.0,894.95,200686.5,0.017017775562887208,-0.017444354052149256,-0.005932615617995209,0
15066_191_gmail.com,61,188.0216393442623,242.80614823406628,100.0,1589.95,150996.0,0.0009467688001139583,-0.008075659340117891,-0.002382230020915258,1
15066_204_aol.com,69,226.11652173913043,307.64730798373785,107.95,1822.88,78911.5,-0.000545245474785707,0.018211503646478715,0.004882987383915835,1
15066_204_gmail.com,317,180.8601577287066,263.0474428972873,101.95,2407.95,26947.5,0.013455848365163224,0.01466918073230541,0.023973525419760867,1
15066_204_hotmail.com,39,248.5715384615385,370.06835854002026,117.0,1609.2,344525.0,-0.013960117786328406,-0.001401356631602596,0.0029022139805036998,0
15066_204_none,98,206.38295918367345,388.45127941349085,64.475,2365.47,84846.0,0.03348400612363444,-0.0013291708962303202,0.017994944964677018,1
15066_204_yahoo.com,152,211.73203947368424,276.23024105173283,103.975,1693.28,75294.0,0.01351873789442588,0.017808146619432752,0.022225080826037896,0
15066_220_gmail.com,60,247.09850000000003,361.6688100358531,117.0,2424.95,128814.0,0.021872335936473485,-0.008178332933205534,0.04012760399339978,1
15066_225_gmail.com,40,288.20050000000003,390.03754853186894,179.065,1949.95,180413.0,-0.011104151992713897,-0.0016036180044464374,0.0184496140023276,1
15066_231_gmail.com,49,284.9661224489796,531.6532124010849,100.0,2381.53,145469.5,-0.003546876551192922,0.010274236936778008,0.014040433680976253,1
15066_251_gmail.com,45,186.06,207.30686645646836,112.99,1104.0,195265.5,0.0067042008672233075,0.012248885931131083,0.011288434898788856,1
15066_251_yahoo.com,35,126.50028571428572,98.28892652308919,107.95,413.47,348019.0,0.0192001581282212,-0.004571039382106047,0.009826777489124437,0
15066_264_anonymous.com,34,212.88764705882355,253.8150423167003,112.475,1331.0,256928.0,0.023315670680085242,0.008224937392064022,0.02010476402303448,0
15066_264_gmail.com,221,227.4322624434389,386.5313247687185,108.5,3153.95,49412.0,0.02075916495346557,0.010785673904645202,0.02123224862496916,1
15066_264_none,66,136.76954545454547,142.63648602921722,107.95,844.95,147044.0,0.006023839588479629,-0.003168765699919987,0.024335228452536974,0
15066_264_yahoo.com,146,277.1305479452055,451.9761060007378,117.0,4222.95,69276.0,0.009261763912946655,-0.007941831838756581,0.009974501016930926,1
15066_269_gmail.com,33,239.10575757575754,255.4684478653462,150.0,1464.95,243200.0,0.0110801068763004,0.002698387130362301,0.02180553120575427,1
15066_272_gmail.com,127,207.16448818897638,310.81868013489964,87.0,1762.96,84459.5,0.013879141699644403,0.0003032518851555366,0.008154849777050749,1
15066_272_none,30,171.28,135.74599539826826,112.475,445.7,192165.0,0.03887058583485189,0.002950191950492287,0.021274753379824145,1
15066_272_yahoo.com,89,152.92483146067417,162.9186767292774,107.95,1179.0,71420.5,0.023502070608973354,0.01515322622850588,0.03898124861674135,1
15066_299_anonymous.com,32,276.6459375,323.63345262097226,200.0,1758.92,153180.0,0.012853104279023427,-0.0006192866070911171,0.010331442600663716,0
15066_299_aol.com,30,332.8853333333334,436.3259147833825,108.95,1907.95,370931.0,0.01386734597241674,0.019910291760680113,0.041977103484200716,0
15066_299_gmail.com,327,246.28788990825691,365.9964614192171,109.0,2963.95,21998.5,0.024844874684756765,0.01736769739174536,0.032716808701795067,1
15066_299_hotmail.com,38,260.7528947368421,282.48622178703727,171.0,1384.95,159937.0,-0.008776885045019823,0.007877131245965563,-0.005168321818305052,1
15066_299_none,80,198.25425,191.41270555905504,107.95,744.95,102303.0,0.03170001103864092,-0.015437530485518016,0.030528343237906236,0
15066_299_yahoo.com,151,327.87066225165563,444.8648363857741,171.0,2887.2,71758.5,0.020815699006200464,0.018779124298597863,0.039701638849875466,1
15066_310_gmail.com,39,263.34076923076935,256.94216471241265,150.0,994.95,290495.0,0.009568343953280434,0.00020025329505946737,-0.004286879649865433,0
15066_315_gmail.com,123,259.7539837398374,347.5564030794544,107.95,1718.95,76843.0,-0.0010614723779129205,-0.002749465386248002,0.006261705460098594,1
15066_315_none,49,167.33326530612246,165.15007441455694,108.95,930.95,148903.5,0.0060766975703793955,-0.005616288232268597,0.021839106280069,0
15066_315_yahoo.com,95,232.67631578947373,352.92414715690194,117.0,3092.2,85153.0,0.007654713930254693,0.0053038669790915136,0.01805608740620908,1
15066_325_anonymous.com,38,198.63078947368422,299.26413140253476,77.5,1364.29,252517.0,0.011896159727808005,0.016103404800835226,0.025396347773913926,0
15066_325_aol.com,121,176.93421487603305,206.78876824508015,108.5,1699.95,91953.0,0.017091045963175237,-0.007174835094038719,-0.0009248356437649569,0
15066_325_gmail.com,338,195.8409171597633,295.91443443627196,100.0,2960.99,25339.0,0.014095800956050777,0.016337284840232752,0.023455918533896142,1
15066_325_hotmail.com,45,196.3971111111111,254.3381422054962,102.95,1331.0,182592.0,0.01880024758936888,0.006294731475789177,0.018737998041825195,1
15066_325_none,144,189.07513888888892,285.909254666839,77.0,1727.7,68685.0,0.023028005899148635,0.00028579653309765765,0.012849950991789955,1
15066_325_yahoo.com,123,211.78943089430894,266.8908655870831,108.5,2079.95,75935.0,0.010921428068661799,0.0007161773897498523,0.015574057265981819,0
15066_327_gmail.com,36,335.24666666666667,696.0659221255156,93.975,3619.95,267243.0,0.008913113211319316,-0.0057129479567829475,-0.0016650213360847183,1
15066_330_aol.com,41,204.65634146341463,268.7641649109376,87.0,1414.95,119199.5,0.02596433827491959,-0.016777726918486523,0.02191949783628999,0
15066_330_gmail.com,124,221.85959677419356,380.3152432657955,100.0,3163.95,76744.0,0.00988553942022721,0.004318246848006458,0.03171623026269052,1
15066_330_none,141,87.01475177304965,165.16355447146205,49.0,1104.0,77197.0,0.021859244460938933,0.011107030614049569,0.01092190608978746,1
15066_330_yahoo.com,69,214.31739130434784,269.8354336195915,117.0,1790.49,179140.0,0.014042593652007558,0.0008004672879127483,0.019004574522117117,0
15066_337_gmail.com,60,211.39783333333332,306.05946676581044,87.0,1439.95,181327.0,0.01632326010578822,-0.0037408472280075974,0.01413942851993016,1
15066_337_yahoo.com,43,168.32209302325577,221.39398427320344,107.95,1272.75,247431.5,0.0035921497547272696,-0.0032526487438309104,0.00386172728373501,0
15066_387_yahoo.com,33,192.20545454545456,221.72040370415343,107.95,792.0,346936.0,0.009053074146770423,-0.000838678195555935,-0.0023896657138892247,1
15066_433_aol.com,49,107.16224489795918,190.32178511898945,57.95,994.0,294658.5,0.03552579689046248,0.004045631692279457,0.045794987649866545,1
15066_433_gmail.com,46,259.31108695652176,248.61060169450838,145.475,941.95,149384.0,0.0014841219714089443,-0.0017439078895442814,0.002881809341511367,1
15066_436_gmail.com,36,203.48888888888888,274.7405146151322,112.75,1260.67,409485.0,0.018213214731711953,0.007712329812984232,0.02318715826306119,0
15066_441_gmail.com,93,198.40258064516132,396.10350073486546,59.0,2594.95,120824.5,0.03333131217557425,-0.003946653263523753,0.047698411840447014,1
15066_441_yahoo.com,45,187.2184444444444,329.49598005273685,77.0,2079.95,145685.5,0.02651953683452006,0.01673751350065142,0.03349056330909633,0
15066_472_gmail.com,54,260.4951851851852,398.65407037765135,100.0,2327.95,181329.0,0.014099387073528133,-0.008331518349649038,0.0253741078502304,1
15066_472_none,30,241.96166666666667,226.96327431375818,175.475,859.95,243474.0,-0.02520179538130208,0.00226625178504649,0.015815155270771493,1
15066_472_yahoo.com,38,333.6478947368421,349.98420523878,226.0,1564.95,191266.0,0.0371442270125674,0.019889143257977575,0.02112794256048755,1
15066_476_gmail.com,35,192.954,154.22093623296232,117.0,744.76,243495.0,-0.003787186910604881,0.015075054753359504,0.005654279253746224,1
15066_512_gmail.com,37,203.58999999999997,520.6110551411055,68.5,3163.95,269501.5,-0.006623346343835712,0.005867535719366261,0.02811541681284723,0
15111_191_gmail.com,37,52.2345945945946,37.68975017267811,35.95,226.0,271485.0,0.047430707710218366,0.007039203520100942,0.05075636509032478,0
15111_272_gmail.com,66,132.06469696969697,149.43716778571942,59.0,527.0,145469.0,0.03302718765920204,0.00913312042331877,0.04262279627070398,0
15111_272_none,33,83.74090909090908,88.51911063526566,49.0,475.95,169855.0,0.03540818694315872,-0.016914638532738016,0.019763874567530496,0
15111_272_yahoo.com,60,125.26766666666666,112.20488939683314,98.5,664.0,172790.0,0.017245946169278995,0.022221205307734308,0.016920446160143095,0
15124_204_gmail.com,61,99.58786885245902,184.0057959717463,59.0,1477.95,221528.0,0.03996225929051414,0.00326433969632239,0.03996225929051414,0
15124_204_yahoo.com,73,168.20739726027395,348.44842715440177,78.95,1861.0,132063.0,0.012850592567111439,-0.0072994001499140475,0.027402284991697775,0
15125_325_gmail.com,38,98.15657894736839,64.80217281429917,67.95,335.0,319486.0,0.04637079030832252,0.004743880866693466,0.05227071633060173,0
15128_299_gmail.com,62,224.02645161290323,521.8272805560957,75.475,2482.95,189622.0,0.014807144901109348,-0.009354712533306938,0.018700534722573096,0
15142_170_gmail.com,48,141.02416666666667,151.46350459534983,117.0,1030.71,136934.0,0.0045656570904814425,-0.005315462115229579,0.0020031531509883613,1
15146_-1_gmail.com,53,55.77349056603772,33.9532837468382,50.33,160.675,204540.5,0.008108261813686797,0.016989255604235767,-0.0033143022468225605,1
15146_-1_hotmail.com,66,56.49728787878789,44.782064962392184,35.465,200.836,129625.0,-0.0007792474023987431,0.01255487855444342,0.010791702334393027,1
15185_264_gmail.com,180,101.65100000000004,178.02662876378915,67.95,2183.16,65755.0,0.019731309199796033,0.0043711101723152256,0.020965877101030598,0
15185_264_hotmail.com,44,117.48977272727271,71.77018133942397,107.95,311.95,269245.0,0.01640217397005811,0.011847116860357235,0.04275904588862254,0
15185_264_none,99,100.51414141414145,58.50258278007559,100.0,348.28,106054.5,0.024167215008574078,-0.00447784753260802,0.0229775594182108,0
15185_264_yahoo.com,175,104.57217142857148,85.3997271516169,78.95,694.95,62358.0,0.02848884452332451,-0.0031814964272208097,0.02830015789336238,1
15205_315_gmail.com,37,206.86918918918917,162.0654249666253,270.0,554.0,276034.0,0.06919656867133309,-0.000686569534268211,0.03768456203750304,0
1522_315_gmail.com,55,68.8283636363636,47.62833204811974,50.0,226.0,205170.5,0.038493093858681805,0.04237643351605378,0.031166270688556673,0
1522_315_none,52,100.58846153846153,74.6804813183527,82.475,335.0,214507.0,0.01789373163053521,-0.01296539785419653,0.022167235904039483,0
15257_-1_gmail.com,282,33.29049645390071,33.989445393501036,23.685000000000002,267.714,26174.0,0.007014891941436514,0.015390181552699837,0.010350371629017745,1
15257_-1_hotmail.com,275,32.05330909090909,26.824529002505916,24.836,172.144,15594.0,0.005947578219118193,0.0016896560821873536,0.0005151514862206715,1
15257_-1_outlook.com,30,22.813600000000005,11.937959584451605,25.678,65.661,244384.0,0.047173451131661166,-0.011371137382426129,0.031463178427444484,1
15280_191_yahoo.com,62,50.962096774193526,21.238112586778968,51.475,159.95,163368.0,0.09637895958876067,-0.013302815147031563,0.058446464662321757,0
15286_343_sc.rr.com,66,142.5510606060606,51.87491307415244,117.68,270.0,96189.0,0.046427879992520016,0.01475272407470906,0.06948331055660042,0
15315_-1_gmail.com,53,41.73103773584906,31.71890164528844,31.97,149.086,201104.0,-0.01639180086160828,-0.007116799904539492,0.007150018798208105,1
15315_-1_hotmail.com,80,48.05312500000001,31.09596932979217,40.479,151.58,91612.0,0.045273774143003216,0.014774341199746095,0.024323071667757566,1
15316_494_gmail.com,31,66.05290322580646,47.78973436760366,50.0,209.95,375069.0,0.019687193762171325,-0.018868801306561715,0.016938243567353337,0
15359_325_gmail.com,34,209.88617647058823,292.7910923791178,59.95,1281.89,110869.0,0.029582526922794457,0.002182666021196565,0.049252619785053166,1
15359_325_yahoo.com,30,196.796,160.1233235061859,116.75,624.0,450316.0,0.01940928744092784,0.012864471860129782,0.025901143147018642,0
15372_143_gmail.com,42,111.38714285714286,194.95332681104435,57.95,1209.86,203616.0,0.04647696223251487,-0.007027792874556668,0.04782824153231314,0
15372_143_yahoo.com,49,75.81530612244897,48.26857917020523,57.95,241.95,208363.5,0.07127879431016691,0.009365164960331691,0.0759875274368198,0
15385_441_gmail.com,241,107.90070539419087,148.92767341441635,57.95,1224.0,39821.0,0.02743459601028106,0.0019662693511667707,0.015145284890116103,1
15385_441_hotmail.com,43,124.99860465116281,135.3839112007276,87.95,554.95,236118.5,0.014266970733718617,-0.017862564654217605,0.06018112372436171,1
15385_441_none,57,123.44245614035088,261.9955110321261,40.0,1563.8,93754.5,0.024363320082054017,-0.0018782167295372451,0.026178483987692153,1
15385_441_yahoo.com,102,85.94000000000001,68.91037068711279,59.0,390.0,102210.0,0.0319208795543867,0.0001863369367049797,0.03202526838462849,0
15397_433_yahoo.com,35,61.628571428571426,36.544364986204066,49.0,201.0,383877.5,0.0339566213858719,0.013147339444379652,0.05294003644568535,0
15399_143_gmail.com,38,113.9007894736842,143.1603221526496,57.95,811.95,251450.0,0.012224838950027378,0.0018255264495264864,0.04703585183195854,0
15399_143_yahoo.com,37,57.26540540540541,31.21079470178111,47.95,200.0,329785.0,0.05944271972223036,0.005403276059489995,0.05057166136587787,0
15416_181_none,38,97.96078947368422,64.67238169914486,69.0,317.5,227768.0,0.029440019376930797,-0.015072219137197918,0.02625886144732085,0
15446_226_gmail.com,50,190.44620000000003,386.31552009666916,97.0,2493.41,89494.0,0.01146594629882669,0.01024067358289904,0.04185499287707104,1
15446_226_none,44,177.15863636363636,320.60896563195956,107.95,2161.0,212600.0,0.010011698282079678,-0.004021267952846977,0.02035349860489869,0
15446_226_yahoo.com,62,214.34145161290326,185.2604362290119,150.475,884.0,138441.0,0.042615518728545604,-0.008924823693929235,0.04436046935912333,0
1546_204_aol.com,44,147.00727272727272,113.61064001395364,104.95,542.0,252573.0,0.0013115475599796145,0.00953284705892192,0.011003464602442094,0
1546_204_gmail.com,61,143.0604918032787,245.9752489176218,107.95,1949.69,178561.0,0.027389148390654715,-0.01919390481340316,0.04529009620986246,1
1546_204_none,45,51.19444444444444,76.19409587962562,20.0,335.0,287640.5,0.03548052834307999,0.02151356776199982,0.050856857285838705,0
1546_204_yahoo.com,35,339.6894285714286,774.1100761923531,107.95,3053.97,283514.5,0.009164116405575545,0.004906723517653928,0.03518146082185843,0
15484_264_anonymous.com,37,145.78459459459458,219.32269543515952,59.0,1104.0,262152.5,-0.002008119360763602,0.00801765532191745,0.007831532455532503,0
15484_264_gmail.com,310,103.71803225806454,157.65855782609904,59.0,1224.0,37215.0,0.029492162559228853,0.010770356492888725,0.02643195349010554,1
15484_264_none,157,111.63541401273886,179.28044227631295,57.95,1939.95,72803.5,0.03324640138221585,0.01536643366804481,0.023078070146510258,1
15484_264_yahoo.com,138,85.83268115942029,58.842582130604114,70.45,335.0,85758.0,0.006213445372404862,-0.001218967219108781,0.01519709348314334,1
15484_299_gmail.com,30,161.09266666666664,141.18326468183906,108.225,500.0,354168.0,0.015732811911313052,-0.004598086104291979,0.05210327898427738,0
15484_310_gmail.com,54,175.40314814814818,209.00908824670466,107.95,1054.0,149566.0,0.02014297945037287,0.006775466808810568,0.024956101407267575,1
15484_433_gmail.com,71,92.54957746478873,56.67528821442077,77.95,241.95,165779.5,0.012624221089129087,-0.0015357302465115186,0.011851833182317004,0
15484_433_none,49,105.28999999999998,77.52419593328293,107.95,554.0,233155.0,0.03159412407191259,0.002641181466476593,0.03829476021988025,0
15484_433_yahoo.com,36,99.88888888888886,37.883192387021694,107.95,226.0,284290.0,0.048452998034132354,0.005118044362471527,0.05462583754030519,0
15494_126_gmail.com,44,152.7709090909091,182.1558803335282,59.0,811.95,197483.0,0.027742173006498373,-0.0005151623134356659,0.012892336818228801,0
15497_220_gmail.com,136,150.74595588235292,174.498779114129,108.225,1537.91,84069.0,0.007673713645259157,-0.0032508730625085934,0.02867627167792118,0
15497_220_none,30,65.57833333333333,46.04613571070747,35.475,226.0,373187.0,0.02336910724404962,-0.004410959595177864,0.05435197061373941,0
15497_264_gmail.com,32,180.863125,324.5347028770334,79.975,1849.07,343739.0,0.020982830611247,-0.0056474263760016435,0.0328953685531967,0
15497_299_anonymous.com,182,156.5451098901099,247.94434868266154,105.96000000000001,2383.95,60053.0,0.018030344940290315,-0.0017980064802875853,0.02855478715133645,1
15497_299_aol.com,168,154.3110119047619,164.32350677289818,107.95,1319.0,65290.0,0.024635942567916763,0.010949719452299504,0.026789947792264367,1
15497_299_gmail.com,1384,135.61299132947977,194.66022865817828,78.95,2404.95,4974.0,0.01595790011749796,0.007457431861721405,0.024185453325378733,1
15497_299_hotmail.com,196,161.8344897959184,273.1657841996188,107.95,2784.35,53644.0,0.0290723187570954,-0.0005822252197679803,0.05957821760315759,1
15497_299_icloud.com,45,121.67044444444443,111.92017990922629,77.95,613.09,255078.0,0.01572744192332691,0.01646306271149476,0.05059425737720269,0
15497_299_none,492,129.67575203252034,166.82293237167622,83.45,1651.0,15637.0,0.022082234258747495,0.01231097646512232,0.03780381883154971,1
15497_299_sbcglobal.net,34,112.06735294117647,74.54465599297328,102.235,335.0,201054.0,0.010328070628495944,0.0006627939033509098,0.007032868598197878,0
15497_299_yahoo.com,749,145.01297997329775,219.59375240600525,87.95,2181.19,10234.0,0.016296803928658028,0.009153836880672324,0.02850523764782067,1
15528_384_yahoo.com,32,119.3359375,68.63027051069443,134.475,286.95,372288.0,0.01540199413147205,0.010679456220706034,0.014583696898223066,0
1555_476_none,32,78.0828125,42.11579945774322,59.0,210.95,36145.0,0.048760608389024775,-0.007567005231076257,0.02764132469512328,0
15562_310_gmail.com,34,135.0844117647059,139.99746779624218,58.475,450.0,236460.0,0.04302401454055461,0.006891399147849468,0.03155628660681097,0
1556_299_gmail.com,84,132.01916666666668,110.05160561352604,100.0,591.95,122419.0,-0.0023860468982458624,0.0025488804991978045,0.01754795490787652,1
1556_299_hotmail.com,34,115.69088235294117,83.66957604233338,107.95,445.0,270206.0,0.03468289789061441,0.0037634268804788776,0.02783960771027639,0
1556_299_none,39,105.19743589743587,90.29658322518812,82.95,409.95,206813.0,0.022946684494375015,-0.010627919927357735,0.0009093106871296205,0
1556_299_yahoo.com,50,151.1688,139.96819281022385,87.475,614.13,193541.0,0.020137489108086243,-0.011519134884648338,0.007878569107419957,0
15627_330_aol.com,34,210.10147058823532,135.2738157162191,226.0,445.0,273461.0,0.037279119611825694,-0.005576767600520324,0.030036414488965303,0
15627_330_gmail.com,115,92.31017391304351,77.91054396446812,59.0,500.0,81112.0,0.017614232853138446,0.004210954322484167,0.018907129282962554,1
15627_330_none,45,66.1051111111111,83.88078653322285,50.0,585.69,184219.0,0.01695552601534353,0.024232335854669065,0.026894318772763735,1
15627_330_yahoo.com,34,179.42470588235295,251.78669291842226,100.735,1424.95,299777.0,0.012255785937475797,-0.0072330411099331,0.008438606317726756,0
15651_272_none,35,69.88571428571429,56.721259017142735,49.0,333.0,183526.5,0.053192927063453084,0.008539107040941206,0.06420872447522091,0
15651_330_anonymous.com,32,123.0828125,88.89062767786514,97.0,335.0,332195.0,0.0068079913617899515,0.020596865196886034,0.020266991411301123,0
15651_330_aol.com,96,91.16604166666667,60.524926863496475,59.0,317.5,97055.0,0.016799926437363975,-0.00808486410551073,0.017657123090875946,0
15651_330_gmail.com,479,106.1900835073069,108.26157204677455,59.0,1068.57,18942.5,0.03178511688350394,0.0017799289540892296,0.02579215099226599,1
15651_330_hotmail.com,34,100.83823529411765,92.98751770978183,92.95,554.0,383634.0,-0.0027055737981300024,0.003071691517339596,-0.0027055737981300024,0
15651_330_none,336,81.13693452380953,148.57874680121486,50.0,2328.95,23282.0,0.01814740183933094,0.0037101154450464146,0.019129724882159062,1
15651_330_verizon.net,47,197.32063829787236,126.10300744560621,178.0,759.0,224599.5,0.007534170022367469,-0.005458945684714094,0.01777884119428102,0
15651_330_yahoo.com,196,146.4576530612245,330.595241535816,59.0,3072.0,55112.0,0.0234033845167326,-0.003499213277560753,0.02868836404303695,1
15668_203_none,38,18.68421052631579,9.711916888024176,20.0,40.0,154918.0,0.03861982940370542,0.008529619323835828,0.06048406707215954,0
15678_143_gmail.com,156,92.62698717948719,80.25084370848018,62.46,664.0,66778.0,0.012591653215804435,-0.005278980216203714,0.015005427211658647,0
15678_143_none,36,164.7119444444444,187.30891972916834,101.985,944.0,263220.0,0.005867535719366268,-0.008684606667219909,0.014676149405793718,1
15678_143_yahoo.com,61,87.24999999999999,190.9968717793781,49.0,1461.82,193788.5,0.02206131147130642,0.005983107788991627,0.027066783339621727,1
15757_299_anonymous.com,39,240.29717948717948,182.3184726979592,200.0,750.0,274283.5,-0.007507463103545324,0.00343338403057436,0.012344680416914111,0
15757_299_gmail.com,116,229.61999999999998,355.7848855456884,112.975,2594.95,85658.0,0.024099395839489963,0.01797418377418104,0.01890067302737927,1
15757_299_none,30,199.01766666666663,195.63413685897348,108.95,709.95,439555.0,-0.0028550905169233143,0.018409136939182544,0.013180682196429282,0
15757_299_yahoo.com,56,259.7969642857143,371.6336423574377,140.0,2277.84,105306.0,0.007872539950877055,0.006688526127544447,0.01203012429625279,1
15773_325_gmail.com,37,239.1908108108108,190.44251083141864,141.0,1193.11,19395.0,0.06480394092675354,-0.00033253196089549214,0.05057166136587787,0
15773_330_gmail.com,37,164.79459459459457,101.79004543254693,141.0,478.95,8204.5,0.027470632011364383,0.009835799274810104,0.02584955047355051,0
15775_330_none,1453,103.818238128011,30.52651416773688,106.0,904.95,12.0,0.11670804051343532,0.04615064568868413,0.11609627940614771,0
1577_512_gmail.com,31,69.84677419354837,61.54690964108894,35.95,250.0,255821.5,0.06178827501562866,0.00917870665767858,0.05461981623426664,0
15813_441_gmail.com,220,192.95999999999998,147.8833732678928,186.0,557.54,39272.0,0.0591759730807093,0.002455339817041654,0.048650847696388645,0
15813_441_none,43,111.35581395348835,102.83022710143565,67.95,445.0,211335.0,0.011482608016145271,0.0005184844293287319,-0.0007776797055957935,0
15813_441_yahoo.com,129,109.25201550387597,117.74447008776175,67.95,899.95,81651.0,0.013533238139838262,0.0005814205771799419,0.008854904947447423,0
15815_324_gmail.com,41,125.42463414634146,274.6542971392606,39.0,1241.98,170978.5,0.05039326957082618,-0.006353279583362875,0.04375225747174641,0
15815_324_none,53,89.43018867924529,139.32700788569133,59.0,1011.95,163288.5,0.017396912213986142,0.002346814828452677,0.03408983850351537,0
15815_324_yahoo.com,32,73.9203125,38.84988107159845,59.0,171.0,363659.0,0.027444218280813747,-0.010436459597625895,0.029474375347626015,0
15856_204_none,61,158.50819672131146,217.31209976277339,59.0,1212.95,120422.0,0.058491183966752694,0.0005656654155678821,0.058912199741794985,0
15863_177_gmail.com,76,110.5221052631579,141.142284931086,59.0,1044.95,146383.0,0.017515130701456577,0.006136413434489844,0.02608185201050009,1
15863_177_yahoo.com,43,91.70744186046512,70.41192529457265,68.95,335.0,208906.5,0.01926734331309344,0.012265039340044075,0.011482608016145285,0
15885_-1_anonymous.com,738,40.84073441734417,36.97217933303463,31.335,486.482,6844.0,0.02226864315576311,0.009280613549688786,0.019187096497322892,1
15885_-1_gmail.com,3840,38.078169010416666,34.501988346685486,27.42,306.269,1460.0,0.017095403742958058,0.0018331183270517298,0.015776545070069817,1
15885_-1_hotmail.com,4015,40.31475765877958,37.63047756324862,29.243,380.116,1467.0,0.01557329607550005,0.0005139813064212405,0.01568917830753803,1
15885_-1_hotmail.es,44,35.555704545454546,37.785534966547196,25.964,208.993,260922.0,-0.006406033978954555,0.008669123238010154,-0.006479787506908873,0
15885_-1_icloud.com,72,30.929569444444446,32.05284610947052,20.960500000000003,169.07,140400.0,0.00972778381499562,-0.0022623612621612797,0.02046476354081928,1
15885_-1_live.com,41,31.430878048780485,22.443030815926804,25.739,107.272,281763.0,-0.005836781377088204,0.0024832251986928525,-0.012358501582386341,0
15885_-1_live.com.mx,143,34.004874125874125,25.93441558574948,26.313,143.301,73165.0,0.02525743860320743,0.00836490986617646,0.02194157121390966,1
15885_-1_none,263,34.13855893536121,27.083547204985937,27.915,227.23,1047.0,0.010388114660944034,-0.0008103507363689481,0.0067954809007990235,1
15885_-1_outlook.com,362,34.252906077348065,32.229808292328386,25.753999999999998,334.943,15962.0,0.01607659112828904,-0.0019659125711430515,0.015980867234025403,1
15885_-1_outlook.es,69,32.22163768115943,23.754989555496934,27.854,128.26,146831.5,0.00512270521608383,0.015101097712642425,0.017498657394226874,1
15885_-1_yahoo.com,94,47.18218085106382,49.736488123411675,29.0915,323.169,106419.0,0.0008450625891305921,0.0031776622243869374,0.02246599493643523,1
15885_-1_yahoo.com.mx,184,50.533152173913045,40.072705814728806,38.216,248.358,59426.0,0.010384267433068532,0.013268423389918824,0.0062770311211780075,0
15885_284_hotmail.com,42,41.0832619047619,35.72736790317121,35.45,171.16,65415.0,0.035465062811126595,0.0024766456731256242,0.017869230356098866,0
15885_465_hotmail.com,30,45.95116666666668,30.995922513650445,34.3305,149.842,19333.0,0.03608956819463897,-0.015094246640261252,0.011397559616991404,1
15890_-1_anonymous.com,54,42.1978888888889,23.768319216870633,33.5685,99.11,164386.0,0.016184228416341304,0.0027792405612452956,0.005693434052389465,0
15890_-1_gmail.com,68,56.709823529411764,53.39145759084256,35.469,357.686,75068.0,0.010761956778913062,-0.0011783708376538922,0.01366033844219866,1
15890_-1_hotmail.com,60,55.53451666666667,50.61609095715566,39.272999999999996,249.916,152840.0,0.01178895855628664,-0.006187372769574501,-0.0012725723492395154,1
15898_269_yahoo.com,30,134.34299999999996,102.16282833953518,103.975,377.0,434426.0,0.0004602212458399285,-0.008302478065779016,0.005343385949644161,0
15944_-1_gmail.com,69,46.43665217391303,35.094181090741266,39.47,216.787,121367.5,0.02421131054481885,0.001833383367222302,0.014779889301557624,1
15944_-1_hotmail.com,74,45.70348648648648,31.377334802862055,33.5065,139.92,96646.0,0.007996435125286857,0.002588471401614518,0.005455191433401136,1
15986_204_gmail.com,56,79.21696428571428,48.75474086543653,59.0,286.95,160812.0,0.006770242388322703,0.0048363232912349285,0.015313655257243673,1
15986_251_yahoo.com,31,89.08870967741935,59.74090389620052,78.95,331.0,350694.5,0.022016501329086453,-0.0037706422182399307,0.03319473998515197,0
15986_264_gmail.com,52,124.83576923076922,232.7779675615813,57.95,1500.0,93873.0,0.0450152710556334,0.0035138818080059087,0.059790884847140534,0
15986_299_gmail.com,43,92.07837209302325,99.754500602094,59.0,614.95,242313.5,-0.0005807569383397479,-0.0034050320688055816,0.009725823684021612,0
15986_325_gmail.com,44,63.70227272727272,56.050419626344066,48.475,365.0,227558.0,0.03028103961879535,0.0035265551298231806,0.046536901436349705,0
15986_441_gmail.com,51,81.57509803921569,59.13866428340839,59.0,300.43,86582.0,0.038121335679077266,0.0016730475543209958,0.026854609191762552,0
16040_-1_gmail.com,44,41.435772727272735,24.587929702178183,35.794,89.776,39656.0,0.057053436989166255,-0.0038536818758910588,0.03182170751747109,0
16053_325_gmail.com,33,108.46818181818182,82.48430871731303,77.0,400.0,149422.5,0.0195921646025932,-0.009473523226371405,0.014514431377999237,0
16062_-1_anonymous.com,59,43.75488135593221,36.44788755966791,35.535,196.282,203164.5,0.008621899410503408,-0.0005402687920787914,0.01973248543011236,0
16062_-1_gmail.com,304,47.3637072368421,39.6337521535981,34.047,277.932,23677.0,0.007005733304422135,0.0014015085375255944,0.005740904701187781,1
16062_-1_hotmail.com,420,44.61640952380952,33.892198524199024,35.1645,233.463,16011.0,0.016446512300963036,0.01045451571376579,0.0145531621321794,1
16062_-1_none,41,37.35343902439024,32.459085383812024,33.534,148.391,7378.0,0.013933218376367129,-0.008614271825373804,0.026867746090607755,1
16062_-1_yahoo.com.mx,43,53.76488372093023,44.34867090020157,38.609,175.581,190990.5,0.008694513786153935,0.018282909702403864,0.006023009907092584,0
16070_181_gmail.com,41,52.92560975609756,20.696868862843928,49.0,117.0,172654.0,0.06256904782531193,-0.015611225368126556,0.06918011352332237,0
16070_191_gmail.com,52,58.03634615384614,27.770576711335647,57.95,181.99,271524.0,0.04952339891571308,0.0265031745400552,0.0391870306012941,0
16070_299_gmail.com,31,91.65419354838707,65.8292507674795,77.0,339.82,343729.0,0.013028699678295043,-0.01180246385409111,0.00868949118672236,0
16075_123_gmail.com,49,349.64061224489797,448.2068061591437,131.0,1651.0,93561.0,0.027777319528118252,-0.0003758584612396504,0.015733891533184566,1
16075_126_gmail.com,65,349.34046153846157,452.4292545306632,171.0,2452.95,94110.5,0.0031670257766762203,0.0127778168054885,-0.0050630158242985085,1
16075_203_yahoo.com,35,297.5285714285714,131.78637842341365,335.0,625.52,5915.0,0.05289789438159397,0.007133369321412349,0.04918511554699171,1
16075_204_aol.com,30,186.01166666666666,289.76738103846145,100.0,1414.95,183329.0,0.011772992108191285,0.02009741826979422,0.00662657694279481,1
16075_204_gmail.com,72,515.7240277777778,705.4698479395364,200.0,3100.44,98702.0,-0.0032209145079666636,-0.005033962692237982,0.004622861463688736,1
16075_204_none,37,151.43972972972972,176.77024495069003,77.0,757.45,209654.0,0.03763896324706998,0.01764456624159389,0.04120210246571979,1
16075_204_yahoo.com,43,205.10418604651167,267.43028152305465,117.0,1218.91,248503.5,0.002203605779233578,-0.005867028006258351,0.028280311275165337,1
16075_205_yahoo.com,30,2382.4377333333327,7912.481647092244,86.45,31937.391,509281.0,0.026650056470549778,0.014752952498301414,0.03608956819463897,0
16075_264_gmail.com,68,321.8219117647059,418.79693530206737,100.0,1803.72,142873.0,0.0026056362254346377,0.0032128767976795716,0.03358070657321872,1
16075_264_none,48,232.46395833333335,309.10286477387257,117.0,1464.95,264130.0,-0.004082802027378499,0.0015177737647767975,0.00572371080417166,0
16075_264_yahoo.com,52,253.3005769230769,356.77271642091614,117.0,2053.67,226155.0,0.005535675837259932,-0.010823047423685415,0.030546207372334634,1
16075_272_gmail.com,34,122.25529411764707,119.50765144678086,83.5,494.95,239597.0,-0.004571039382106054,-0.005243076075949427,0.034275054699480216,0
16075_272_none,34,50.46970588235294,49.91645069427006,35.95,319.95,443240.0,0.09504250477019194,0.013105380483654214,0.09684767370771383,0
16075_299_anonymous.com,30,480.2123333333333,658.2325030801976,171.0,1979.95,253454.0,0.023369107244049607,0.008644548945962977,0.027503358624322717,0
16075_299_gmail.com,140,230.8511428571429,359.9257048000834,103.975,2484.63,56339.0,0.029467985885681162,0.00818719236319794,0.03435114780809212,1
16075_299_yahoo.com,60,308.1745,357.70135131337804,100.0,1395.11,105229.0,0.022489615802743102,-0.0013731841767446913,0.022469521990828353,1
16075_315_gmail.com,61,525.2632786885245,799.4684294891863,125.0,2743.95,84021.5,0.009315738863164492,0.017412584547064475,0.016915701790769153,1
16075_315_hotmail.com,33,170.82848484848486,273.263323267428,59.0,1164.95,225064.0,0.008088536000496915,-0.025576061509337642,0.012140842337380713,1
16075_315_yahoo.com,38,143.25026315789472,107.23982217654533,115.975,409.0,345014.0,0.003912762133584102,-0.005047863596454899,0.012889900473663389,0
16075_325_anonymous.com,43,187.93720930232558,159.0287282416781,125.0,776.45,183883.5,0.011836110581353289,0.006560354702733792,0.01472619626339644,1
16075_325_aol.com,73,318.6609589041096,506.01833772382116,117.0,2161.0,139121.0,0.012949386271738635,-0.00507990072199269,0.0238509163608799,1
16075_325_gmail.com,197,245.918578680203,404.0917876682524,107.0,2594.95,44271.5,0.015463394588789408,0.0034191874738616693,0.026104462767173684,1
16075_325_none,63,311.46952380952376,525.9159853642766,117.0,2594.95,153551.5,0.01671752838268782,0.0031588133289058296,0.01997253136663176,0
16075_325_yahoo.com,76,298.8811842105263,515.1902857477621,165.0,3839.95,123609.0,0.009099108273203448,-0.011823309666037975,0.02776266291715599,0
16075_327_yahoo.com,39,232.43641025641026,546.2834570660517,50.0,2517.6,245733.0,0.03805837244330892,-0.00022963554431824212,0.0353319684617392,0
16075_330_gmail.com,53,117.23113207547169,117.7873551156214,100.0,664.0,96354.0,0.02833425058513761,-0.0056983783575452265,0.022863920312841145,1
16075_330_none,63,150.65825396825397,337.69321998514494,55.0,1794.81,100946.0,0.003227409743696369,0.005562513134672667,0.023789701812869088,1
16075_337_gmail.com,34,106.80588235294117,71.11373943188588,100.0,300.0,171993.0,0.030036414488965303,0.002876160506511981,0.027940108433490853,1
16075_441_gmail.com,36,128.2997222222222,63.00837600783773,117.0,250.0,254987.0,0.015113180891581063,0.004039749492355728,0.022977713596690562,1
16075_441_none,53,42.31603773584906,59.78403252272149,25.0,334.95,102006.0,0.0703810554489045,0.008676870643802626,0.06225802609716275,0
16075_472_gmail.com,54,180.50722222222225,281.48531938179144,100.0,1381.2,191527.0,0.02127790655560638,-0.010107858767129534,0.008255726841641713,1
1607_299_gmail.com,41,123.42341463414634,167.2361738586388,100.0,1099.0,168490.0,-0.0028066346488382493,0.0012843292238692502,0.0377971999844041,1
1607_299_hotmail.com,30,94.58833333333331,31.131218745104658,107.95,200.0,479381.0,0.07243994145568855,0.003532072576824051,0.0751587095483578,0
1607_299_yahoo.com,32,95.46562499999999,53.6002688273051,77.0,226.0,316652.0,0.016287711571638552,-0.01224555625558043,0.01979754872346786,0
16085_123_gmail.com,38,98.93947368421053,69.304923268096,68.0,277.5,239750.0,0.013752414147070333,0.016978492117198027,0.013752414147070333,0
16085_299_gmail.com,61,91.62885245901639,105.85373013705778,59.0,736.95,94584.0,0.022110388612402155,0.001100601922379079,0.030107916483323973,1
16085_299_none,31,107.01806451612903,101.6701112999183,77.0,484.26,262431.0,0.01639809676771884,-0.009041540025792931,0.01639809676771884,1
16115_177_gmail.com,45,93.69244444444442,88.04805688197416,67.95,554.0,145705.0,0.011704722019705252,-8.931181893042511e-05,0.0045469469024979545,0
16115_264_gmail.com,39,111.18846153846152,141.74932933479406,77.95,884.0,188864.5,-6.938773593228448e-05,0.03396306908295744,0.032627558519738455,0
16115_272_gmail.com,44,57.71590909090907,29.01724560249253,47.95,129.95,206739.0,0.0441599052675326,-0.00378808725098697,0.03793773241629287,0
16116_325_gmail.com,54,112.85777777777777,133.75813724871813,59.0,834.0,174896.0,0.018039113064735143,0.0012593684433996333,0.018663527293178925,0
16116_325_none,60,112.70649999999999,124.27552526308897,57.95,614.0,160712.0,0.059506559027865405,0.00621303715283281,0.03358063310193948,0
16116_330_gmail.com,53,140.30603773584903,319.89620706073964,47.95,2143.47,231010.0,0.014169693101866748,0.0006316774578047288,0.025592257162376092,0
16132_-1_gmail.com,33,78.886,71.14934012897012,52.928,262.397,242125.0,0.01966591813054752,-0.005247846874596208,0.008014782472542593,1
16132_264_none,32,175.840625,110.00094703960224,117.0,512.95,359190.0,0.018822987337042733,0.008289784449493402,0.04678425744208558,0
16132_299_anonymous.com,172,182.2788953488372,188.82397498005417,117.0,1054.0,70967.0,0.02023432739460506,0.019670435593670373,0.03441341638706259,0
16132_299_aol.com,197,183.81949238578682,237.0467435125288,108.5,2294.95,54893.5,0.02429104048074902,0.006258746458228964,0.021122894412737302,0
16132_299_att.net,36,218.1727777777778,330.02319616801276,84.5,1651.0,206090.0,0.007039203520100942,0.0023992762698022835,0.02289471968427593,0
16132_299_comcast.net,42,240.96309523809526,254.17537394754015,160.5,994.0,187723.0,0.009010036356100141,0.006475770755975656,0.014714720993410431,1
16132_299_gmail.com,1310,167.0239465648855,287.0356910476256,91.475,2948.28,4922.5,0.02122248788633639,0.009964469024953711,0.02387906296458137,1
16132_299_hotmail.com,156,136.17852564102563,157.29971286998625,97.475,1044.95,67954.0,0.008374161301871297,0.0017068716305369235,0.02394986228943605,1
16132_299_icloud.com,31,195.29354838709676,210.69034560836013,102.0,998.95,342280.0,0.01968719376217131,-0.011073644342474716,0.03881314454651958,0
16132_299_msn.com,46,104.04673913043477,73.88661510409474,64.475,335.0,138956.0,0.009540303425387642,-0.01501808976871168,0.009540303425387642,0
16132_299_none,628,148.9257643312102,205.0984746118558,105.95,2161.0,10962.0,0.02808616515730569,0.007132261613587203,0.053128064097834174,1
16132_299_yahoo.com,756,155.44498677248677,245.40813690758006,106.95,3077.42,9662.0,0.02791904708195354,0.0030051125143873026,0.051080804523551224,1
16132_299_ymail.com,39,188.46153846153845,410.17887568617135,117.0,2681.0,250913.0,0.021217188973058555,-0.007024576237567373,0.023683123441961065,0
16136_-1_anonymous.com,47,37.38721276595745,40.39763036390328,28.567,194.489,187526.0,0.027049998877372597,-0.013370494810129654,0.030559836029201926,0
16136_-1_gmail.com,941,30.565119022316686,34.19072901866077,21.702,373.275,5006.0,0.019282357219739123,0.011111213701108097,0.014897577163437243,1
16136_-1_hotmail.com,635,32.512576377952755,32.56191434105806,25.477,337.499,9300.5,0.023414113960661943,0.012321992392717094,0.01483626219672864,1
16136_-1_none,68,27.573102941176472,21.092481625492912,24.531,110.811,5796.0,0.003984145770874595,-0.0007984718244035127,0.018396299742940492,1
16136_-1_outlook.com,152,23.696447368421055,26.8801887394468,13.4435,134.641,14995.0,0.048387634590109155,-0.0009951027085666753,0.047196441694482866,1
16136_-1_yahoo.com.mx,40,41.768525,35.6068627079019,27.880499999999998,205.046,85750.0,0.02306238968247762,0.005361426187638164,0.01005727098388573,0
16163_325_aol.com,37,236.59324324324325,523.8330036353088,49.0,1979.95,109723.5,0.010972486111192031,0.01573759512002485,0.019466957694987297,0
16163_325_gmail.com,45,103.54222222222221,57.08509378847954,103.97,259.95,224295.5,0.021602009594452742,-0.0003365344339981771,0.016663737989514475,0
16163_325_none,95,64.16757894736843,66.86729477839378,44.0,390.0,57088.0,0.07315178995364652,-0.003288804459260483,0.07170549289405723,0
16163_325_optonline.net,35,86.62571428571428,54.672074840332684,90.0,209.95,283889.0,0.021420951856258398,0.008623402414188512,0.03310915520980962,0
16187_181_gmail.com,31,54.9967741935484,20.37816247170498,52.95,117.0,450850.5,0.0656676368025382,0.04536244154094269,0.042612206238457774,0
16188_325_gmail.com,74,103.15486486486486,89.320446589993,58.475,335.0,130397.0,0.040024133465687964,-0.0033827511025647343,0.03702113046268497,0
16188_325_yahoo.com,43,99.19279069767441,114.08838587784477,57.95,554.0,208542.0,0.037726899589032956,-0.002095894833098716,0.03686317576812119,0
16189_325_gmail.com,119,98.72436974789916,96.35008758451627,59.0,554.0,71654.0,0.03632941995810808,0.00039211778371633574,0.03632941995810808,0
16189_325_yahoo.com,50,61.492799999999995,65.15041519560717,47.95,350.0,224209.0,0.043434124662975505,0.014048955903834807,0.03990523191984768,0
1618_204_gmail.com,161,99.3124844720497,219.5216316199998,54.0,2594.95,56914.5,0.053954444294208884,0.010388972402921325,0.053954444294208884,0
1618_204_none,60,70.42483333333332,29.417689150785147,59.0,155.5,157744.0,0.06343915065689826,-0.009362701369826986,0.05973544695319456,0
1618_204_yahoo.com,52,67.92923076923076,76.54622007062525,49.0,424.95,162510.0,0.04928877532913769,0.02042500250083508,0.05134532687098336,0
16232_315_gmail.com,61,103.88508196721311,83.23877734867011,90.0,554.0,188007.5,0.010115680986659995,-0.002451374512148354,0.017401655485749238,1
16232_315_none,32,66.896875,47.48232391095001,49.0,261.95,109745.0,0.04657353694073158,0.005689618732378783,0.048263937527102625,0
16232_315_yahoo.com,69,98.07797101449275,253.1065411552877,59.0,2161.0,111461.5,0.015553162443216278,-0.008639044613636567,0.00538948287082916,0
16245_170_yahoo.com,46,45.02173913043478,15.966662457098026,39.0,117.0,170770.0,0.0995999039963574,-0.005870366070451532,0.08599795659925238,0
16255_264_gmail.com,33,94.21484848484847,138.18107181084977,57.95,789.17,343897.5,0.047356328293326526,0.001669369395759332,0.0459472773989815,0
16255_299_gmail.com,65,131.78446153846156,121.70479631571027,75.0,549.94,102750.0,0.02511632056321695,0.005079918231491079,0.021088515551305254,1
16279_441_gmail.com,34,59.56235294117647,41.87572967292795,48.975,226.0,260074.0,0.03147199123356365,0.009881210901476811,0.029767323019256227,0
16297_123_gmail.com,60,153.18233333333336,195.98746655816765,107.475,884.0,162462.0,1.8411843276982393e-05,-0.008852876218165294,0.03019529504519752,1
16314_330_gmail.com,53,145.1088679245283,183.7668725526312,70.0,994.0,240609.5,0.0369041475229251,0.007819215076780545,0.03638828651367262,0
16314_330_none,86,86.1767441860465,235.7861349427912,25.475,2120.94,102010.0,0.016581722130745987,0.002508971134176207,0.023896364511556144,1
16314_330_yahoo.com,31,89.76580645161286,69.75237014237342,68.5,311.95,287464.5,0.016938243567353337,0.0018957983453585306,0.025375652207035394,0
16326_194_cableone.net,40,60.6,53.064960190317684,49.0,280.0,194170.0,0.057338502891216496,0.017024629358084797,0.05826766867957756,0
16326_204_gmail.com,39,223.69871794871796,174.79865605860596,186.0,906.58,269168.0,0.01155067309836362,0.004446596584771673,0.032154527344210045,0
16326_299_gmail.com,39,182.52358974358978,178.87665994839355,107.95,727.85,126069.5,0.016522813997074157,0.01347570773075589,0.019765459374468233,1
1632_231_none,35,64.34714285714284,59.208964020730534,47.0,341.95,212505.0,0.044181349738479696,-0.010799644626604613,0.031173649305397073,0
16341_184_gmail.com,34,153.93882352941176,181.1704552553739,103.975,884.0,360940.0,-0.005731684358718979,-0.005687588824020956,0.0233318760300524,0
16346_-1_anonymous.com,64,26.130906250000002,39.15617260436036,9.529,223.675,454.0,0.07120905483519423,-0.001644730776249461,0.06299048455671201,1
16346_-1_gmail.com,105,40.6743619047619,33.481345650867055,30.513,173.828,60963.0,0.0008628060924055735,0.010269951199567928,0.022753692327781228,1
16346_-1_hotmail.com,111,44.62642342342342,45.67155274437222,30.549,295.835,82687.5,0.019059004015464762,0.0021159536330333066,0.02132487035476147,1
16393_-1_hotmail.com,33,47.471545454545456,30.90346455922192,39.877,161.608,161543.5,0.005037835505432936,-0.00472911408895986,-0.005687588824020949,1
1642_315_yahoo.com,31,65.63387096774194,35.15413614699436,57.95,209.95,294100.0,0.04028289867154263,0.009283111940851192,0.047991504252539126,0
16435_337_aol.com,30,495.75800000000004,736.4816161199591,58.475,2547.46,354962.0,0.010482007915674788,0.020011776156492148,-0.004332806899140035,0
16435_337_gmail.com,199,154.3741206030151,294.20166053647216,75.0,1809.95,48329.0,0.012460147525180675,0.005800270488972196,0.020790245293399928,1
16435_337_none,160,95.785875,180.73197407137005,39.0,1721.75,71719.0,0.030936355375686495,0.01189999817910986,0.01843635537568649,1
16435_337_yahoo.com,71,107.51873239436618,120.31705837084323,57.95,570.0,162062.0,0.017706763696211523,0.00453013182918785,0.022783034335902803,1
16437_325_aol.com,37,115.7508108108108,146.1026565120673,65.0,919.78,187547.5,0.00290020009038703,-0.002343891912706307,0.01823016620611806,0
16476_327_gmail.com,45,83.96666666666667,40.06666666666668,77.0,186.0,178856.5,0.048512871131413116,0.0063011638690480196,0.05000355513206575,0
16485_330_gmail.com,135,137.12896296296296,215.23503786523804,77.0,2164.47,77863.5,0.011690160169440002,0.002127877834605156,0.03489083419347872,1
16485_330_none,77,112.10129870129872,83.13415225429706,87.95,469.95,126966.0,0.012726534363011917,-0.008753905503247113,0.010190784897604839,0
16485_330_yahoo.com,82,140.2775609756098,175.30914953625305,108.45,1473.95,94290.0,0.006201246991991958,-0.006028843452179421,0.012093107138758195,0
16533_315_gmail.com,39,125.7228205128205,189.18575005897787,57.95,1104.0,179897.5,0.032360366745303216,-0.007454465076945079,0.04998498338581318,0
16533_327_gmail.com,43,113.52116279069764,153.75772540559947,57.95,794.95,263173.5,0.028451628864539252,-0.011681953904451918,0.03895513225415667,0
16547_123_gmail.com,36,37.958333333333336,19.66821145062933,39.0,117.0,186111.0,0.027458859903926748,0.010672300115069047,0.06297602482311812,0
16560_123_gmail.com,39,98.67641025641024,78.30393799204774,70.99,308.95,312241.0,0.02022791640170578,0.0005289325172788337,0.014558694889182301,0
16560_126_gmail.com,36,78.75833333333334,44.045575354776936,59.0,226.0,17648.0,0.010841479250715505,0.003598172244625872,0.023407602436068285,0
16560_181_gmail.com,31,84.5916129032258,55.68760863480366,77.0,199.95,190430.0,0.006480687791538854,-0.021284131313809247,-0.008697416823167832,0
16560_191_gmail.com,99,63.862424242424254,43.72921562495209,52.95,226.0,64696.0,0.014683137873723592,0.006694957436613504,0.013991402510584325,0
16560_191_yahoo.com,35,92.2462857142857,167.6352524651698,35.95,986.0,291366.5,0.06069888732339162,-0.022044325465675817,0.06976686176526722,1
16560_204_gmail.com,139,90.23928057553958,87.19113199610958,59.0,554.0,62116.5,0.0131298318809061,-0.0012589510085570868,0.023256298792834022,1
16560_205_gmail.com,46,136.18347826086955,157.89428447702085,108.95,994.0,193737.0,0.0230425136555693,-0.0037131121057261823,0.043741039285330664,0
16560_264_gmail.com,55,84.69890909090907,153.23260521386464,54.5,1142.95,142316.0,-0.0027258201974781904,-0.0136647766172052,0.017043191236881132,0
16560_264_yahoo.com,39,108.83692307692306,137.39216653954466,57.95,549.0,184846.0,0.02567308847594473,0.0005809053231837571,0.024437772426738447,0
16560_272_gmail.com,64,84.02562499999999,97.09673568590951,57.95,664.0,124614.0,0.02486088321596356,0.0022120013025429264,0.02763088032528436,0
16560_299_gmail.com,98,101.20285714285716,91.9308121827031,68.95,579.95,95188.0,-0.005225549110907491,0.009492546802248019,-0.00632358556203258,0
16560_315_gmail.com,52,109.64134615384614,101.36708980860007,58.475,390.0,149754.0,0.03663629958733825,-0.008086121789799998,0.034846939819927834,1
16560_325_gmail.com,50,131.2592,99.82482374319525,107.475,411.95,193361.0,-0.0003590567623607821,-0.014855386302114998,0.01366094034696002,0
16560_327_gmail.com,30,104.27333333333333,121.5275687058519,57.95,554.0,410203.0,0.03615181774218266,0.007926049201659131,0.03140092887990081,0
16560_330_gmail.com,50,144.13119999999998,145.0597801134415,107.95,884.0,100101.0,0.0063348380783948,-0.0017219750287133517,0.04187133804265183,0
16560_337_gmail.com,35,99.52057142857143,106.08545525573393,59.0,505.97,341527.0,0.012567607505507873,0.016880223690881407,0.018916813854714214,0
16560_387_gmail.com,34,149.3794117647059,234.7214923859536,59.0,884.0,280468.0,0.03468289789061441,-0.0052430760759494405,0.008354310944479443,0
16560_441_gmail.com,46,75.15347826086955,86.72113257867305,46.45,375.0,134186.0,0.02576089609113285,0.0012251594992120918,0.030085318478615668,0
16560_512_gmail.com,42,120.63690476190476,105.04664216858951,106.475,480.0,85653.0,0.013528139302673256,-0.011448922319429275,0.040384530819918295,0
16560_512_none,32,143.53125,134.09651010909084,117.0,480.0,72765.0,0.004934098448153838,-0.019444197139091172,0.05350436729813158,0
16568_264_gmail.com,51,198.48235294117652,132.04938119088268,158.49,549.99,179975.5,0.024967097072242386,0.0068041557747529,0.03266759414377162,1
16578_-1_gmail.com,33,46.684666666666665,30.307663003060313,34.742,136.422,170085.0,0.058218154014347524,0.007142581591856455,0.04086954417438755,1
16582_253_gmail.com,55,109.6430909090909,87.79564027015397,67.95,335.0,163993.5,0.016868759659729803,-0.0034324765119095255,0.028175098128822317,1
16632_191_none,30,129.923,86.97862799370122,109.5,310.0,275691.0,6.469494272529769e-05,-0.009119692721830774,0.022876968857128234,0
16632_264_gmail.com,44,120.13818181818182,126.25696110913013,74.5,514.0,177420.0,0.015196845601975692,0.0035265551298231876,0.010915347686916523,1
16632_299_gmail.com,63,158.50555555555556,184.34987894208447,117.0,982.0,154217.0,0.019146462889789925,-0.01377236209481314,0.03513942931455741,0
16657_181_gmail.com,49,247.1638775510204,422.0113527093517,77.0,1500.0,175163.0,0.012908777388618328,-0.01594282646202074,0.004293938111991233,1
16659_-1_gmail.com,63,49.876539682539686,37.289913397603996,39.347,200.0,171432.5,0.019146462889789932,-0.005234385174073295,0.015619126029119731,1
16659_-1_yahoo.com,34,29.68341176470588,25.227522472977157,19.645,107.789,156251.0,0.022402055249467194,-0.00259982063341066,0.0019188639552756084,0
16659_126_gmail.com,39,174.26051282051284,102.57241409399676,150.0,567.47,83030.5,0.037321933495722874,-0.014296159039174729,0.018237951367722112,1
16659_184_gmail.com,43,178.07930232558138,219.968367603219,150.0,1436.24,40556.5,0.03907545411750468,-0.022677643832767498,0.04895587741290634,1
16659_204_gmail.com,79,146.27278481012658,135.54531420293148,100.0,664.0,83271.5,0.020047256446390094,-0.0037481890575751207,0.03325946545055207,1
16659_204_yahoo.com,33,293.4160606060606,230.71493202703365,209.95,1080.44,324568.5,0.021112036720438855,-0.004559235848739233,0.03921327066497476,0
16659_225_gmail.com,31,103.0574193548387,65.2091687085708,100.0,358.78,107012.5,0.039353291346154055,-0.0016762883540144616,0.03964251588626295,0
16659_264_gmail.com,61,218.53508196721316,212.40256290805746,125.0,886.47,137243.5,0.01658446367540074,0.017218717995190088,0.020425538942598475,0
16659_299_anonymous.com,57,171.5780701754386,187.38040654221268,150.0,1435.0,87106.5,0.02384851422077644,0.007257187181794286,0.032344234134005036,1
16659_299_gmail.com,114,189.31684210526316,307.0128337345965,100.0,2185.1,50212.0,0.03601312686087803,0.0007647181588444213,0.021078426937258258,1
16659_299_yahoo.com,57,232.8426315789474,249.22369724509224,150.0,1052.0,62157.0,0.02298600054736951,0.029881429103538963,0.0017929303763396937,0
16659_315_gmail.com,30,113.64733333333332,77.58789097676403,100.0,330.99,142670.0,0.011772992108191278,0.0007463796672008416,0.04786011490764864,0
16659_325_anonymous.com,31,151.46935483870965,97.43096702315768,117.0,600.0,268829.0,0.04119257010625733,0.02592123695893337,0.03490360065746128,0
16659_325_gmail.com,72,144.36875,137.68143634388508,100.0,619.95,79477.0,0.006038344751292595,-0.00026287823924573545,0.005587699178460786,1
16659_330_none,53,99.9367924528302,116.90111171370579,50.0,611.95,145397.5,0.02864273356131118,-0.0013234235131895644,0.021589784331386565,0
16659_337_gmail.com,44,227.86727272727273,489.6172209880046,100.0,2594.95,107304.0,0.03254545544193569,-0.00577805228497064,0.030460941099167617,0
16659_472_gmail.com,57,148.83894736842106,240.07807282532812,100.0,1549.95,84772.0,0.05503759804143921,-0.008615828691221586,0.025890895279096972,1
16659_512_gmail.com,64,207.70765624999999,458.63559312085596,100.0,2594.95,40454.0,0.04843698548452878,-0.005939784556597383,0.03479643202660096,1
16661_181_anonymous.com,34,619.1176470588235,167.60190310338194,750.0,750.0,56.0,0.13413564467324376,-0.005748477565457599,0.09683146835774667,0
16661_327_anonymous.com,43,163.03372093023256,171.28598441180796,100.0,994.0,142344.5,0.004991700009224921,0.008638499073886544,0.015061368417308277,1
16661_327_gmail.com,186,115.41145161290324,143.6516228740366,75.0,1191.95,50028.0,0.020010191769038836,0.0040655598056622486,0.03192744096916011,1
16661_327_none,151,106.68178807947021,82.79322613688734,77.0,335.0,67405.5,0.036624936972998276,0.0012455413911138073,0.024851574206258033,1
16661_327_yahoo.com,162,163.4856790123457,520.2030687452221,70.95,6450.97,67803.0,0.008524931498494669,-0.00035983135515575346,0.012615441703646767,1
16691_181_none,52,80.17307692307692,41.07531597979785,59.0,206.0,189970.0,0.04201488515371519,0.0005260222456275887,0.04456561616767104,0
16709_264_yahoo.com,62,37.54838709677419,8.499862274699854,39.0,49.0,2162.0,0.10351723626797393,0.0001861382871856561,0.09782877782310984,0
16717_436_gmail.com,32,117.454375,61.52990131520913,106.95,280.0,325858.0,0.019511598362899688,0.020847787456411616,0.01116270369265239,0
16746_-1_gmail.com,80,45.426475,37.95585335029862,30.2895,176.426,111555.0,0.010164452592406156,0.0058269678625782785,0.011281005207771325,1
16746_-1_hotmail.com,93,43.79755913978494,30.59514324113269,37.823,147.552,82036.0,0.017813679517177456,0.0032997235480704407,0.007416487945660456,1
16752_299_gmail.com,34,162.77117647058822,407.84809898499554,89.5,2459.98,241264.0,0.0034004850749105933,0.0023190674127636784,0.017002770062339377,0
1675_123_none,53,104.53962264150944,129.9778781462629,59.0,708.5,141001.5,-0.0005232185575051104,-0.013575534464829741,0.00488104270156739,0
1675_204_aol.com,45,76.30555555555554,84.10137878525089,59.0,582.0,268055.5,0.04529482200541286,-0.003867167366657563,0.056232160376564325,0
1675_204_comcast.net,32,66.125,37.31703280674925,49.45,136.0,418788.0,0.030162986373483004,0.0029708506397095533,0.050280480506870444,0
1675_204_gmail.com,198,128.6128787878788,260.66890964371623,77.0,3501.28,58444.0,0.014318760608523832,0.011080305574207892,0.022868596283513783,1
1675_204_none,67,74.7244776119403,55.01229868689967,59.0,280.0,107333.5,0.02300433307037405,0.025267754037485157,0.04380787387106473,1
1675_204_yahoo.com,65,87.7283076923077,67.18723634668513,58.95,390.0,125638.0,0.02751706722518535,0.0038304434683206975,0.038417156231897745,0
1675_220_gmail.com,35,64.92857142857143,30.557707201093393,59.0,137.0,305775.5,0.03262543589798838,0.0001136950177537191,0.03638035679668202,0
1675_330_anonymous.com,46,113.25434782608693,112.88793636500128,98.45,752.95,183654.0,0.007052335495355139,0.0017866736271559824,0.018817828435009815,0
1675_330_aol.com,61,99.41245901639344,61.93882472817301,95.0,335.0,128087.0,0.0454639468261559,0.007716956723557215,0.0454639468261559,1
1675_330_gmail.com,230,113.96952173913044,162.7153169034454,59.0,1550.05,52330.5,0.030372140177798396,0.009341531481911709,0.03916217846381767,1
1675_330_none,394,51.45532994923858,137.44993983788916,25.0,2071.45,26671.0,0.03545359096696777,0.006269179356242197,0.02392852741577002,1
1675_330_verizon.net,40,56.9585,25.433687262172583,48.975,112.5,343161.0,0.03511628066899427,0.0021475649957263046,0.05061127953492626,0
1675_330_yahoo.com,191,164.73607329842935,285.1298013751369,92.0,1689.69,44895.5,0.0173551932489745,-0.008202839185187175,0.033574979060381524,1
16770_498_gmail.com,49,153.7595918367347,196.8818282465676,59.0,1152.07,154136.0,0.02366400780254857,0.011821337228712585,0.031767709806275246,0
16790_269_none,36,48.5638888888889,31.032526867231294,35.95,209.95,427091.0,0.09745444833605346,0.023976976780128452,0.06468911293988197,0
16819_492_gmail.com,31,111.83870967741936,73.96472427478348,100.0,218.0,78994.0,0.030765196432591617,-0.024348493227529137,0.03884332664866833,0
1682_126_gmail.com,33,78.12121212121212,50.86911760394011,55.0,250.0,293154.5,-0.006329391705096242,0.006610884947480411,0.024411718952746735,1
1684_299_gmail.com,44,152.83522727272728,121.5481122378489,117.0,554.0,192453.0,0.042988237466797925,0.01056415695678959,0.06023586560471469,0
16858_512_gmail.com,37,102.04513513513511,62.88528713852908,100.0,261.95,249934.5,-0.007875020432755741,-0.0018524040787411475,-0.007875020432755741,0
16865_433_aol.com,85,135.8764705882353,67.61299500410854,117.0,365.0,166914.0,0.05479071200286589,0.018543906418533887,0.040292968948575134,0
16873_330_verizon.net,33,147.78787878787878,63.48168792306223,131.0,335.0,62904.5,0.040041407419681145,0.012866718366067884,0.03598910108279734,0
16876_204_gmail.com,47,199.89659574468087,212.7704678883616,117.0,884.0,259754.0,0.0035181040949524983,0.02746628755286975,0.01378217452791998,1
16876_204_hotmail.com,65,223.4210769230769,101.88244138180613,218.0,634.95,75271.5,0.028535123982020377,0.001529889046833155,0.04350026736508353,1
16883_476_gmail.com,133,141.7133082706767,273.39160329913,77.0,2594.95,77569.0,-0.003417887019043591,0.008850390628556366,0.003040671372788885,1
16883_476_none,57,145.00526315789475,124.95206683919594,107.95,524.95,200406.0,0.01277135926111534,0.011521117579067,0.018567339671584686,0
16883_476_yahoo.com,141,126.38340425531914,74.37330815363809,116.0,437.0,69249.5,0.0272675787565975,-0.002669676954478919,0.025866276423492,0
16916_181_yahoo.com,74,49.04054054054054,10.053154929281666,49.0,77.0,35683.0,0.11209620553776004,0.008403637975527931,0.11541415964147902,0
16923_441_gmail.com,94,82.19893617021278,28.338731839525238,77.0,226.0,70357.0,0.06963218035518792,-0.0021513322861131563,0.07470598067684867,0
16927_203_aol.com,54,493.44444444444446,204.27801196614263,488.0,994.0,48408.0,0.05831494359264342,0.01542392592667051,0.04753408052490892,1
16972_269_gmail.com,188,98.25845744680853,83.32970055086676,59.0,551.95,66463.0,0.023580904417552808,0.009134621577767073,0.02052417102446145,0
16972_269_none,48,100.42375,96.7638219589541,57.95,445.0,240605.0,0.05194090360344467,0.0108472034543525,0.05194090360344467,1
16972_269_yahoo.com,45,87.2451111111111,102.51456634974633,59.0,664.0,199307.0,0.03174959646528738,-0.008582332886569316,0.03139555889191464,0
16972_433_gmail.com,60,73.94316666666666,104.82747019892044,47.95,811.95,169791.0,0.029876929398235778,-0.005407374018437838,0.051432581656385284,0
16979_330_gmail.com,35,151.36771428571427,304.4587998595514,59.0,1796.95,298450.5,0.022834477922207046,-0.01961669449095916,0.025322417320822764,0
16986_123_none,44,128.1590909090909,54.86468610127771,112.0,226.0,2410.0,0.04409901652609594,0.014868391792208564,0.05546624373662513,0
16998_330_none,50,114.7,54.64146776945144,108.5,226.0,36469.0,0.014024830992460095,0.000566435174376767,0.045912462984615786,1
1701_498_gmail.com,40,81.03,66.22208449603501,49.5,335.0,337790.0,0.05448810134128571,0.039773509813956866,0.04648350787952344,0
17043_126_yahoo.com,59,40.626949152542366,20.20519703696302,29.0,117.0,97276.5,0.061163747200357194,0.025093831403190964,0.08033164259532904,0
17043_330_gmail.com,33,124.95727272727274,106.4554879030818,77.0,422.5,256809.5,0.035085451677960504,-0.006794947166530771,0.06386584511920745,0
17055_126_gmail.com,92,111.36413043478261,191.328792272634,58.95,1620.54,113443.0,0.020180707934368016,-0.009946793061056086,0.017258753510256627,1
17055_126_none,78,95.75897435897434,63.8842035085546,68.0,335.0,146877.0,0.025214870607981794,-0.006957997625078833,0.031873364691858044,0
17055_126_yahoo.com,62,90.23225806451613,90.69992197633935,56.475,600.0,175051.0,0.015686634233675306,0.004589756049658573,0.006158685783249414,0
17055_231_gmail.com,47,96.23936170212765,57.36692643439027,82.95,280.0,232738.0,0.0069489386479136064,-0.004423121472961849,0.010984403836382543,1
17055_325_aol.com,63,167.7753968253968,162.0474028905514,141.0,724.0,154920.0,0.043837820914481296,0.013911501500948838,0.04614290966084554,0
17055_325_gmail.com,97,71.09123711340206,49.950230389812255,55.0,390.0,81513.0,0.041926138494365106,-0.01006877936396748,0.049803518985511705,1
17055_325_none,98,99.16479591836736,68.61023500475224,78.5,461.95,100403.0,0.02088729879170892,0.0016049910918733631,0.02088729879170892,1
17055_330_aol.com,31,77.75225806451611,37.713209263673924,59.0,159.95,296841.5,0.02356655554908086,0.00562673022315114,0.04210224154097204,0
17055_330_gmail.com,130,99.34446153846153,211.03511600628693,57.95,1961.0,74136.0,0.025194574607277684,0.01044037169019716,0.027926714250093645,0
17055_330_none,168,89.0985119047619,156.8739867796529,55.475,1349.58,67542.0,0.03883217913199847,0.0057567485565749935,0.03361443928815978,0
17055_330_yahoo.com,54,111.3674074074074,131.14114697651345,71.475,961.95,162375.0,2.52741667445891e-05,0.019813443913906062,0.015664203018139318,0
17055_472_comcast.net,99,105.19575757575758,85.55586738867241,59.0,500.0,90427.0,0.03017818407126703,0.01762377358490641,0.026878501838959158,0
17055_472_gmail.com,134,121.41992537313432,185.81923080392298,59.475,1716.64,82855.0,0.0174098361232777,0.00669386020586794,0.04157228770513661,1
17055_472_none,112,86.74955357142858,84.25127847046502,59.0,664.0,99156.0,0.06584103565014762,0.015100598801893819,0.062041360119156244,1
17055_472_yahoo.com,49,115.20102040816327,61.924983822426206,107.95,311.95,203944.0,0.029297191645963908,0.003550253442922917,0.02891749804333473,0
17131_264_anonymous.com,59,140.37152542372885,153.8252257179056,97.95,864.0,194640.5,-0.005664015209358043,-0.004867320599959878,0.005096460898491948,0
17131_264_gmail.com,715,120.78244755244756,250.75399235111584,72.95,3076.79,11038.0,0.015347383974890754,0.004771542805118692,0.04566917994164692,1
17131_264_hotmail.com,38,155.86684210526315,200.6860351015101,107.95,1052.0,242902.0,0.00790446093069605,-0.010178782286098097,0.010578959296657663,0
17131_264_icloud.com,31,93.37870967741935,73.45779581553617,59.0,300.0,344949.5,0.014048853310129832,0.007658834539832925,0.009599162621437077,0
17131_264_none,218,93.13986238532112,86.13072224358302,67.95,645.8,46262.0,0.016913093674915614,0.013433840815869777,0.02137867247486821,1
17131_264_sbcglobal.net,40,151.46325000000002,260.6470318206933,57.95,1104.0,293050.0,0.03109421131832881,0.002408034508393518,0.045380569351202736,0
17131_264_yahoo.com,339,159.92297935103247,288.91890804145515,67.95,1829.95,26645.5,0.028814533005206866,0.0026026027711857167,0.02845566306452578,1
17147_-1_gmail.com,42,41.370976190476185,29.397341973696886,32.264,130.645,263476.0,0.03337070894690115,0.014644539450256233,0.008857653031125456,1
17147_-1_hotmail.com,38,51.16123684210525,24.414236256131826,45.919,106.572,251360.0,0.020791560259070883,0.010519584357819502,0.02849576789470746,1
17188_-1_gmail.com,61,50.965590163934415,48.06433047400122,29.264,275.0,83399.5,0.05181544019602341,0.012281096943208027,0.04560408463837787,1
17188_122_anonymous.com,38,114.40394736842106,122.31911692780172,77.0,554.0,179155.0,0.0049532561484200086,0.00746264895936271,0.01840917446781829,1
17188_122_gmail.com,84,157.34404761904761,157.47537834848256,117.0,994.0,91761.0,0.041802281446780526,0.012945045420646548,0.03939084664851927,0
17188_122_hotmail.com,62,121.26935483870969,166.90731524847777,59.0,864.0,151169.0,0.03844693240152719,0.0062918554063152755,0.058661296963578954,0
17188_122_none,124,159.3116935483871,67.10946074982196,141.0,445.0,17158.0,0.066645898806726,0.0057906905799863136,0.06964577126106959,1
17188_122_yahoo.com,65,233.07615384615386,247.05134672584413,117.0,994.0,124621.0,0.01767439330908107,0.011492666031559476,0.018692450065916077,0
17188_194_gmail.com,84,151.04035714285718,173.58527615751854,96.75,1264.95,143494.0,0.027265630983560427,0.01145486191504843,0.014409655038260805,0
17188_204_gmail.com,47,136.29936170212764,180.1011279207212,68.5,760.76,207751.0,0.03851562794782391,-0.009683630905273584,0.06497345983894959,1
17188_225_aol.com,43,163.6627906976744,204.54145315150248,77.0,774.0,260331.5,0.019096025723719524,-0.007589844588270219,0.03861622858782686,0
17188_225_gmail.com,272,103.75297794117648,122.8656176881143,75.0,1537.0,45009.0,0.01658263820797377,0.020665349074301984,0.01893570913983888,1
17188_225_hotmail.com,45,106.2111111111111,97.24166567480155,99.95,664.0,223100.0,0.02338448162093442,0.003874877602427808,0.0283227532258727,0
17188_225_none,96,139.50197916666664,215.52688509605457,80.95,1589.63,100794.0,0.013299829734770032,0.0076624170094519994,0.02284503935459747,1
17188_225_yahoo.com,58,136.35051724137932,96.47548086614107,112.975,445.0,103519.0,0.010753784773924469,0.002214229699656227,0.023192277966573506,1
17188_264_gmail.com,94,106.57765957446813,108.56004099531921,58.975,673.47,107304.0,0.02211129303761941,-0.007020851113467386,0.02849142515888782,1
17188_264_hotmail.com,44,176.49454545454546,112.45876455302799,159.95,664.0,149870.0,0.02244444534092558,-0.01854482974999746,0.02289879761045449,0
17188_264_yahoo.com,40,72.91524999999999,64.97516856413301,57.95,335.0,273647.0,0.026855571107813926,-0.008966828591036122,0.02494794943328868,0
17188_299_anonymous.com,253,159.58387351778657,227.47350864136348,107.95,2161.0,35456.0,0.023834722226812474,0.014635179341638651,0.03960010374501458,1
17188_299_aol.com,273,189.88981684981684,327.98845240377426,102.0,2485.04,30887.0,0.018731557720185175,0.013507892009425433,0.01887804529205493,0
17188_299_att.net,64,156.91875,222.1771239173545,108.95,1705.18,192800.0,0.048931717427602495,0.007407698397047156,0.05010338522833718,0
17188_299_comcast.net,44,216.13227272727275,363.50553785242414,100.0,2343.54,178798.0,0.014198646888354441,0.015954428928520177,0.007405510535087208,1
17188_299_gmail.com,2242,146.2886485280999,235.67273858325538,83.95,2734.99,3145.0,0.02034008040678331,0.0049372891556763755,0.04673507086046136,1
17188_299_hotmail.com,356,131.28191011235958,153.8155656810769,94.5,1651.0,23651.0,0.014356624394071904,0.02006049134702518,0.026063046653850744,1
17188_299_icloud.com,68,111.01970588235294,194.26352895555678,58.95,1323.95,144727.0,0.032139947302774974,-0.0036636997656833738,0.054539831081824655,1
17188_299_live.com,39,135.66897435897437,100.51254183242371,97.0,445.0,226193.0,0.0061448593578977695,-0.0029289318286455576,0.011814080870421247,0
17188_299_msn.com,34,232.05852941176474,380.83931529878726,108.75,2244.95,338545.0,0.014852007658687064,0.0108311251390565,0.023938132717279993,0
17188_299_none,942,112.76196390658176,121.74848557573912,77.0,1381.12,7778.0,0.025989108106299747,0.009022662867726686,0.03939617771229323,1
17188_299_outlook.com,68,122.22544117647061,127.59481267615931,57.95,604.95,197260.0,0.049792846956961095,-0.009954718532112872,0.03789261933285917,0
17188_299_sbcglobal.net,99,169.43606060606064,318.10425568750475,107.95,2294.95,87829.5,0.004048188718968504,-0.010284617110386012,0.0280756386916066,0
17188_299_yahoo.com,1273,127.63003770620581,172.0592239595432,82.95,2168.47,5852.5,0.024293527062003696,0.006528350510171424,0.042340881161157876,1
17188_310_anonymous.com,105,187.49257142857144,116.86744903463901,206.0,527.0,108171.5,0.03459880287242098,-0.0020351321728897948,0.020386354033873285,0
17188_310_aol.com,36,114.09444444444443,90.196241897704,94.5,445.0,287669.0,0.01729052866822115,-0.005118372398488405,0.009918793187224731,0
17188_310_gmail.com,566,84.19033568904594,81.2548467772783,58.95,1054.0,16579.0,0.022887395382333132,0.0009017354637966234,0.026359798458950676,1
17188_310_hotmail.com,76,85.25210526315789,65.73330593181635,59.0,312.95,162734.0,0.017205976574128833,0.006683287623356193,0.02907732651948377,0
17188_310_none,325,97.07372307692307,88.06396983653113,67.95,554.0,31109.5,0.01081428443020311,0.009563033159837187,0.012259397457396352,1
17188_310_yahoo.com,278,107.15205035971223,92.62536951705039,77.0,554.0,37761.0,0.011619520646399912,0.0022226983798037756,0.021211846785488632,0
17188_315_gmail.com,36,88.96833333333332,116.79257549890175,59.0,724.95,204686.0,0.03164756763237767,-0.0003836958106725463,0.033111674011897595,0
17188_315_yahoo.com,38,141.65789473684208,81.63629669254436,125.0,361.95,299511.0,0.019271688141225228,0.0031227993288795927,0.003912762133584095,0
17188_327_gmail.com,43,179.8104651162791,155.59822863153693,107.95,554.0,154124.5,0.011938102033405111,-0.0013106782045801194,0.028017793883005196,0
17188_387_gmail.com,40,112.525,70.90239329529011,93.5,335.0,333556.0,0.015744459996702806,0.01625562222263891,0.01906754850590109,0
17188_485_gmail.com,220,70.58168181818183,62.678643966220385,48.975,445.0,55950.0,0.028192711394950366,0.009438341715876809,0.031726353139739205,1
17188_485_none,97,71.53876288659797,46.83490964394132,57.95,261.95,109796.5,0.03834876526271676,-0.002279459740489889,0.02276905730495513,0
17188_485_yahoo.com,125,87.15248000000004,69.43902182094446,57.95,422.5,79769.5,0.015708660811934356,0.0003376550791274503,0.012393535027407757,0
17197_502_gmail.com,40,114.91325000000002,142.24426402121634,58.975,554.0,152166.0,0.0017829473356609365,0.0006852612488450899,0.019392393877733123,1
17208_204_gmail.com,32,139.5725,184.19463722174433,59.0,922.47,240059.0,0.040827988471110736,0.01197858818117483,0.024049803021027223,0
17217_184_gmail.com,36,98.16749999999998,75.23804158856963,65.95,327.0,192812.0,0.015113180891581063,0.012850951779014852,0.02430306032547013,0
17217_184_yahoo.com,41,86.7341463414634,43.19027589155156,82.95,209.95,254578.5,0.01411742064081107,0.003398776900009462,0.027394864900052912,0
17217_494_gmail.com,63,131.65650793650795,176.66048654202731,62.95,994.0,155082.0,0.022963633336027266,-5.589142669494562e-05,0.03981510101085964,0
17217_494_none,65,64.87015384615385,49.335798252456605,57.95,374.95,136948.0,0.048176432303876596,-0.008184552506932084,0.04064174485245682,1
17217_494_yahoo.com,71,86.66408450704225,74.77613772760431,63.97,461.95,152005.0,0.014156502391931582,0.01739128769639975,0.0314035638121338,0
1722_-1_anonymous.com,32,93.4985,46.463166010157984,97.594,150.567,63528.0,0.01528592201112449,0.011068916746460128,0.017275887045108157,0
1724_126_gmail.com,40,171.59324999999998,95.27697842048465,150.0,424.95,98713.0,0.03556044243260812,0.021957411923022224,0.045042109892326244,1
1724_225_gmail.com,43,174.9067441860465,216.3981424362621,100.0,1265.5,78776.5,0.02015667231188733,-0.005081811377739762,0.017372309594314003,1
1724_299_anonymous.com,48,180.93229166666666,155.9497576977863,137.5,875.0,105519.0,0.010807876422024458,-0.00855215561100664,0.038974700778046566,0
1724_299_aol.com,36,267.64472222222224,294.31633984999985,150.0,1366.0,273637.0,0.03363169941009959,0.0170215064642754,0.05024908006331084,0
1724_299_gmail.com,126,168.88476190476192,125.12101798820065,125.0,583.49,39369.0,0.046926347993545774,-0.0017881276145116955,0.03949884677422362,1
1724_299_yahoo.com,46,208.80891304347824,459.1824816488171,100.0,2739.44,169747.0,0.02825774226913553,-0.012903642092571464,0.05116854050465281,0
1724_315_gmail.com,58,154.30775862068967,176.07722223446112,100.0,852.92,84295.0,0.027532402572900433,0.013825219110504897,0.05003834693511269,1
1724_325_gmail.com,41,177.8126829268293,116.14112681003375,151.0,523.95,246364.0,0.010560155103115927,-0.008870387924791868,0.015355860524145316,1
17265_110_gmail.com,36,60.83500000000001,26.214474744139185,49.75,160.65,249745.0,0.060958831615045554,0.018784524341654285,0.05060311763668355,0
17284_-1_hotmail.com,30,40.314466666666675,24.781099407590634,33.156499999999994,104.406,253169.0,0.034224102255742676,-0.011170938074866174,0.023431356791593284,1
17295_337_gmail.com,41,139.06073170731707,49.11076055106079,117.0,226.0,9219.0,0.07612792431906515,-0.003072330356862711,0.0654720181824251,1
17300_330_gmail.com,42,132.53571428571428,62.153074556861206,117.0,445.0,81157.0,0.06668717394997006,0.013942815883808468,0.06318318922878222,0
17321_472_anonymous.com,45,153.05266666666665,189.00072081461605,100.0,1104.0,271538.5,0.057722844377216975,0.0014241279056563944,0.05757760091725864,1
17321_472_aol.com,51,161.06882352941182,163.42653690059578,108.5,884.0,114984.0,0.0265874699133025,-0.002060874202956472,0.05529959565036651,0
17321_472_comcast.net,36,304.09166666666664,500.20362597257446,159.95,2961.51,276664.0,0.03762719113963233,-0.0040180156046584065,0.05272469967499791,0
17321_472_gmail.com,273,118.15252747252747,114.32200581264222,97.0,774.0,39910.0,0.018229742359174534,0.008214293383944672,0.044997997861713906,1
17321_472_hotmail.com,42,131.1345238095238,105.3062011967364,100.0,411.95,105926.0,0.021851098411397277,-0.005700007498510063,0.04374198464677293,0
17321_472_none,99,148.7141414141414,179.76678565369863,97.0,1164.95,78253.5,0.024934463021843815,-0.002851629362865385,0.0567839944798116,1
17321_472_yahoo.com,132,128.4893181818182,342.17930008897906,67.95,2944.0,84522.0,0.022653743627163152,0.01107020906453085,0.044109376673307325,0
17335_498_yahoo.com,32,141.573125,125.04019299902882,92.95,511.95,318628.0,0.03016298637348299,-0.010200248376787041,0.037406995265540054,0
17361_251_gmail.com,71,100.68450704225351,58.46899117465893,82.95,261.95,163178.0,0.032562170384332234,-0.005140222260492395,0.03804329141779722,0
17361_251_yahoo.com,36,157.39722222222224,201.8853173986975,94.25,1075.25,264843.0,0.02843731170574324,0.024097577884836234,0.04763470080088337,0
17373_310_gmail.com,45,97.96866666666666,94.5434286946128,77.0,599.0,113707.0,0.028676790799245427,-0.006345145237517908,0.03139555889191467,1
17373_310_none,34,76.80588235294118,22.12934824239562,78.5,117.0,203633.0,0.07732412594370625,0.0007736151268515415,0.06916780539022782,0
1738_184_none,83,96.32530120481928,73.67052318502331,59.0,390.0,92502.5,0.07476033774209172,0.02178963242823954,0.0721243534920568,0
17399_204_anonymous.com,52,86.67500000000001,97.79100820902943,58.95,629.01,184580.0,0.014598925780092843,-0.010823047423685409,0.023741564370062966,0
17399_204_aol.com,87,130.25413793103453,243.5751999792805,59.0,2122.98,100503.0,0.02483197164853957,-0.008554658640365951,0.0382390963751164,0
17399_204_gmail.com,812,112.58940886699509,194.79542540512563,59.0,2775.0,9585.0,0.030446977468476383,0.007605166687346367,0.02930984491914189,1
17399_204_hotmail.com,72,125.3511111111111,228.5066721160308,74.475,1808.95,147237.0,0.014846958437720052,-0.013187290448355914,0.03188775648967418,0
17399_204_icloud.com,44,167.5965909090909,166.0090086540101,117.0,554.0,153614.0,0.01385687496450231,-0.008299897610383834,0.024232335854669065,0
17399_204_none,284,144.8450352112676,185.77962703557577,77.95,2161.0,27447.0,0.03595008638628368,0.010043512175354166,0.029704202924517167,1
17399_204_yahoo.com,385,116.94805194805195,215.00784134803118,67.95,2697.35,21928.5,0.020084987928626702,0.008517280520999475,0.03076631575372727,1
17400_123_anonymous.com,56,98.9869642857143,108.74775050086656,58.475,761.25,139481.0,-0.0011241234840938391,0.0182420872117047,0.002844130484160129,0
17400_123_aol.com,75,138.82586666666668,107.92180307479836,107.95,664.0,143399.0,0.008183824696136186,-0.011634961154157616,0.030817918387053837,0
17400_123_gmail.com,310,107.36696774193551,196.40274872386402,59.0,2134.95,30845.0,0.027881771724454732,0.018628627157627475,0.022731361635702538,1
17400_123_hotmail.com,48,100.68166666666667,133.47294078659624,65.45,944.95,299618.0,0.018597196045502036,0.013588033470735943,0.022317753698685334,0
17400_123_none,194,95.26860824742268,98.46567538744821,57.95,500.0,54182.0,0.03640814412246045,0.007430799116406782,0.027302737750449186,0
17400_123_yahoo.com,270,87.00703703703704,94.47670229038107,59.0,884.0,38795.0,0.017874223873923914,0.007189389767260773,0.029179201536909415,1
17400_181_anonymous.com,33,179.15,190.55446688147944,150.0,1104.0,180707.5,0.0278460434544456,-0.007434918322889401,0.027770530804315137,0
17400_181_gmail.com,107,98.80065420560751,103.33360586682907,59.0,664.0,87146.5,0.02050263991273996,-0.005117271796011239,0.027171666103435552,0
17400_181_none,76,172.85921052631582,237.41213505855373,92.0,1274.59,159973.0,0.021709501185263845,-0.0035472931598930675,0.01262841723337469,0
17400_181_yahoo.com,57,111.21350877192982,171.06914463846965,50.0,1104.0,180005.5,0.03401684545648203,-0.006828808121404125,0.043341691608690676,0
1741_264_gmail.com,30,105.26333333333332,97.92902185880456,85.0,554.0,259268.0,0.039537155798924604,0.0008133044841548143,0.024722340984109782,0
17442_204_gmail.com,41,75.06317073170732,71.88627476578931,54.5,424.95,228133.5,0.03262283235879586,0.0017965614227053867,0.05158428106829464,1
17442_204_yahoo.com,34,207.2523529411765,407.04867169634366,56.225,2039.97,342152.0,0.01840009580872705,-0.006404904355226712,0.01244058203393756,0
1744_476_gmail.com,104,104.06509615384616,102.06441898657766,77.0,768.64,93568.0,0.0043615101503221634,0.005287245353272452,0.0036250712027361236,1
1744_476_none,36,126.63416666666666,289.2185470690806,59.0,1806.95,188419.0,0.01821321473171194,0.007832930917692021,0.02199926179487406,1
1744_476_yahoo.com,37,92.20567567567566,105.1081924325376,53.97,494.01,325061.0,0.028537602375837502,0.008017655321917457,0.018275764996551133,0
17458_330_gmail.com,90,85.19711111111111,87.65822936894611,59.0,554.0,75488.0,0.052533871216599,0.010850331571428031,0.056480723401284835,0
17458_330_none,67,48.89343283582089,87.40852930737552,20.0,554.0,98871.5,0.010858460496488406,0.009390842955482981,0.013390417142330288,0
17465_204_aol.com,43,85.86558139534883,100.92387373549559,47.95,445.0,178220.0,0.033907495461173914,0.0006228732595705277,0.04868962850832821,0
17466_264_gmail.com,75,98.9448,61.41828039186162,92.0,231.95,90173.5,0.0050389164104231825,-7.585089551814805e-05,0.0050389164104231825,0
17480_123_none,33,57.29000000000001,87.7907292337519,34.5,524.95,303437.0,0.04131405692245906,-0.007264389854364027,0.048876200411172195,0
17480_299_gmail.com,55,252.52400000000006,291.85104131824755,100.0,1495.73,170440.5,0.037727206651519095,0.009630123162706831,0.031684935280651645,0
17480_299_yahoo.com,30,344.3986666666667,320.48177066965224,194.975,1141.95,287148.0,-0.009021446213878195,-0.005396583463995658,-0.0018007709961710139,1
17480_444_none,48,253.353125,284.28581264545085,141.0,1436.0,242829.0,0.03477237896255118,-0.004545123648453567,0.02922006326943078,0
17480_512_yahoo.com,30,373.57666666666665,358.78004351165106,322.975,1761.0,176877.0,0.02336910724404962,-0.014960972149655267,0.00042585870957684985,0
17482_330_gmail.com,39,115.70487179487179,181.23353634683187,62.95,1104.0,180337.5,0.01251879737313466,0.0020122379876141433,0.03086164292403932,0
17487_441_gmail.com,37,101.71621621621621,44.101930542492944,117.0,228.0,225220.5,0.05094824813843508,0.02030756859593741,0.04494224213242908,0
17491_337_gmail.com,30,135.02666666666664,109.37978007332474,100.0,390.0,143740.0,0.024381271029172986,0.007108834545607366,0.030838764199000702,0
17492_387_hotmail.com,81,182.02469135802468,125.04554481958054,171.0,664.0,66676.0,0.004551803137017051,0.013628894146171397,0.008879128349418501,0
1749_204_gmail.com,31,67.1925806451613,36.05968224572772,59.0,204.97,211478.5,0.03247405710490093,-0.0015517892589271068,0.016938243567353337,0
17523_264_none,40,48.8,32.74423613401296,39.0,226.0,30003.0,0.08418711488063321,-0.004023471877807806,0.06197850674545543,0
17540_469_gmail.com,32,131.5178125,70.76424563888068,132.45,311.95,355813.0,0.003386998156219269,0.005430576294418649,0.01557187237169267,0
17598_181_gmail.com,36,80.65666666666665,60.57181091710713,58.475,311.95,68805.0,0.03578181901265077,-0.006921588789841025,0.025308740301375567,0
17598_204_gmail.com,31,49.10645161290322,24.267832624941498,49.0,171.0,342333.5,0.0913717815757914,0.009054224015522035,0.05878840256128507,0
17598_264_gmail.com,30,79.09666666666665,73.05748299949994,45.45,311.95,342842.0,0.03610966200655371,0.0032518756538642765,0.020608183415751442,0
1762_441_yahoo.com,37,74.35432432432431,39.889767877241646,59.0,174.97,241834.0,0.03250804455742678,0.0032531564569388063,0.03602558498564352,0
17635_325_aol.com,58,241.8244827586207,367.0959078157604,59.0,1643.0,152748.0,0.027023695591094576,-0.004106995645939502,0.020318173459584095,0
17635_325_gmail.com,64,165.57578124999998,198.52954223493956,112.75,1331.0,174568.0,0.038736158017808,-0.0024545897600185794,0.032793503133877605,0
17635_325_none,57,254.9780701754386,290.54882082404106,117.0,1054.0,151878.0,-0.0005971584941101837,-0.004527614584026177,0.012955002357900668,1
17649_330_gmail.com,43,122.19697674418603,22.61951817541283,117.0,213.0,90297.0,0.10921459695675169,0.005395810374029024,0.09284699716684765,0
1764_315_gmail.com,293,105.580409556314,93.71522494697956,77.0,872.0,24075.0,0.026219224868499296,0.0010882599159406578,0.013772583896442175,1
1764_315_none,131,119.90480916030533,241.8116288516008,59.0,2681.0,66081.0,0.03441739590142591,-0.008117266213212987,0.0568203164204525,1
1764_315_yahoo.com,113,89.48115044247788,74.50207205946931,57.95,445.0,77147.5,0.04067170551026031,0.00013076294593093382,0.041430494579387314,0
17657_299_gmail.com,30,133.4,90.88512896325047,112.0,554.0,70752.0,0.03803737749299369,0.016956189638290882,0.04077820750937713,0
1767_264_gmail.com,66,97.27106060606062,82.29322036821796,67.95,484.28,168762.0,0.02914835040943168,0.0023865473187378305,0.02100529278107991,0
1767_264_yahoo.com,41,103.11804878048781,114.86582898914487,80.0,744.95,243096.0,-0.005747435884375877,-0.003745380045805706,-0.00032738168383388,0
1770_226_gmail.com,32,106.83500000000001,59.563155085589614,97.0,226.0,137596.0,-0.01048827664562517,-0.01473546401243828,-0.0149110594117099,0
17727_272_none,58,138.47758620689655,73.98266174585225,117.0,445.0,170220.0,0.05416519943543385,0.0040189545314455455,0.0512366385802666,0
17729_325_gmail.com,36,88.74027777777776,59.38566692421624,59.0,280.0,99872.0,0.011034695249633693,-0.011293147170543416,0.012581795541568262,0
17759_126_gmail.com,41,113.63414634146342,99.73628713067642,72.99,478.0,228201.0,0.015308432138279524,0.006221950275851325,0.005140100902573941,0
17782_-1_gmail.com,73,18.82924657534247,11.426152478404468,13.716,55.224,85285.5,0.00418386959717516,0.004123592798940857,0.03582416587641274,1
17782_-1_hotmail.com,75,33.66194666666667,30.38477654962249,22.387,146.566,51057.5,0.009099376397452803,0.009617516663100716,0.01356391465381199,1
17794_269_anonymous.com,33,470.56060606060606,265.0480733289534,335.0,1104.0,92888.5,0.028487846335520893,-0.008668840080166877,0.019592164602593214,0
17817_272_none,38,88.06052631578947,45.34581185020918,59.0,226.0,165618.0,0.049551948237932485,-0.007045531906825997,0.05555060033509713,0
17868_472_aol.com,38,115.7728947368421,102.0591154779759,108.5,554.0,258985.0,-0.0019351910827901733,-0.0036819790126739124,0.003912762133584095,0
17868_472_comcast.net,34,146.07500000000002,77.42703040130563,141.0,350.0,117526.0,0.021387955371105376,0.016984217733424588,0.03275518258163455,0
17868_472_gmail.com,213,139.96718309859156,250.81364690119491,82.95,2209.19,34994.5,0.01585332639411168,-0.0023740313353102765,0.023396137367687565,0
17868_472_none,75,128.21733333333333,283.34532136050683,77.0,2484.88,162344.5,0.022176973014792618,0.0037038625193181775,0.035464401966163045,0
17868_472_yahoo.com,93,139.5887096774194,138.98609341918515,107.5,1044.95,88598.5,0.019843887354026108,-0.0025489658934213268,0.02670300019384674,1
17966_472_gmail.com,64,91.3459375,84.15766896721946,54.235,335.0,153025.0,0.02831949135114134,-0.008534706888528754,0.04192242987946203,0
17966_472_none,38,73.11447368421052,47.63593693715792,49.5,226.0,339921.0,0.009432036127739012,0.026770236580346392,0.01679986146195893,0
18018_110_gmail.com,48,81.46729166666667,92.71347137236816,57.95,505.0,188731.0,0.05194090360344467,-0.003238791848845915,0.05194090360344467,0
18018_264_aol.com,33,182.6430303030303,418.6826759375306,59.0,1967.95,344651.0,-0.004626853362940636,-0.009267968975392137,0.002108912493242243,0
18018_264_gmail.com,635,115.32022047244094,212.26933237525859,59.0,3074.81,9736.5,0.027740533765017814,0.01555710954569488,0.04078693489896068,1
18018_264_none,194,98.78587628865981,99.10842928409245,59.0,524.95,59783.0,0.03099780314603814,-0.004213617884631669,0.03099780314603814,0
18018_264_yahoo.com,360,111.63272222222221,274.2807719277022,59.0,3891.0,25555.0,0.01617981798663474,0.012415005757953334,0.020750437931155833,1
18018_310_gmail.com,57,129.24315789473684,164.86802179646705,59.0,963.14,171021.0,0.022320939023733492,-0.013015271301811297,0.050085102714466805,0
18036_502_gmail.com,85,97.90352941176474,88.01494197619324,59.0,335.0,128845.0,0.04676277865150216,-0.007708175572326351,0.04676277865150216,0
1804_123_gmail.com,135,110.16681481481481,106.90740785511096,75.0,644.95,65225.0,0.0217962418576019,-0.0019112511684346266,0.04052700141786314,0
1804_123_none,76,93.27197368421052,168.60022092933437,49.5,1407.02,83704.0,0.026687237649033885,0.00402675262529982,0.031291971877327254,0
1804_123_yahoo.com,90,113.85766666666669,100.61835687443475,96.95,470.0,107761.0,0.010745945317280122,0.005024431148437879,0.04239472809808642,0
1804_181_gmail.com,33,96.11969696969696,88.07391948725551,57.95,424.95,335003.5,0.009053074146770416,0.00862742792724823,0.009671055981955369,0
1804_181_yahoo.com,38,142.35052631578947,270.91924438598,77.0,1298.68,176540.0,0.01960036736344458,-0.004580079243031554,0.047752886161499496,0
1804_269_gmail.com,51,75.36862745098038,51.31251420270092,57.95,209.95,222082.0,-0.008455713982723545,0.015874989986391842,0.007620246354458536,0
1807_327_gmail.com,41,107.96829268292683,120.35649777067148,57.95,724.0,325702.0,0.026148540539363538,0.00922406264202754,0.053920588707452005,0
18095_387_gmail.com,43,133.1960465116279,119.80580364362785,115.0,786.98,248725.5,-0.00210062905618541,0.006809336439977685,0.013862472442484695,0
18103_325_gmail.com,41,156.8268292682927,375.9100789948927,92.0,2500.0,190621.0,-0.00027995329796806634,-0.024379000877768307,0.03670721670593616,0
18103_325_none,35,76.30628571428572,42.265855864023,59.0,173.0,365328.5,-0.0003836958106725463,0.009852137414081585,0.011399165186423539,0
18132_184_gmail.com,154,131.41558441558442,165.5513934131093,73.5,1327.0,72798.0,0.014293314244922563,0.00982868399568898,0.030446145256948845,1
18132_184_none,44,189.3077272727273,299.8731942600802,102.475,1679.95,285861.0,0.003575963383119933,-0.0029606213646791654,0.007628269720003744,0
18132_184_yahoo.com,84,138.08761904761906,113.57824768287288,102.5,542.0,75011.0,0.0029049583927594283,0.016770764565946533,0.017919492190090112,0
18132_191_anonymous.com,34,94.00588235294117,113.80686217079631,48.95,511.95,334596.0,0.04937516615651114,0.012858157868586476,0.04638730659413281,0
18132_191_gmail.com,201,120.32825870646764,215.4159154480262,57.95,1651.0,59832.0,0.030378931532967234,0.00538446928450112,0.044128536663927145,1
18132_191_none,122,98.78245901639346,92.97662943010326,59.5,506.95,79382.0,0.02671679766114202,-0.00551141931825256,0.02671679766114202,1
18132_191_yahoo.com,134,116.12320895522392,170.8530228422356,59.0,1420.5,79092.0,0.028451749212122013,-0.0023623427254697467,0.03500566857830543,1
18132_204_anonymous.com,46,226.4802173913043,399.30466360417034,117.0,2594.95,182385.0,0.0071745202430983715,0.029958680686483635,0.012643382257226964,0
18132_204_aol.com,77,169.02909090909094,172.25585517488423,92.0,737.0,88799.0,0.039073856741427646,0.0075715330761605,0.025716664496914808,0
18132_204_gmail.com,449,130.30659242761695,233.1836709763186,59.0,2161.0,19613.5,0.031953111369783516,0.007127342593471255,0.04833757980681287,1
18132_204_hotmail.com,37,214.71270270270267,404.1434421203834,59.95,1703.9,199531.5,-0.003105805915618959,-0.00549969149116291,0.00077343868510419,0
18132_204_none,201,97.08144278606966,76.83266453605141,68.95,589.0,54466.0,0.024757516890150853,-0.0030935863563085735,0.02036017902267277,0
18132_204_yahoo.com,250,139.30648000000002,259.766441346856,68.95,2681.0,31309.0,0.030179454250686417,0.004015875108209704,0.031507063398935095,0
18132_272_gmail.com,301,93.93136212624586,93.69445493829653,59.0,554.0,27785.0,0.0324532131386314,0.0029554803281671236,0.03689686779836591,1
18132_272_none,140,105.25571428571428,135.2924710297914,59.0,884.0,77422.0,0.03626199496426771,0.007317873675335436,0.03150009020236295,1
18132_272_yahoo.com,171,154.15543859649125,233.99971857135705,59.0,1651.0,66620.5,0.029256699218154564,0.012097887528407927,0.0373073585623223,0
18132_337_gmail.com,198,88.91095959595961,89.814011508342,57.95,682.32,51026.0,0.02075213724831033,-0.0043463750727364865,0.016736898606972857,0
18132_337_hotmail.com,34,157.09235294117644,95.95035738703095,159.95,622.47,331459.0,0.04099579850836028,0.00529601437987335,0.04493552449956729,0
18132_337_none,76,83.46578947368421,89.60377077743227,57.95,644.95,95662.0,0.00329542478353681,-0.00613781351114101,0.0052333637250658455,1
18132_337_yahoo.com,42,125.63285714285715,96.2009824295374,107.95,445.0,220651.0,0.011682767175691687,-0.008226688849380256,0.012781169529259777,1
18132_441_gmail.com,124,120.79120967741936,261.4531082844516,57.0,2813.95,84124.0,0.022755656785988006,0.004031434232338111,0.03882432483975504,1
18132_441_none,91,59.491098901098894,77.74019304180452,31.95,549.99,87060.5,0.0600678510913048,0.0042126008814474085,0.0656289430936723,1
18132_441_yahoo.com,57,88.26315789473684,85.56035776927682,59.0,509.38,173032.5,0.02279465437138689,-0.004003693976837898,0.027555803522376653,0
18132_476_gmail.com,91,186.63164835164838,394.60887629541367,107.95,3190.0,108814.5,0.029861684958569022,-0.00018425040746169671,0.048492783935563805,1
18132_476_yahoo.com,132,76.54166666666667,58.18225159146495,60.0,594.0,24875.0,0.05261500200634132,0.010006160264257484,0.06229696841119264,0
18132_494_gmail.com,71,159.06197183098595,226.17085160210576,57.95,1131.41,91685.0,0.02709643505771388,-0.0006623206092863029,0.045090980688949636,0
18132_494_none,38,64.53973684210523,53.9313263856937,47.95,335.0,219297.0,0.042715473812627226,0.007454945682975285,0.048944079057125785,0
18132_494_yahoo.com,84,57.870476190476175,35.70382868974385,51.95,209.95,141543.0,0.040079464864768655,-0.005136323024185971,0.02156094634625013,0
18211_325_anonymous.com,32,134.921875,145.291738268163,99.5,924.0,349659.0,0.07112742792724822,0.016717503409976485,0.08570492784199407,0
18227_299_gmail.com,34,180.05323529411763,133.10194763061241,150.0,550.95,226449.0,0.005328200383890452,0.015763259834886814,-0.00564738898547168,1
18227_330_none,34,65.61764705882354,98.71101678961746,35.0,518.5,271444.0,0.03445985079594197,-0.012805219564662566,0.033062525049554294,0
18238_384_gmail.com,40,272.50525,775.388147842703,54.75,4191.0,262330.0,0.029304609014020634,-0.016910571206182647,0.03607267463144425,0
18238_384_none,33,100.5681818181818,44.321521241706755,107.95,160.5,288412.0,0.03859528882978982,-0.017459949264158517,0.03859528882978982,0
18246_204_att.net,45,421.1222222222222,224.22258671922802,390.0,1104.0,77775.5,0.03177034083015834,0.013676973484130037,0.025686979045618077,0
18249_204_gmail.com,45,79.06444444444443,77.76698672760413,59.0,554.0,262121.5,0.036396080044396595,0.007652733150154946,0.05048207534759504,0
18249_264_gmail.com,50,112.68679999999999,119.90970793793136,57.95,554.0,185661.0,0.016321223991350345,-0.008791844569120525,0.025620946128318424,0
18249_299_gmail.com,57,91.5478947368421,80.04571568220649,59.0,409.5,170547.0,0.0017739017864297074,-0.0015553121264295817,0.02128610776425393,1
18249_315_gmail.com,54,87.39777777777778,92.77920517864035,57.95,522.0,178980.0,0.020216460841375232,0.004056698716141338,0.023977649605451075,0
18249_315_yahoo.com,37,82.29216216216214,75.65892888251445,59.0,445.0,257096.0,0.04603992868728445,0.02392179457800852,0.03352941613146685,0
18249_325_gmail.com,39,102.72999999999999,97.07792571711893,59.0,527.0,259565.0,0.038087156628791134,-0.012820556648036715,0.038087156628791134,0
18249_325_yahoo.com,42,108.06142857142856,125.90115320723463,59.0,604.0,222635.0,0.015668530439976396,0.0065231991418414625,0.021373215077286692,0
18249_330_gmail.com,43,84.8146511627907,63.75755854320286,59.0,333.0,169152.5,-0.0031612756443532147,-0.010266470616848062,0.011938102033405104,0
18249_441_gmail.com,32,116.15125,81.85506542626119,80.75,335.0,277780.0,0.0022017162684401376,0.01364914657290086,0.0028682653705829134,0
18250_-1_gmail.com,39,43.58394871794872,26.034877803703637,38.118,155.279,150091.5,0.02318130808095043,0.003860789327679158,0.015786375049488106,1
18250_-1_hotmail.com,40,42.4747,42.32444803668442,28.320999999999998,146.458,152072.0,0.007434460337719363,0.011579457283845844,0.0017965614227053867,1
18268_299_gmail.com,45,217.0017777777778,289.4644209822984,117.0,1877.46,123676.0,0.029675336412976677,0.013863307357761132,0.049074385259357034,0
18269_158_anonymous.com,30,66.055,55.735431504564495,52.19,251.8,302825.0,0.013180682196429282,0.02218045371762356,0.03546515396619517,0
18269_158_gmail.com,41,110.27560975609757,56.85310571557412,107.95,210.55,216701.5,0.004093747761038734,-0.00023554289397639816,0.03086515814337157,0
18269_158_yahoo.com,31,96.93483870967742,74.38893573951611,59.54,337.1,168578.0,0.009229637986356842,0.005044455277405484,0.015888132070233117,0
18301_-1_gmail.com,95,33.63344210526316,32.2079144506001,24.603,205.682,74409.0,0.012639088251217276,0.00010323157159274413,0.02380424932569314,1
18301_-1_hotmail.com,91,43.01205494505495,39.46106297069556,33.11,273.703,53164.5,0.026114440489846014,-0.003769938825295995,0.017936074288124083,1
18334_226_gmail.com,42,97.9435714285714,109.56755606477131,67.95,550.0,242699.0,0.011741118732855806,-0.0014709647954365204,0.013050255968562671,0
18343_327_gmail.com,47,147.20021276595745,149.0576002828517,108.95,935.0,241851.0,0.01096500457532859,0.014755532038953856,0.024544771102941357,0
18350_264_gmail.com,52,95.45692307692308,73.72339724993013,57.95,293.95,154350.0,0.012950374917306905,0.007537903172460246,0.021329346385602056,0
18366_220_gmail.com,175,135.64148571428572,147.92759479486122,88.95,1104.0,60449.0,0.023003446734367942,0.006502519041520882,0.03429507467404408,1
18366_220_hotmail.com,37,246.82729729729732,539.1997093473466,68.95,2456.88,183409.0,0.050948248138435105,-0.0069424029528556835,0.03273064379591934,0
18366_220_none,72,91.95069444444445,56.717107142142765,68.95,311.95,156998.0,0.006566150980277286,-0.010867235531894712,0.02004134614207637,0
18366_220_yahoo.com,85,144.36070588235296,138.20233741777676,100.0,884.0,99422.0,0.03377129031542542,0.011603349992683337,-0.003551043363827732,0
18370_191_gmail.com,103,94.43000000000002,93.85667340017743,57.95,478.5,97698.0,0.044122196809583125,-0.0018533661522866056,0.03725596637980186,1
18370_191_yahoo.com,33,114.35787878787879,118.13312420694882,77.0,445.0,205454.5,0.012599978994146041,0.008157985239414973,0.019086763113085027,0
1874_330_gmail.com,65,197.3606153846154,503.83261154681406,55.95,2161.0,91562.5,0.03389221703555466,0.023859093655449512,0.05390322218736453,0
1874_330_none,31,135.26290322580644,371.70905635381314,59.0,2161.0,245727.5,0.036453654877455687,-0.011740214306547439,0.031275161130077354,0
1877_272_gmail.com,40,82.6625,125.61827780522229,46.475,809.0,167580.0,0.0416010020129109,0.011579457283845844,0.04067183622454982,0
1893_184_none,31,36.11129032258064,24.225199189158843,25.0,117.0,261143.5,0.04833084678547061,0.014554009748404206,0.030225049632957128,0
1893_204_aol.com,37,87.85648648648649,78.15681880356351,59.0,390.0,158446.5,0.05523479570209771,-0.006422377554653691,0.0700639527113085,1
1893_204_none,30,365.4463333333333,776.087240368776,117.0,3163.95,142303.0,0.02523457318294591,0.009461763602014749,0.006688826490338487,0
1893_231_gmail.com,34,48.14411764705883,27.143571887459625,39.0,171.0,1907.0,0.10618668488604868,-0.006404904355226712,0.10490349353797776,0
1893_299_gmail.com,31,509.2364516129033,363.6269974322623,417.36,1264.95,335692.0,-0.006557097810716346,0.011106422144118562,-0.0006877709898231443,0
1893_325_gmail.com,43,363.0346511627908,624.5859695508393,171.0,3996.53,254084.0,0.0026334946186112804,-0.009312661170282076,-0.0007010788016877587,0
1893_325_none,34,294.7182352941177,394.3683328734146,209.95,2304.95,161150.0,0.021303659997858083,0.015576925961255705,0.03777125817620721,1
1906_123_gmail.com,67,81.51388059701492,74.3814913375477,57.95,524.95,186717.0,0.028672375431002824,0.014301539486222356,0.01660427306420121,1
1906_123_none,59,64.31864406779661,66.28917304181904,40.0,311.95,111569.0,0.033572831158081365,-0.0006735432826847736,0.04748557881282228,1
1906_123_yahoo.com,35,99.40742857142857,94.27365953414126,77.0,393.05,184789.5,0.03129425041010487,-0.01741988771227022,0.02627622954878204,0
1906_325_gmail.com,109,142.19422018348624,162.27356674689463,59.0,1104.0,80482.5,0.04687818733983652,0.007468565903273029,0.039824286044809906,1
1906_325_yahoo.com,46,75.17195652173912,69.46729407550019,54.235,319.95,236716.0,0.04116728917833027,0.014798272050618178,0.037512434040832106,0
1906_330_gmail.com,36,194.49694444444444,201.35153090800407,108.45,712.95,198271.0,0.014571760575551908,0.002331190744547941,0.061340097362507194,0
1906_512_gmail.com,42,90.65190476190476,81.70520692850013,98.95,554.0,252129.0,0.033218325621926455,-0.016492687513728274,0.05008729300559971,0
1939_123_gmail.com,34,81.09588235294117,57.502181141119856,59.0,302.5,415195.0,0.014683416912192465,0.008977561496639953,0.004015170010750073,0
1939_143_gmail.com,37,66.10378378378377,38.52076276583005,57.95,196.0,259834.5,0.02049603254541478,-0.0012837555886230853,0.04137910291377928,0
1939_204_gmail.com,43,74.85116279069767,60.32054731913891,50.0,226.0,155412.0,0.03172455380209056,-0.016181890136297138,0.022390609696996612,1
1939_264_gmail.com,60,97.31316666666666,95.2253800813569,59.0,445.0,139890.0,0.012301190755122763,0.0021522543352667477,0.00853523750387539,0
1939_269_gmail.com,30,59.78200000000001,34.9425243697895,49.0,186.0,308788.0,0.06781355168849404,-0.004947977328269862,0.06781355168849404,0
1939_272_gmail.com,38,121.78289473684211,119.49218443739531,70.0,644.95,276468.0,-0.005595727115409864,-0.0008169266623274316,0.00648083134546297,0
1939_315_gmail.com,51,67.10882352941177,33.043084925003825,59.0,171.0,154221.0,0.04648449797726097,0.016503169314100383,0.07188132822703244,0
1939_327_gmail.com,37,76.8862162162162,49.805712000182695,59.0,221.99,168739.5,-0.0002407535652724918,-0.01401070034843039,0.004920881314752948,0
1939_330_none,41,121.92926829268293,79.22898119021987,107.95,335.0,330162.0,0.03685187506186942,0.014670046664035756,0.06475281263118085,0
1939_441_gmail.com,37,53.5027027027027,31.938949249809152,49.0,144.95,291503.5,0.02714682335290363,0.015743428376286596,0.013660538013479016,0
1939_441_none,33,23.71969696969697,17.670399574437866,20.95,67.95,169306.5,0.040622321559319795,-0.0035438322011807216,0.02321282297792316,0
1954_205_gmail.com,43,99.96860465116278,110.24370204194645,68.95,670.0,182330.0,0.03599945194720941,0.0005807311954791269,0.03599945194720941,0
1955_498_gmail.com,44,112.69659090909092,193.71729882325457,56.75,1316.0,290535.0,0.012590657854983228,-0.00020559533740596714,0.0023550054845821525,0
1955_498_yahoo.com,52,67.12269230769229,80.09268676677483,57.45,618.04,230525.0,0.05989233541799189,0.006606146476096725,0.049696776008197406,0
1974_184_anonymous.com,101,143.93316831683174,127.05867948914833,107.95,704.95,97539.0,0.02004615115259446,-0.006574684693070491,-0.0006625661403247621,1
1974_184_aol.com,92,125.80739130434786,250.91183486162925,77.0,2325.97,104031.0,0.008999000067730089,0.006744118834946883,-0.0008708026057733312,0
1974_184_gmail.com,418,124.04755980861245,121.56947019510757,81.475,884.0,20057.0,0.02031140745652505,0.02577177910463556,0.037224627718518144,1
1974_184_hotmail.com,60,211.61433333333332,548.3464399245142,58.45,2948.95,152500.0,0.03912257457045057,-0.0050186056931351905,0.02826757955875751,0
1974_184_none,251,95.87876494023904,78.28837321433076,59.0,554.0,48679.0,0.019327768043759276,0.009069850019258759,0.02276326335710282,1
1974_184_verizon.net,35,140.58114285714285,69.21673046191025,112.99,335.0,279318.0,0.020342656986142592,0.016779722967666937,0.026571262230641164,1
1974_184_yahoo.com,277,121.42664259927798,173.49992949548204,59.0,2080.5,36412.5,0.022143076464100124,0.006520690270225385,0.04307298545083132,0
1974_494_gmail.com,77,223.81441558441563,528.1372756747303,57.95,3270.95,107540.0,0.021725246901467654,-0.0005626166854034859,0.026093276147673483,0
1976_-1_anonymous.com,83,66.2442530120482,56.44258528183689,45.255,289.17,84627.5,0.019947922265684155,0.0007724517990517106,0.008522505675216778,0
1976_-1_gmail.com,267,53.76552808988764,57.995495820732984,36.396,407.231,30150.0,0.004187539120695175,0.012861001819669175,-0.0007025784267316974,1
1976_-1_hotmail.com,350,50.20912857142857,42.290164588107054,39.394,297.33,18563.0,0.014891879956121595,0.007447323685187204,0.007938353190386195,1
1976_-1_none,30,49.27970000000001,46.82444496496105,38.487,231.046,8276.0,0.04027827592308989,0.004940156984475946,0.04441252730336299,1
1976_-1_yahoo.com.mx,51,48.488529411764716,43.58041100074933,32.356,187.181,162558.0,0.004867115370605968,-0.002554050810494094,-0.0010100552221852105,0
2020_315_yahoo.com,42,53.48809523809524,20.807075289097405,47.5,97.0,93878.0,0.060610952030446176,0.037523652227247836,0.04871980421272872,0
2039_204_aol.com,70,157.2,78.24496332489576,125.0,350.0,80901.0,0.029282435514117182,0.009111938610688083,0.02408998307564303,0
2063_264_yahoo.com,56,41.66910714285715,12.291815987649452,39.0,97.0,219985.0,0.10943583884574007,0.010048698785219863,0.07329036448911863,0
2114_226_gmail.com,57,101.14280701754384,113.05116209827202,59.0,774.0,133975.5,0.002110284087846366,-0.0022957912848285134,0.013332475172941498,1
2114_315_gmail.com,75,174.94586666666663,296.8140798416559,72.95,1651.0,153062.5,0.016890768262275032,0.009018330652050943,0.02040435406043831,0
2114_315_none,67,100.7744776119403,69.14912359085852,97.0,434.95,81104.0,0.02789373006764636,0.013406081596820489,0.02789373006764636,0
2114_327_none,55,58.44909090909089,43.09976702205445,47.95,199.0,184260.0,0.019563723159439515,-0.0007137084192402818,0.048762103143584416,0
2115_-1_anonymous.com,58,59.78118965517241,58.73516885885171,43.774,302.111,98427.0,0.04250253734910461,0.021806133162455908,0.03946218878374359,0
2157_272_aol.com,59,183.50661016949155,325.0328455820321,107.95,2161.0,170482.0,0.002325501983724252,-0.01149067996167611,0.012629417583991016,0
2157_272_bellsouth.net,30,219.58733333333333,300.0889832581144,123.5,1359.0,341458.0,0.022515805090276668,0.005220353907435728,0.028057746558787768,0
2157_272_gmail.com,285,142.0138596491228,234.10556407991095,77.0,1779.95,32561.5,0.016053684512098234,0.012483533461038379,0.019522431150303374,1
2157_272_hotmail.com,37,181.01189189189188,382.42577946462166,58.95,2194.95,258026.5,-0.007498433660198527,-0.007539589007210551,0.0031683981193126667,1
2157_272_none,89,95.9041573033708,104.87029174988307,57.95,679.45,130100.0,0.023619750754388106,-0.013897201052049793,0.017508825655304292,1
2157_272_yahoo.com,140,105.10578571428573,101.97728777294242,59.0,554.0,81619.0,0.03292464862086535,0.014651024161227835,0.02975004544626217,1
2162_327_gmail.com,31,57.193548387096776,29.273371533824662,56.0,171.0,211324.0,0.05552948766898135,-0.01988874183812013,0.037363326312170396,0
2249_299_gmail.com,41,292.3963414634146,406.7817993011888,150.0,1869.95,175402.0,0.026011766660785404,0.015370324527067672,0.04364714302432382,1
2255_272_gmail.com,59,127.83203389830508,159.93310389436888,59.0,554.0,143043.0,0.04032578909244375,0.003217975187916368,0.02726544211561142,1
2255_272_yahoo.com,53,62.6820754716981,60.22219841956012,59.0,335.0,171274.0,0.030497636158864132,-0.009944654456960581,0.03803697448452472,0
2256_-1_anonymous.com,82,59.175146341463424,56.81783446374312,38.9885,239.384,90316.0,-0.007677749129740251,0.0032535424155365686,-0.0134415763903266,1
2256_-1_gmail.com,476,44.88101470588235,41.51910827171454,31.9965,352.853,13839.0,0.011663352336143542,0.006407575362925525,0.01375381306293548,1
2256_-1_hotmail.com,518,46.93460810810811,40.5521133808745,35.314,348.13,9891.0,0.007286709591385011,0.00607519896385772,0.007715710020385428,1
2256_-1_none,48,31.951937500000003,26.980916535586044,22.325499999999998,120.681,6613.0,0.020039907507194796,-0.007333860375129106,-0.003187344137976625,1
2256_-1_outlook.com,42,38.3002380952381,33.77393419333453,26.938499999999998,182.468,146957.0,0.012945867138320868,0.009184941341203547,0.03415592557541972,1
2256_-1_yahoo.com.mx,47,54.29031914893618,44.93284056025212,32.083,185.86,177884.0,0.016306801563405186,-0.00022126949032797577,0.027167799998348688,0
2261_143_gmail.com,64,135.56484375000002,118.79153201344187,98.5,512.95,121045.0,0.0077857224654206345,0.0018404640203293354,-0.005622048567439003,0
2261_143_none,50,86.82039999999999,66.07849734853238,58.975,382.5,242015.0,0.016321223991350338,0.0008232073295932341,0.006757213172173794,0
2261_143_yahoo.com,67,90.52462686567164,56.88653630623394,82.0,247.95,175269.5,0.022256958739676896,0.010210788194754405,0.025162538279173502,0
2263_325_verizon.net,47,415.1063829787234,175.37148826256734,405.0,734.0,171790.0,0.04666556092362999,0.004103152897154849,0.03931439964051578,0
2263_330_gmail.com,73,156.40109589041097,303.86322932494704,100.0,2531.0,136147.0,0.012809061088122884,-0.008672731786236645,0.0255155094570914,0
2263_330_none,45,88.16533333333332,78.74123267174998,57.95,319.95,292241.5,0.005213516866570678,-0.004074297021118743,0.016810282555385213,1
2263_330_yahoo.com,43,81.23767441860464,73.55684856854498,57.95,422.5,307101.0,0.011023382486467434,0.009010036356100141,0.016479249083102103,0
2270_441_gmail.com,51,115.29117647058823,132.66606194039522,57.95,554.0,134952.0,0.056903763141459444,-0.01026309931585791,0.05717090241991953,0
2300_184_yahoo.com,35,70.13485714285714,58.136689147040286,57.95,317.5,340858.5,0.017627770430922098,-0.004801879853604474,0.008937169248970762,0
2303_325_gmail.com,90,112.35100000000003,111.99131591382928,79.975,770.0,111833.0,0.019568836012291386,6.662481261971928e-05,0.012098528504384098,0
2303_325_yahoo.com,55,72.72945454545453,34.49414513788374,59.0,149.95,205387.0,0.010060601081699622,-0.0007776772888303737,0.028263873881539572,0
2333_177_gmail.com,43,71.6706976744186,35.43633159890664,59.0,200.0,44588.5,0.08791595072479491,-0.009109716706115874,0.08205558583692632,0
2336_492_gmail.com,34,82.17647058823529,56.84562199927474,59.0,226.0,91047.0,0.025343886712279558,0.004901434113865816,0.03609642898696925,0
2377_264_gmail.com,31,84.81451612903226,48.91902326977813,59.0,171.0,284262.0,0.010968680760814913,0.02060818341575143,0.02240596185484057,0
2377_441_gmail.com,42,122.78642857142859,89.90369940005986,102.495,335.0,95434.0,-0.010105668216773243,0.0003918238674103583,0.016082209786281408,0
2383_184_gmail.com,33,127.95454545454545,129.42860226935719,59.0,554.0,178229.0,0.04887620041117218,-0.018134946202971042,0.002048023751805607,0
2383_325_gmail.com,43,70.37906976744186,94.13889801811418,44.0,589.0,178508.5,0.06183924522886318,-0.009894933334634468,0.06525415106548826,0
2392_123_gmail.com,38,114.6007894736842,175.8555478433122,57.95,1044.95,323391.0,0.05606496297794277,-0.00024793288893586174,0.04822704472758484,0
2392_126_gmail.com,52,55.998076923076916,37.03767697267938,49.0,209.95,154307.0,0.024251015619974073,0.01086294422782779,0.016338995449700175,0
2392_181_gmail.com,35,88.13857142857141,53.668725670562004,77.0,323.0,175348.5,0.03540840797846321,0.008623402414188512,0.040845944163801697,0
2392_204_gmail.com,48,128.541875,145.89026372094784,77.0,554.0,154221.0,0.02262963962077679,0.02907876243346416,0.027672962977496225,0
2392_264_gmail.com,70,107.009,154.99483960211614,57.475,994.0,136408.0,0.024385015757502154,0.004403591141140889,0.014861206233692636,1
2392_264_none,33,71.47333333333333,60.25989040746084,47.95,311.95,257779.5,0.057637239874708916,-0.01119050175852659,0.055029293005540277,0
2392_264_yahoo.com,37,135.76405405405404,89.2485802887903,117.0,511.95,218791.0,0.0347739108967235,0.010597663763846327,0.02894490533877698,0
2392_272_gmail.com,38,142.04605263157896,123.16168576177186,92.75,390.0,182530.0,0.028115115866583183,0.0063572591281199145,0.05041197836906653,0
2392_299_gmail.com,39,128.39435897435897,106.07025066375178,114.95,445.0,210945.0,0.006105501024124681,-0.0038357152287601184,0.0021657750329176495,1
2392_315_gmail.com,88,75.45943181818183,63.13068077693276,53.985,311.95,107883.0,0.04172567563820125,0.01222898877956869,0.044102671807018344,0
2392_325_gmail.com,67,129.85656716417913,168.14243503162697,57.95,684.95,105574.0,0.025832142402786633,-0.0006346544953966457,0.03676948077393809,0
2392_330_gmail.com,50,123.807,108.9295432883109,87.475,445.0,95770.0,0.011008170448168396,-0.01185668642318611,0.021270386889032204,1
2392_441_yahoo.com,44,34.25727272727273,18.67692187550726,29.0,117.0,67235.0,0.027742173006498373,-0.0069769482597942245,0.0390485114755909,0
2392_476_gmail.com,30,96.85999999999997,161.81018684454529,47.95,884.0,352689.0,0.024722340984109796,0.007471798568031082,0.02744110907677904,0
2407_476_gmail.com,31,73.50548387096772,25.568998976042,67.95,119.95,604346.0,0.0370239837792389,0.07462140448609501,0.046810974667624954,0
2408_123_gmail.com,91,106.468021978022,81.48086083125114,83.0,616.99,82931.0,0.03554633277796554,-0.00259113666238716,0.04379447042812966,0
2408_123_none,122,72.27540983606558,59.00505745408526,57.95,360.95,70186.0,0.07766066894933564,0.0035178993943202515,0.07948216257410796,0
2408_123_yahoo.com,66,103.04757575757576,88.45497462860577,88.45,445.0,185000.0,0.03632686989150993,0.002888362679748478,0.03632686989150993,0
2455_204_gmail.com,57,447.97701754385963,667.3896334540881,226.0,2681.0,125186.5,0.02436332008205403,0.003408893352481762,0.0005940344015161053,1
2455_264_gmail.com,48,231.0064583333333,498.63088923358254,94.5,3432.95,173780.0,0.011886826638691401,0.0028344708605764837,0.0014695136657419186,1
2455_264_yahoo.com,70,198.33157142857144,319.24258118524284,100.0,1972.95,162928.0,0.019879227095015453,0.00812604688099982,0.048287912497644844,1
2455_299_anonymous.com,38,221.90263157894734,329.6034099504578,100.0,1789.21,165507.0,0.01008939457217773,0.017630980195068292,0.02555226619162871,1
2455_299_aol.com,39,218.22,418.6896218576263,117.0,2700.61,244872.0,0.0006852612488450829,-0.013294715214122045,0.007343755332721358,1
2455_299_gmail.com,131,268.517786259542,479.3932390971382,108.95,2681.0,64420.5,0.01903494477963754,0.0023603960796259593,0.0020173459907342345,1
2455_299_none,54,410.61685185185195,459.1162010251794,250.39499999999998,2241.95,189559.0,0.029425365318088856,0.012363880770869716,0.02014297945037287,0
2455_299_yahoo.com,88,252.15477272727273,407.75131404943284,117.0,2594.95,85656.0,0.01243445813583665,-0.0007777373318882189,0.016324894029240568,1
2455_325_optonline.net,34,128.69117647058823,38.142537375474205,117.0,191.0,338314.0,0.07842252119531537,0.025239855707453136,0.05416819465641135,0
2489_330_gmail.com,65,90.1703076923077,96.18827656007582,52.95,634.0,151574.5,0.030059677276445262,0.023910322672101053,0.036806250381026195,0
2542_205_gmail.com,44,80.62136363636363,40.77566501274264,70.96000000000001,184.95,261208.0,0.0038504141722765853,-0.0018089896034634775,0.026429430543113898,0
2542_205_none,37,60.10108108108108,30.86603519341273,48.95,145.95,357554.5,0.039158835364915635,0.021827440713783064,0.03499651013521605,0
2542_205_yahoo.com,40,109.696,56.04751911547914,108.45,266.95,337713.0,0.017520448213966533,0.010796024113586239,0.014523502098165025,0
2581_203_gmail.com,39,108.11615384615382,110.42167786090447,59.0,554.95,213599.5,0.03533960435063966,-0.002548279800521261,0.025171273114934077,1
2581_315_gmail.com,79,86.56962025316456,86.58267057650505,57.95,440.99,118592.5,0.02306983652064946,0.0019210324549483564,0.023777341885138043,1
2581_315_yahoo.com,67,73.51194029850745,53.553227566622034,57.95,269.95,76068.5,0.03378600248396976,-0.0006492784040904483,0.0267726042999068,1
2581_325_gmail.com,220,67.98045454545455,54.029339981942194,54.235,546.0,23209.0,0.04055170492584196,0.001039728458074051,0.055251876619957625,0
2581_325_yahoo.com,38,86.46605263157892,52.79901297619481,65.995,219.95,233372.0,0.006332616006945471,-0.006623346343835712,-0.005116349012400122,0
2616_123_gmail.com,36,276.3425,340.3954436825809,182.0,1541.0,92093.0,0.026619167752850594,0.012730350674307063,0.01764456624159389,1
2616_123_hotmail.com,31,338.2854838709678,222.1086540969664,300.0,774.0,67990.5,0.0208860897369949,0.024888979361895262,0.023536373446932123,0
2616_123_none,93,108.46430107526882,109.30077690992708,90.0,544.97,107882.5,0.029751235629489853,-0.005470920317532713,0.027032282026061973,1
2616_123_yahoo.com,31,187.56032258064516,186.6229894472236,107.95,752.95,246173.5,0.020227340561805814,-0.01590882822308362,0.025275416221390186,1
2616_126_gmail.com,72,274.18,325.7940965847055,158.495,2180.01,104969.0,0.038074210082891455,-0.0054388130860116984,0.022642111317459367,1
2616_184_aol.com,47,125.80851063829788,50.45564232534011,131.0,300.0,94176.5,0.05893899565163507,0.02787343152996543,0.058147926592475,0
2616_184_none,32,177.935,251.7636942030165,52.95,1000.0,255731.0,0.02693909958222184,0.004520904859703946,0.015102429683859414,0
2616_191_yahoo.com,33,150.23757575757574,122.8948367885102,107.95,524.99,337767.0,0.03649450257230553,0.0024124367697941212,0.06285137449086997,1
2616_203_none,46,160.4282608695652,395.37694667518593,63.475,2161.0,18152.0,0.03010776605943557,-0.00888092218894981,0.03652189064782537,0
2616_204_anonymous.com,36,337.96805555555557,420.4771312966275,250.0,2671.12,59050.0,0.048564529510783806,0.0043230937658627,0.015494446639042696,1
2616_204_gmail.com,102,279.9202941176471,416.96760764407503,100.0,2123.02,99575.0,0.02965793494366661,-0.003997920398291017,0.02567411676867196,1
2616_204_none,36,199.11972222222224,196.27520866384006,84.5,664.0,262390.0,0.041003434891096015,0.0010680907819187596,0.03664873933781584,1
2616_204_yahoo.com,73,334.3398630136986,457.7154321086325,214.0,3042.31,95899.5,0.00943954911990932,0.005850295002749143,0.027628863224842735,1
2616_264_gmail.com,68,290.0336764705883,437.7214588938832,121.0,2704.9,123366.0,0.018845004783265923,-0.0011533759245902324,0.007885620763870956,0
2616_264_none,80,232.794,243.05342216578643,148.75,1594.97,90321.0,0.01231457627930501,-0.004456832496455346,0.012511682693614537,0
2616_272_gmail.com,50,200.05939999999998,271.9412933293508,117.0,1651.0,195594.0,0.025474401562447672,0.000434991504105503,0.0178649550203755,1
2616_299_gmail.com,146,317.68246575342465,436.40536194262813,150.0,3080.97,65612.0,0.005140181259135304,-0.0027618721965164475,-0.009000878372326698,1
2616_299_none,56,273.6723214285715,339.71534552049746,145.45,1875.71,184863.0,0.013012461719865705,-0.0019718352867952524,-0.00039855821569739075,0
2616_299_yahoo.com,73,223.42849315068491,240.0708788183888,150.0,1710.67,152270.5,0.005749668988759473,-0.001057180818371032,0.0006740324453458346,1
2616_315_gmail.com,58,261.54189655172416,411.0316389720605,103.975,1945.95,107649.0,-0.0031189384232681444,-0.005213271519665923,-0.0008674937626727969,1
2616_315_yahoo.com,52,412.0640384615385,665.167786031521,152.985,2681.0,203709.0,0.012950374917306905,-0.007088227261405337,0.01636622362378909,0
2616_325_anonymous.com,58,431.7537931034483,351.29468329274545,300.25,1530.32,253032.0,0.011189318111204417,-0.01831899848466198,0.012315040441502091,1
2616_325_gmail.com,148,291.02020270270276,352.25353864961403,117.0,2079.95,69415.0,0.001114532171756985,7.345879847070469e-05,0.0033803985110536956,1
2616_325_none,115,140.9061739130435,208.32263801334534,59.0,1580.07,62518.5,0.042735005799998366,0.0029791141316656312,0.01776621684946988,1
2616_325_yahoo.com,45,442.4951111111111,651.3128626180004,117.0,3468.79,191496.5,0.00992224999322358,-0.00015663295362591811,0.010497382292559594,1
2616_327_yahoo.com,42,356.7959523809524,340.97121084351534,335.0,2211.63,188230.0,0.043015119575418446,0.005140100902573941,0.0359370937145957,0
2616_330_comcast.net,40,634.1165,363.7122963521443,696.975,1044.95,100485.0,0.07426128565730122,0.013012976845244842,0.050597665447881794,1
2616_330_gmail.com,52,272.3476923076923,458.01562600407567,106.725,3000.0,203747.0,-0.004143642176710191,0.015487381981233402,0.0065809607681838606,1
2616_330_none,161,94.88478260869566,161.93810780008513,50.0,1492.07,70817.5,0.023188525362988276,-0.0017829379538123677,0.024851774760633782,1
2616_337_gmail.com,43,247.13372093023253,395.80711165581334,100.0,2432.95,173987.5,0.03287618556330625,-0.005186200207981561,0.03792382235628901,1
2616_337_none,40,118.77624999999998,216.55348739615692,50.0,1122.99,89239.0,0.03648960822096919,0.0031732576414617852,0.03495612201607907,1
2616_337_yahoo.com,33,113.76212121212122,118.2883777368752,87.0,721.95,70156.0,0.028426957594084222,0.0016965975698482391,0.030007718453366534,0
2616_441_none,54,111.35074074074075,176.8294186167567,30.475,1052.0,3664.0,0.0633066027766693,-0.0033143022468225605,0.04782414922869157,0
2616_472_gmail.com,40,512.2144999999999,601.8687462684451,226.0,2079.95,114826.0,0.0006936228943846823,0.009539559767798203,0.002227109099274781,1
2616_485_none,46,62.629347826086935,70.49056102098301,55.45,485.0,265262.0,0.07938504061558374,0.011872010950446939,0.0770509689191903,0
2639_387_gmail.com,30,207.86666666666667,72.35548048044154,226.0,335.0,262261.0,0.04559132946627185,0.004771747771709932,0.0595528421273137,0
2650_-1_gmail.com,242,32.47113636363636,26.518453679107907,25.39,176.999,25898.0,0.005543005980342857,-0.0011118928438599643,0.015761380980273992,1
2650_-1_hotmail.com,191,39.20358638743455,39.11106464528374,27.915,230.168,30738.5,0.002125937652166437,0.009547240914908585,-0.0015235112225452686,1
2667_299_none,30,103.63333333333334,78.03684315045611,77.0,310.0,217413.0,0.035465153966195186,-0.021291061789965874,0.03359968802729888,0
2689_264_gmail.com,31,94.45774193548382,95.76507541423801,57.95,511.95,327082.5,0.02685565254353333,-0.000372987096018261,0.04365229576096643,0
2692_315_gmail.com,42,82.94880952380953,56.64128929804363,59.0,327.0,267476.0,0.07585955367501829,0.01260714603040676,0.06664503188587864,0
2704_299_gmail.com,158,152.43443037974683,185.561111839758,107.95,1511.95,71181.0,0.00747658240312829,0.00881369180083573,0.03347111157207452,0
2704_299_yahoo.com,87,134.01287356321842,220.0075434595345,97.0,1968.54,99538.5,0.008253553157123568,-0.0021002794583156563,0.010843541204709047,0
2721_310_none,50,70.9724,83.35327231872783,57.95,611.95,179988.0,0.033412337993140646,0.012355498051626501,0.03347082244141957,0
2744_205_none,43,67.09186046511627,50.97252786098282,49.0,211.0,82154.0,0.05030443194137808,0.01459711106439042,0.03907545411750468,0
2744_264_gmail.com,58,317.81000000000006,479.25417317629746,107.95,2007.95,143822.0,0.037640632962525955,-0.004824473193912389,0.035456717448554276,0
2744_299_anonymous.com,38,557.9452631578947,516.1144071849557,302.985,1651.0,201365.0,0.00823314015291541,-0.015916590263178473,-0.003462766279833121,1
2744_299_gmail.com,102,210.68715686274513,326.2462886044699,100.0,2681.91,92157.0,0.02096538364201905,-0.002953094353861565,0.03837253189355769,1
2744_299_yahoo.com,43,343.8402325581396,514.4453251735981,107.95,2167.17,209163.0,-0.009885364353133579,-0.002095894833098716,0.015090705107608404,0
2755_325_none,30,119.536,115.36225820142971,89.5,511.68,283233.0,0.008616541976778476,-0.007915152249104947,0.05652866783742331,0
2772_143_anonymous.com,51,89.27843137254902,71.81967291172559,59.0,311.95,255761.5,0.042127199502315436,0.0105973372000892,0.048038732986289946,0
2772_143_aol.com,42,197.87857142857143,464.40303810668706,107.95,3111.95,195512.0,0.022222635693610875,-0.0029908369132821827,0.028822778220323052,1
2772_143_gmail.com,265,119.07569811320755,154.9484788030543,75.0,1484.95,38246.5,0.015893292171487883,-0.000376443564789471,0.04036590500808337,1
2772_143_none,136,108.91514705882354,117.21017811145731,90.95,1011.95,69238.0,0.01577296699957919,-0.0015840381626582196,0.02353764971189056,1
2772_143_yahoo.com,93,153.56623655913978,190.0797651746426,100.0,1564.95,103158.5,-0.003081125122260362,0.0036840342872405396,0.020223472689822584,0
2772_191_gmail.com,92,137.7516304347826,175.1279169404664,59.5,834.0,128784.0,0.008587461154471083,0.0026590167802949018,0.022473982123822848,0
2772_191_none,60,131.45983333333334,120.42365543490845,59.0,554.0,127170.0,0.04839544791675429,0.0020577904847806326,0.030536365000134322,0
2772_191_yahoo.com,32,142.9090625,183.89498528982807,107.95,1104.0,298483.0,0.012567153918455247,-0.00039854644971426545,0.04180254985753588,0
2772_226_gmail.com,136,79.52580882352942,56.74107748664811,59.0,500.0,71192.0,0.06286745079665929,0.005896850635751561,0.07085258934072039,1
2772_226_yahoo.com,99,141.5148484848485,116.94684124636412,117.0,554.0,80679.5,0.03514333695018422,-0.005841807018935708,0.017289325620716056,1
2772_269_gmail.com,115,109.4487826086957,125.81052851599695,84.0,1166.84,75541.0,0.03744822431225152,0.01661301279249291,0.020745495977720494,1
2772_269_none,38,126.31315789473683,122.08437046190775,106.475,554.0,257783.0,0.02692392297095688,-0.01347372347582228,0.04741650386008283,0
2772_269_yahoo.com,40,109.43499999999999,183.42632451477627,59.0,1176.95,180781.0,0.023735439371420627,0.0036280787797988642,0.03426945824009162,1
2772_310_gmail.com,50,167.947,175.32513435614416,98.725,1053.0,181398.0,0.0047135670097922105,-0.009073714342711273,0.0010802689834917695,0
2772_315_gmail.com,30,174.27766666666665,218.6700607564333,103.975,716.32,192852.0,0.01579506145885673,0.008924745868922751,0.05571750496634848,0
2772_498_gmail.com,41,86.87829268292683,118.40597286150808,58.95,706.23,85413.0,0.053104153186140285,0.0009361249067582761,0.039043524345093505,0
2781_264_gmail.com,61,88.3195081967213,71.84818547114351,59.0,335.0,66672.0,0.01356058021855151,-0.005550757799323031,0.029024920919362682,1
2801_-1_gmail.com,191,63.764691099476444,55.866908095309086,45.617,304.879,35200.0,0.0036117134926648073,-0.0034951712805390348,0.012856974948491029,1
2801_-1_hotmail.com,127,53.06235433070866,43.2588833612456,37.995,223.872,74135.0,0.024243512298598807,0.022896360836635148,0.011654412331731409,1
2803_181_gmail.com,49,180.82591836734696,245.43063885640422,117.0,1614.97,156613.0,0.008538693507832172,0.0045520430034369855,0.008786943440190077,0
2803_184_anonymous.com,34,133.95882352941177,184.45519441228743,89.975,1099.95,364937.0,0.010243775255248631,0.026573393951667697,0.029459980551336508,0
2803_184_aol.com,71,149.8585915492958,134.40813037421626,100.0,554.0,116248.0,0.024745204478082986,-0.0014676447212571726,0.02594410045290659,0
2803_184_gmail.com,303,119.1093399339934,269.79584410304375,59.0,3061.0,28879.5,0.01607672221149451,0.012163160558008578,0.05409672389625838,0
2803_184_none,89,88.30011235955057,85.10802532161513,59.0,664.0,104802.0,0.028093332812051838,0.01233990882705225,0.03475182689592811,0
2803_184_yahoo.com,198,101.09570707070709,116.50787664990615,59.0,1262.5,57668.0,0.034370465763433916,0.003408056652531761,0.032125796852098334,0
2803_204_aol.com,56,58.67857142857143,84.4149497260106,41.5,664.0,149880.0,0.05612572067642665,-0.005493574735104326,0.05541376949507464,0
2803_204_gmail.com,192,120.94041666666668,157.90887365170897,69.975,1104.0,54050.0,0.012377640159940327,-5.7171137715663484e-05,0.03596800282183281,1
2803_204_none,66,105.83060606060606,157.25432278953838,59.0,1044.95,158371.0,0.04739065901661739,0.005017236390702402,0.029035770063754907,1
2803_204_yahoo.com,84,154.49654761904765,313.49703425913225,60.475,1999.95,110493.0,0.0013196112457197554,-0.009927839993473221,0.008981180312283316,1
2803_220_yahoo.com,33,194.9030303030303,175.72637128949896,161.0,844.95,34692.0,0.04671452541225123,-0.008682454167211334,0.03939960453860588,0
2803_251_gmail.com,59,229.84016949152542,204.9336491920195,171.0,884.0,67545.0,0.02386106042995902,0.012146631228736077,0.021937892448608564,0
2803_251_none,83,305.6265060240964,278.1787892983629,280.0,994.0,16422.5,0.018574287835504195,0.021508200193728153,0.03032474749900075,0
2803_264_gmail.com,213,112.0219248826291,151.87108210848393,59.0,1104.0,48989.5,0.028129908939944465,0.00807467420067761,0.03330280818154147,1
2803_264_none,45,77.22311111111111,108.43674116629211,49.0,721.95,175233.5,0.06596346012648255,-0.014242628256824336,0.06596346012648258,0
2803_264_yahoo.com,70,158.1737142857143,191.3108705086449,108.225,1429.95,111809.0,0.01486120623369263,0.011328477222656778,0.016060102208516225,1
2803_272_aol.com,34,221.24617647058824,399.9530005624536,97.985,1761.0,339212.0,0.005496791130385065,-0.018093107708777957,0.02512083961760713,0
2803_272_gmail.com,249,152.52514056224896,290.83473072116914,92.0,3162.95,38486.5,0.022501624057510352,0.00928475908152153,0.056043526417405565,1
2803_272_none,48,70.88145833333333,45.14317847091183,57.95,226.0,182109.0,0.019533496196037267,0.003419702235030346,0.02205515787439699,1
2803_272_yahoo.com,128,178.154296875,466.48006012563724,59.0,3074.67,69640.0,0.028327101917262107,0.004324930794033673,0.03428337088823695,1
2803_299_gmail.com,297,194.06188552188553,343.65494226512465,100.0,2470.95,31824.0,0.008729622002270288,0.01245348280992506,0.02766339383564331,1
2803_299_none,34,93.38264705882352,57.09401695803899,82.95,226.0,180928.0,-0.022351667933595564,-0.007924776473072374,-0.011084941446280843,1
2803_299_yahoo.com,163,143.17085889570552,229.6820292304331,100.0,2184.99,60977.5,0.021391264301923847,0.0058454161431190435,0.022627178556542595,0
2803_310_gmail.com,43,130.40302325581396,188.59733265931615,57.95,1054.0,228915.5,0.013235660835850933,0.005767347656242629,0.0194642660803495,0
2803_315_gmail.com,52,85.94423076923077,95.08316255432062,50.0,484.0,140326.0,0.03646826250862486,0.006606146476096718,0.04807011330572943,0
2803_325_gmail.com,40,108.42575,88.48165942407218,63.475,390.0,334069.0,0.027771122809130543,-0.01177194924015203,0.03227949320610795,1
2803_330_gmail.com,51,155.21960784313725,163.52861957300948,107.95,858.95,178279.5,0.028041204199117008,0.005466228979657296,0.04828966691478286,0
2803_337_aol.com,53,127.39924528301884,160.50139846388993,97.95,1099.0,197021.5,0.012554280057280605,-0.010634099181873066,0.043329398637258786,0
2803_337_gmail.com,418,145.12844497607654,316.4006265799951,75.0,3153.27,22842.0,0.01861778504990117,0.005346366527856861,0.02647297276799295,1
2803_337_none,142,111.07126760563379,179.54759873378768,59.0,1564.95,75379.0,0.020074770893965484,0.005118355709993014,0.02872471827277031,0
2803_337_yahoo.com,201,111.6400497512438,120.93976004482155,71.95,973.95,56580.0,0.01348378834676089,0.003126846305399597,0.02843247533999545,1
2803_387_gmail.com,30,102.06266666666666,98.57187590563323,81.475,554.0,419537.0,0.004365584700783874,0.015153351113421323,0.004365584700783874,0
2803_441_gmail.com,81,145.0888888888889,209.59606692780505,97.0,1575.5,137091.5,0.024891119817010497,-0.004571258725385378,0.02835721579371881,1
2803_441_yahoo.com,67,68.49999999999999,46.59261737689621,57.95,261.95,145299.5,0.020808709252707308,-0.010563954631469464,0.04311327483438797,0
2803_476_gmail.com,121,142.59578512396695,217.31048397216892,82.95,1564.95,92924.5,0.011315406001329294,0.000926370451530309,0.03165143515228663,0
2803_476_yahoo.com,49,142.07857142857142,144.9443565859756,100.0,874.95,162861.5,0.0060766975703793955,0.0014422854916530045,0.0028467922048097324,1
2803_494_gmail.com,265,116.16456603773584,219.3288764112709,60.0,2143.37,40665.0,0.027442934813798156,0.004620354438064541,0.052944521360284616,1
2803_494_none,67,95.2958208955224,54.07870097323895,87.95,226.0,157021.5,0.0363803726517426,0.002075922081837628,0.030945769455753572,0
2803_494_yahoo.com,149,154.1238255033557,368.0570144657565,57.95,3511.95,62203.5,0.024279393368009675,-0.0006835498141163805,0.050169326105257525,1
2803_512_gmail.com,87,159.17068965517242,238.67248089203025,107.95,2161.0,106261.0,0.03374755489091346,-0.01253818822302898,0.036047781981192746,1
2835_123_gmail.com,36,72.98777777777777,51.56069660071145,59.0,226.0,187036.0,0.044430278130510696,0.017439083800959973,0.02492747455391394,1
2845_315_none,61,98.39327868852457,57.449185607414144,80.95,335.0,146255.5,0.0630583903731727,0.01690035234822834,0.0630583903731727,0
2845_315_yahoo.com,43,83.87093023255812,33.19536468159327,80.0,209.95,88430.5,0.07508357863486399,-0.0048146629257679666,0.07128210203031275,0
2884_123_gmail.com,52,112.09634615384614,240.8314107023421,59.0,1771.15,190105.0,0.03909321591934318,0.0007951137153366719,0.03047962086447261,0
2884_181_gmail.com,69,152.00492753623195,249.59840053500432,82.95,1364.95,119843.5,0.022713886007793088,-0.004664313346985333,0.06033005645452841,0
2884_204_aol.com,144,85.37006944444445,99.39867310969197,54.5,816.69,76189.0,0.05543541330655604,0.012617561889900347,0.07204307028811416,0
2884_204_gmail.com,143,103.44132867132868,94.3924730037999,68.5,655.95,73650.0,0.005938832888631267,0.01267979884893243,0.00993788637297888,1
2884_204_none,47,80.21425531914892,78.34939793234115,52.0,414.95,127189.5,0.03872916826606192,-0.0011120757164113718,0.02172760115034996,0
2884_204_yahoo.com,73,104.01383561643836,190.80213758193588,75.0,1672.27,124377.5,0.0006740324453458346,0.0037287129644347668,0.007867418551260896,0
2884_220_gmail.com,39,93.75743589743587,72.24401352957402,72.95,311.95,237912.5,0.013804045904404913,-0.0029289318286455507,0.00909531277775201,1
2884_264_gmail.com,212,85.71797169811322,95.53580147431028,57.95,919.95,50653.0,0.02969484157916191,0.004932785290362687,0.0377488775076969,1
2884_264_icloud.com,30,68.055,59.64816335535124,51.0,311.95,370871.0,0.052998736873679224,-0.005027974943669682,0.06115505760461778,0
2884_264_none,55,74.2601818181818,60.73566190665636,57.95,411.95,215322.5,0.02233147769706565,0.018540113420112588,0.0318465020712853,0
2884_264_yahoo.com,126,96.27063492063493,116.60531240277717,57.95,814.99,82901.0,0.022065106935038874,-0.0038086900854936677,0.01999214798864058,1
2884_272_gmail.com,50,105.918,91.19660162527988,59.0,441.0,193248.0,0.02144079036608243,0.0060039713597152405,0.02144079036608243,1
2884_272_yahoo.com,35,90.33514285714284,75.31151524061066,59.0,311.95,189344.5,-0.015196556185225443,0.010551117723168364,-0.010242739311708209,0
2884_299_gmail.com,350,113.11717142857145,120.23957024088811,73.725,994.0,23866.0,0.02318604950545687,0.008525784912408147,0.023176448428481433,1
2884_299_hotmail.com,39,139.2705128205128,197.58027334509293,59.0,904.95,263067.5,0.010098943499773284,-0.0010726774093832436,0.02789004120760335,0
2884_299_none,80,124.5355,142.74405885097286,92.975,973.95,99065.0,0.0027505654601284665,-0.006186345166760084,0.013871396158545012,1
2884_299_yahoo.com,229,127.10729257641923,238.5673231129919,81.95,2989.97,42812.5,0.008625874564546058,0.005442896004328866,0.021135458786953592,0
2884_310_gmail.com,130,95.71584615384614,100.75752724532157,59.5,644.95,87439.0,0.028239000019548224,-0.0005879518540021778,0.035588839055991174,0
2884_310_none,47,63.17936170212763,43.668197123514354,57.95,226.0,224041.5,0.04064013070117738,-0.015989140078769858,0.052894166168128545,0
2884_310_yahoo.com,52,86.49480769230769,76.74210877724434,67.95,524.95,127329.0,0.030976096211712344,-0.003728823314854461,0.03763993030935953,0
2884_315_gmail.com,89,80.07550561797753,54.14216054370066,57.95,280.0,80552.5,0.023321254978760902,0.008562053279325098,0.014595770832889054,0
2884_315_none,47,87.56255319148933,60.5030574036002,57.95,361.95,169968.5,0.030376060268209895,-0.00385329138990052,0.03611517333551649,0
2884_315_yahoo.com,109,98.56816513761471,104.56821405727791,62.95,800.0,90207.5,0.017729971091647246,0.001825264316714443,0.017729971091647246,0
2884_325_anonymous.com,45,75.60533333333333,55.62043339956599,57.95,335.0,143151.0,0.020028331681385486,-0.004148050549073058,0.03782451449750557,0
2884_325_aol.com,33,124.55151515151515,71.0258654175391,112.0,335.0,239955.5,0.0169842177334246,-0.01050189073266962,0.02448723160287721,0
2884_325_gmail.com,167,103.87562874251499,96.53055613492785,68.95,527.0,59307.5,0.012228101464797282,-0.00213268345371247,0.012228101464797282,0
2884_325_none,31,68.06774193548388,42.51538724939079,57.95,226.0,331941.0,0.03260447519269489,0.02874441033477524,0.023486255454109504,0
2884_325_yahoo.com,72,96.8776388888889,108.6379544953105,57.95,554.0,168015.0,0.02871834282417313,0.004355708669264369,0.02509050275505755,1
2884_327_gmail.com,75,117.24960000000002,238.02243091182254,55.0,2026.99,86526.5,0.030937614162260204,0.016875196758026758,0.045085859013002286,1
2884_327_yahoo.com,35,157.086,237.2364228624505,100.0,1364.95,438795.0,0.00787507298178343,0.01283999697645992,0.023250111708773953,0
2884_387_gmail.com,57,124.42929824561404,128.85477552247002,75.0,714.95,179960.5,0.0056802403432098525,0.008562429208514868,0.009918880553724752,0
2884_387_yahoo.com,55,112.69345454545453,203.97791410050596,59.0,1543.95,149217.0,0.04396771419249742,0.003297129087966477,0.04276881821767383,1
2884_420_gmail.com,62,170.87645161290322,208.63006700467864,107.95,1104.0,159007.0,0.03248327745110842,-0.0046371063423186094,0.04356940029996326,1
2884_512_gmail.com,35,97.7362857142857,92.14987336122495,59.0,335.0,278595.0,-0.0035342962928371566,0.0020031593285229146,0.0006362583924234,0
2903_343_anonymous.com,30,483.012,381.5110934726101,300.0,1000.0,64097.0,0.041977103484200716,-0.00891949341427082,0.06657249997804152,0
2920_194_gmail.com,47,71.18936170212766,85.69158821659182,47.95,554.0,232091.0,0.05351819606469031,-0.022064234746735096,0.0412447613366852,0
2939_204_gmail.com,74,65.27702702702703,17.153941689470557,54.0,105.0,43277.0,0.10682733619546031,0.017926229110525067,0.0855676790545386,1
2947_315_gmail.com,45,144.79333333333332,79.35093194159727,117.0,380.0,138339.0,0.02995868068648365,-0.0012273190523173771,0.007141232353010646,0
2971_181_gmail.com,39,135.93871794871794,120.50695607498727,100.0,445.0,295681.5,-0.009760835909586603,0.0165231550456445,0.008106040206399219,0
3055_512_gmail.com,58,119.50086206896552,233.1805500501074,59.0,1779.95,107301.0,0.003908164180934093,0.002786671122195071,0.07473385130919889,0
3055_512_none,43,131.54883720930232,88.08202010677195,107.95,311.95,108016.0,0.005279607949528843,0.018654446984617448,0.023167079857278512,0
3055_512_yahoo.com,33,151.28151515151515,118.27313596774083,100.0,554.0,372939.5,0.004097118405049761,0.018537036976474547,0.014055294721233916,1
3056_191_gmail.com,45,80.95844444444442,48.016906557566,59.0,209.95,269061.5,0.025541735585659774,0.017982934829340415,0.02166425914199644,0
3070_315_gmail.com,31,110.74032258064513,56.59390201300164,107.95,291.95,406106.5,0.012229510440700427,0.004447928060242301,0.009229637986356835,1
3084_315_none,30,69.51833333333335,60.93282159249006,44.0,311.95,329393.0,0.042830405637973655,0.025302965052778806,0.04163150966315005,0
3094_191_gmail.com,131,83.72793893129771,72.18721789243374,59.0,621.37,86686.5,0.011185484613800138,-0.001781474736616797,0.0070549851532716555,1
3094_191_none,67,106.22044776119402,97.23319300623409,69.95,500.0,149164.5,0.012088627503971314,-0.003428935238196356,0.002518277761002788,1
3094_191_yahoo.com,153,169.27078431372553,191.20825296518777,67.95,994.0,63859.5,0.05485410157012617,0.00042643005053315947,0.046222498532649745,1
3154_-1_anonymous.com,284,38.03013732394366,33.19147405572259,28.281,200.671,22096.0,0.006614705501242137,0.0044100235824177415,0.020703726750290977,1
3154_-1_gmail.com,1543,35.5977893713545,32.42851237666342,25.195,238.738,3563.5,0.008144040045751727,0.0029366228124844077,0.007993846805756325,1
3154_-1_hotmail.com,1894,35.902485216473075,32.737086643248894,25.9715,320.407,2968.0,0.01178438793817559,0.0076155019565653705,0.006085829531100795,1
3154_-1_live.com,33,32.95575757575757,26.824755017696102,40.693,157.76,1934.5,0.03826335642739508,0.00016311136495812673,0.02433620630261627,0
3154_-1_live.com.mx,59,34.204033898305084,36.369864214044064,22.96,251.156,124297.5,0.009779596178919315,0.015978048853257154,-0.012672619204993279,1
3154_-1_none,203,24.867669950738915,20.741565851565095,17.34,134.133,1390.0,0.00808248950172363,-0.005049964994015704,0.004865342069088126,1
3154_-1_outlook.com,147,27.850625850340133,27.800802635163823,18.656,157.817,63500.0,0.010275775777852117,0.0031756817494388995,0.01790122854502521,1
3154_-1_yahoo.com,37,51.03545945945946,42.277509617899675,42.294,183.645,166078.5,0.00025774697853311185,0.010167774924468624,-0.006400747105343156,0
3154_-1_yahoo.com.mx,117,42.62265811965812,32.83259906615182,34.164,154.429,67848.0,0.01307138723157247,-0.0016078780003057243,0.005304206589546091,0
3166_126_none,44,55.49931818181819,39.14863601465384,39.0,226.0,194109.0,0.01891381240826618,0.00527960794952885,0.04395277561307143,0
3166_325_gmail.com,79,79.39569620253164,104.64433446636137,49.0,842.0,104938.0,0.024236744841538562,-0.004755671666119253,0.050752096512564696,0
3166_325_none,51,98.64764705882354,136.43360592550582,49.0,698.38,101018.0,0.030860473015000715,0.0058886040734362904,0.030860473015000715,0
3178_123_none,43,97.68139534883721,78.81690515103904,59.0,335.0,102500.0,0.04099982452658425,-0.007218307306056621,0.03732240129779903,1
3178_123_yahoo.com,63,154.39507936507943,253.62460153612616,59.0,1651.0,98810.0,0.03043069618790449,0.005293224485237641,0.03358649576636108,0
3178_203_none,30,36.90333333333333,27.035510393225838,30.0,107.95,229010.0,0.009240956205222264,-0.023246467245091478,0.028744410334775226,0
3178_299_gmail.com,156,182.50416666666666,193.15094491547657,117.0,1198.95,72177.0,0.010497299351578972,0.01806774574199041,0.015090223756711995,1
3178_299_yahoo.com,88,129.98238636363638,103.61791977121699,107.95,768.95,95019.0,0.012695294837948845,0.017133426768259345,0.023626200815841485,0
3178_387_gmail.com,31,167.11129032258063,103.61413662243432,150.0,527.0,224676.5,0.02121731209149185,-0.003728486482610989,0.01784791500206804,1
3181_264_gmail.com,110,136.76481818181819,141.74381481924496,101.47,1044.0,83210.0,0.012656404894963117,-0.006856390951544694,0.03232142581514977,0
3181_264_none,42,135.16142857142856,193.31152522204533,72.225,1104.0,269797.0,-0.005495490724044757,0.02805087311072109,0.006763299166900008,0
3181_264_yahoo.com,75,137.98946666666671,137.06187303446413,93.97,884.0,144874.5,0.011639964266636774,-0.007525414038554477,0.00571403834071085,0
3213_-1_gmail.com,86,48.88648837209302,35.03877922164081,39.965,205.428,79776.0,0.022777530062792515,0.004376389264321524,0.015532081821582135,1
3213_-1_hotmail.com,77,36.87006493506493,33.1697321662807,23.028,166.857,128632.0,0.009631154619583998,-0.004277609066201001,-0.000906176714062637,1
3277_231_gmail.com,200,122.4973,165.6888885764824,59.0,1011.95,59965.0,0.024697805508513672,0.008944903333494549,0.04048017674805373,0
3277_231_hotmail.com,32,114.14281249999999,80.80185414156561,92.0,311.95,340963.0,0.0016965975698482391,-0.010856102225528727,-0.008968404527779507,1
3277_231_none,174,71.70626436781609,68.49265173573131,49.0,554.0,63889.0,0.04847230481853469,0.013560774361664814,0.04825511317608473,1
3277_231_yahoo.com,78,109.50794871794875,184.70101649213555,55.225,1564.95,136492.0,0.04552274889391074,-0.0014332144681408095,0.046779213239698775,0
3278_264_gmail.com,48,227.01874999999998,332.77004801630034,146.0,2095.15,257334.0,0.022147875458464715,0.015000469763797528,0.033329667500858425,0
3283_191_none,48,113.98125,54.60722024242002,117.0,226.0,187432.0,0.03434507114841693,-0.00803556153922894,0.05195451769048912,1
3310_472_gmail.com,33,90.02939393939393,67.44001428607068,70.0,311.95,345397.5,0.0019963321475654702,-0.007434918322889401,-0.0018325726201409223,0
3316_203_hotmail.com,50,146.536,66.04402246986474,117.0,335.0,72195.0,0.050597337200089194,0.004598967516625141,0.06324400675743508,0
3326_485_none,62,77.47258064516127,47.41319545250762,58.475,236.95,216069.0,0.021730589279065404,-0.002812118860292971,0.037192010577761336,0
3330_264_windstream.net,30,33.050000000000004,20.622560461785536,25.95,107.95,427323.0,0.09557771537922738,0.03668890955965608,0.12646849053122428,0
3334_325_hotmail.com,37,119.13513513513513,80.29242573485462,117.0,488.0,134292.0,0.0527919289147415,0.014759143318208337,0.05481261013910744,0
3335_-1_gmail.com,51,45.89737254901961,53.872633655492045,20.422,273.836,115207.5,0.010256671265129483,0.01948622608897809,0.020961233249004223,1
3343_315_gmail.com,75,125.7124,110.2250420771372,105.0,600.0,124678.0,0.022816694188200964,-0.003692922509621728,0.04132807834454533,0
3343_315_yahoo.com,82,93.85243902439025,216.52337577607136,57.95,2006.13,148241.0,0.05398195352615749,-0.007701369441501717,0.060640447610033746,0
3366_264_gmail.com,35,157.35685714285714,147.50253316510347,117.0,773.92,280491.5,0.019200158128221213,0.030158960860423266,0.024824442956190733,0
3368_251_gmail.com,39,98.69358974358973,83.55544925338057,59.0,445.0,243781.0,0.044511027126092,0.00239289001573844,0.044511027126092,0
3368_251_none,39,87.30333333333331,69.89566445353896,78.5,466.28,277989.5,0.022975468679857246,0.002919021387728718,0.03980229399943908,0
3368_251_yahoo.com,54,133.67444444444442,144.82927334376828,108.225,644.95,113390.0,0.0104970434878719,0.0015678514195732116,0.02217336444500824,1
3479_110_yahoo.com,34,71.87264705882352,65.6481111823989,57.95,335.0,432657.0,0.08375957293291009,0.019839387217660966,0.08550249214542813,0
3484_264_gmail.com,151,110.78867549668874,166.24928532904397,59.0,1564.95,72982.0,0.031787780456180095,0.008408753928227496,0.052524526483167654,1
3484_264_none,34,122.19441176470588,163.57664174525033,67.95,962.35,255432.0,-0.00010935207691871451,0.003012561898079101,0.014952508381901548,0
3484_264_yahoo.com,60,88.87833333333333,76.66116507434228,57.95,465.0,228638.0,0.020631284226020962,-0.008890539502061617,0.02172060866729721,0
3508_494_gmail.com,41,71.32853658536585,65.9762023822624,50.0,399.95,320995.5,0.02006459365079824,0.0036685070864719907,0.030760043695948994,1
3508_494_yahoo.com,35,71.22828571428569,34.33332421055291,57.95,134.95,317505.0,0.02941063142801819,0.00520565401243249,0.03341844294447955,0
3553_231_gmail.com,47,129.1244680851064,93.69808001867035,107.95,445.0,167245.5,0.007534170022367476,0.0005160261592221105,0.004315544456314248,1
3553_231_none,32,117.1975,124.16788851188538,64.975,511.95,180817.0,0.01979754872346786,0.00831996655164214,0.046082032329184154,0
3579_330_gmail.com,100,127.11670000000004,249.77766185171564,57.95,2294.95,102131.0,0.026987536565591986,0.0014420009719760436,0.0321186447860239,0
3579_330_yahoo.com,102,141.51421568627455,251.4373319710074,57.95,2394.95,94920.0,0.03818773579709592,0.008196147965553704,0.040802115059523386,0
3602_330_none,84,56.19047619047619,56.64540417420425,20.0,300.0,90808.0,0.05935597183771686,0.017270546094332075,0.07635461823838972,0
3605_325_anonymous.com,53,145.33264150943396,417.2794443352327,54.5,3052.29,96248.5,0.08353086966033843,0.011998904668333893,0.07876679968370534,0
3605_325_aol.com,97,159.59443298969072,173.89510334971595,105.0,1104.0,113869.0,0.02198095868855367,0.004054184562555227,0.044129562726658314,0
3605_325_gmail.com,72,149.9929166666667,216.4494309137401,104.485,1709.18,110902.0,0.017391957874777316,0.0032406869451924343,0.04318560387483317,0
3605_325_hotmail.com,38,219.27815789473684,349.2612463913183,103.97,1575.5,249890.0,0.04451975542598461,-0.0039045782511664684,0.07660429713604927,0
3605_325_none,43,156.2232558139535,148.15526713585768,117.0,1044.95,249508.5,0.02373916422546833,-0.0001623433689480619,0.034938805359041605,0
3605_325_yahoo.com,56,191.1223214285714,226.22417254313308,117.0,1651.0,183460.0,0.024930837711672073,-0.008768091568345657,0.033298534290515734,0
3611_-1_gmail.com,50,44.4108,38.34386221600532,34.272,176.448,239014.0,0.0216812201371114,0.008314912536720974,0.029050236908154635,1
3611_-1_hotmail.com,46,44.85532608695653,48.950202676692975,26.5595,232.013,239497.0,0.01045394288939664,0.01515230962399089,0.02052321989674672,1
3643_-1_gmail.com,61,54.688770491803275,42.267766531799026,38.012,221.54,68216.5,-0.004058703068201358,0.008791353603293462,0.009010623498984505,1
3643_-1_hotmail.com,31,64.78696774193547,49.53956555182408,46.417,260.921,161789.5,0.01494827853336967,-0.005511609062048881,0.016116992406044514,1
3653_-1_none,203,17.586206896551722,7.889395944620026,20.0,40.0,39925.5,0.06681410867556263,0.010982493345915535,0.07588774916140507,0
3653_330_none,60,17.116666666666667,5.357523266916865,18.5,30.0,103701.0,0.08172878125008762,0.0012099995513633784,0.08172878125008762,0
3670_420_gmail.com,49,139.07224489795917,408.3553124188232,59.0,2930.95,284534.5,0.01005856562567782,0.004032017605235007,0.0289260202661933,0
3681_123_gmail.com,30,68.76233333333333,66.70964116644275,49.0,265.89,192067.0,0.0657191978242686,-0.016849452787826895,0.07318885477921971,1
3681_204_gmail.com,50,98.15180000000001,117.99164861446765,58.475,445.0,160851.0,0.020343293342015782,-0.0031250408844723625,0.015874989986391835,0
3681_264_gmail.com,54,88.07759259259257,81.06955666758309,58.475,474.98,161277.0,0.02838294464668227,0.003041955444304384,0.028028907073309545,0
3681_299_gmail.com,30,54.78999999999999,24.79125652321802,51.75,131.0,247108.0,0.03428635180328634,0.0039358158193100665,0.02868216078723155,0
3682_204_gmail.com,55,306.1492727272727,468.2677818042094,150.0,3191.0,124511.5,0.010198363279373762,-0.019268967633259977,-0.003540693849597789,1
3682_264_gmail.com,52,159.25076923076924,278.468489778302,100.0,1971.14,101019.0,0.019206208335894363,0.0018131179761965016,0.02706359839459424,1
3682_272_gmail.com,30,255.93866666666662,488.5621104065366,77.0,2611.97,333310.0,0.0188049670243988,0.009293354389248727,0.0016046608724857025,1
3682_299_gmail.com,48,326.2252083333333,308.88730696505365,219.5,1256.0,110179.0,0.011689720224381868,0.008246236482659354,0.006085529208327091,1
3682_330_none,66,50.06651515151515,43.009857943035264,40.0,345.39,158997.0,0.06281838407946534,-0.0026478431275163694,0.06281838407946534,1
3682_337_gmail.com,37,145.4162162162162,250.11976835271957,100.0,1575.5,163961.5,0.025020061947620763,-0.0037866033743990876,0.045172544647309056,0
3702_-1_gmail.com,79,62.01441772151899,44.17008444053211,53.17,210.262,1606.5,0.0014401066452836668,-0.0016538351933496585,0.009045260763130416,1
3786_330_none,34,32.64705882352941,8.595081880119093,30.0,60.0,355607.0,0.08859085243102094,0.011004594226169936,0.07842252119531537,0
3821_204_gmail.com,60,304.942,528.1269869415878,103.975,2269.75,137340.0,-0.014734153423994152,0.003713246967187469,0.0024039031803752865,1
3821_251_none,30,126.96666666666667,38.10903946426476,117.0,226.0,46358.0,0.07522095909590149,-0.008134068853012995,0.10231855282256208,0
3821_264_gmail.com,31,326.7448387096775,399.745670168574,150.0,1498.71,176482.5,0.004709893414167617,-0.019764259195963592,0.002320221642954992,1
3821_299_gmail.com,64,229.14687500000002,258.46171689364246,133.5,1444.15,161085.0,0.009332822757355197,-0.0020175582742312306,0.007523772947415082,0
3821_299_yahoo.com,49,320.4532653061225,483.2278929322118,150.0,2360.72,219278.0,0.00951380851154457,0.007270811096106229,0.010819050538265144,0
3821_325_gmail.com,60,287.72083333333336,499.38191605988186,117.0,2161.0,152530.0,0.028038691633428387,0.0047876288854732905,0.007702029162017194,1
3821_330_none,38,112.23263157894738,129.18415834288274,58.975,683.69,335313.0,0.009708742544053434,0.00077343868510419,0.03419302223029134,1
3821_441_none,45,72.99888888888889,66.66455037381719,50.0,399.95,257967.5,0.03492614040861493,0.020292609863462034,0.01689327646779984,0
3865_272_yahoo.com,55,116.66818181818182,85.21672443814619,77.0,335.0,204640.5,0.021046925897807982,0.0033896355217933813,0.024888678999101216,0
3867_-1_gmail.com,149,42.93069798657719,36.964856400652614,31.298,265.498,59732.0,0.011338021947432633,0.0022666750747901802,0.02507802083521469,1
3867_-1_hotmail.com,111,41.921090090090104,31.86494314665619,30.089,153.454,78291.5,-0.003943648434519206,-0.0012561213211218746,-0.0018547825432819985,1
3887_-1_gmail.com,69,37.52092753623187,37.08307152370782,24.836,185.67,100172.0,-0.0015357888677924487,0.011860352030522187,0.01899104461082845,1
3887_-1_hotmail.com,109,44.30044036697248,28.180568303966428,38.79,131.958,74816.0,0.028554912169370488,-0.002819499940348375,0.028814188384454282,1
3898_181_hotmail.com,107,70.67289719626169,55.209841954271155,59.0,529.0,101587.0,0.09570556729808989,0.027540658226163982,0.09515052056811402,0
4029_498_yahoo.com,34,143.8808823529412,209.00592941726418,78.975,1264.95,342517.0,0.018062914315737838,-0.0018087515742505889,0.03447605614590913,0
4030_126_anonymous.com,38,352.1557894736842,624.8247069405339,123.75,3256.3,396664.0,0.010037421766272793,0.00810743376084555,0.003307376495050307,1
4030_126_aol.com,46,229.04217391304348,361.20485683884397,117.0,2338.55,132951.0,0.02222792841991581,-0.0011616329437986253,0.007834911963650729,1
4030_126_gmail.com,253,103.97090909090909,157.11195416852217,59.0,1787.39,49594.0,0.027912329264097473,0.015122124135110252,0.030835506615564542,1
4030_126_none,112,176.84955357142854,227.38383215151393,77.0,1042.0,83190.0,0.013991123857772885,0.007627498792138612,0.007974538917586333,1
4030_126_yahoo.com,149,161.54295302013423,188.02232215938042,101.0,1464.95,72202.0,0.03230068219029183,0.016359849701651982,0.04754083632046484,1
4030_204_gmail.com,46,157.32608695652175,88.1907651548683,117.0,445.0,191586.0,0.026882502479853,0.0012874090467557622,0.0413528085222215,0
4053_441_gmail.com,47,85.34042553191486,40.34073781524697,92.0,209.95,158559.5,0.02977009830137195,0.009947447402483316,0.055448557760859704,0
4053_441_yahoo.com,51,58.929411764705875,80.53963752947655,35.95,317.5,188840.0,0.015320743425987784,-0.00017711143961074427,0.02025836394558947,0
4063_330_none,67,40.19402985074627,30.73586985430218,35.0,175.0,55854.5,0.01973421120278015,0.009013651342106965,0.014408649246534469,0
4067_123_gmail.com,58,103.27810344827586,92.53015641618192,63.475,405.97,179023.0,0.004992502961499799,0.0028277616358192564,0.004992502961499799,1
4067_325_gmail.com,67,137.85597014925372,283.5550721631196,100.0,2330.75,138044.0,0.015810271015691664,0.005195702833773241,0.026747609386843126,0
4067_325_none,54,94.86962962962961,67.77171476423662,68.0,335.0,167586.0,0.01600872807009978,0.018030856913001325,0.01454830095573037,1
4067_325_yahoo.com,59,146.84152542372883,235.11142917387394,93.0,1601.0,173958.0,0.027627538772708526,0.006735240640289297,0.03505503999203069,0
4067_512_aol.com,85,180.5235294117647,76.56454047489274,171.0,400.0,150485.5,0.04342348479233672,0.01702403430068823,0.07319575460533906,1
4074_441_none,83,30.095180722891566,45.28959734174038,25.0,411.95,95230.0,0.06607048670291461,0.025026778337955722,0.079382210405574,0
4090_310_aol.com,30,106.22599999999997,116.19910672634278,59.0,644.95,280637.0,0.004594472626113025,0.004154732423218115,-0.0028129347812943795,0
4090_310_gmail.com,287,106.64564459930314,103.61536047481886,72.95,774.0,36123.0,0.012004986209104984,0.01357861201253511,0.00606569767647294,1
4090_310_hotmail.com,40,85.572,69.40444997260622,51.71,311.95,168152.0,0.029331837188109562,-0.007760296727312075,0.031121439492417725,0
4090_310_none,187,76.8764705882353,77.57825886487669,57.95,794.95,64730.0,0.015637389701666407,0.009197324903456976,0.03333372287990861,1
4090_310_yahoo.com,136,85.17955882352942,78.36536783730395,57.95,554.0,74714.0,0.019027326768743892,0.011178996739694066,0.028673680414998473,1
4115_330_gmail.com,37,86.39162162162161,47.50814169276749,59.0,209.95,253500.5,0.05177773666436484,0.011659109478077467,0.059673022237110344,0
4121_204_gmail.com,34,363.96852941176473,262.1702756083215,303.66999999999996,1294.0,186081.0,0.014582916188977994,-0.007343862333433732,0.03287772895309252,0
4121_325_gmail.com,35,239.0794285714286,273.1794745577959,117.0,1224.0,149125.0,0.004929357732509389,0.006611391731961354,0.005224390414368528,0
4121_476_hotmail.com,141,35.02482269503546,12.878087145017393,34.0,117.0,55112.5,0.09811399329975645,0.026482069341040117,0.08323692893739792,0
4153_299_gmail.com,187,144.54898395721926,215.60659566849785,98.95,1800.5,54623.5,0.014818627765059343,-0.001810438372708223,0.01917397404875587,1
4153_299_none,36,193.42583333333334,196.14993355955204,108.95,964.99,175036.0,-0.0016650213360847113,0.004039749492355728,0.00635319029706969,0
4153_299_yahoo.com,62,120.08370967741935,165.43966568329247,59.0,1224.0,142176.0,0.01782104539000713,0.008414970538014228,0.03806125369885241,1
4208_325_aol.com,33,381.22030303030306,355.695834663379,226.0,1242.1,206844.0,0.010250210999417857,0.006453970565999487,0.017812354488130976,1
4208_325_gmail.com,61,151.81704918032787,181.5686078552837,92.0,1104.0,139187.0,0.037699006346593206,0.0037772307323501973,0.03285013540771835,1
4272_299_anonymous.com,53,117.41075471698112,83.22511342792379,97.0,554.0,226746.0,0.019308315067897347,-0.014645751694713029,0.044012433602829894,1
4272_299_aol.com,61,128.18295081967213,125.02106848472843,97.0,671.42,140684.0,-0.0020598649698822732,0.0049359390833443074,0.017220817154949147,0
4272_299_gmail.com,291,169.8871821305842,347.44080543512257,100.0,3848.32,23065.5,0.03109617617150255,0.004208760113989679,0.02047089768164563,0
4272_299_hotmail.com,78,297.4885897435898,411.7609347254301,100.0,1389.69,150883.0,0.03826098887817245,2.2453661899249355e-05,0.02806387345698465,1
4272_299_none,154,132.79318181818184,190.5425198029643,100.95,2000.95,69675.0,0.016485044583513637,1.373960293977669e-05,0.04029993274289121,1
4272_299_yahoo.com,210,168.69566666666665,219.94164568029302,107.95,1363.34,61284.0,0.025126622531253733,0.006732302934794158,0.021725072200045794,0
4285_-1_gmail.com,30,31.906533333333336,29.660704642937187,21.57,155.4,215978.0,0.010594189945282446,0.00226625178504649,0.027441109076779026,0
4293_205_gmail.com,79,95.73215189873417,69.1212660432371,63.95,340.0,131787.5,0.01448603471489775,0.006669123915374362,0.022924853280298602,0
4293_205_none,71,125.2959154929578,149.28159603347868,78.95,964.05,163706.5,0.009095752208912417,0.0007110069426886183,0.014972205647219235,0
4293_205_yahoo.com,48,112.87770833333336,98.88518102323656,100.0,505.0,231769.0,0.017452756418856262,0.0036332425532683496,0.02576210144053584,0
4310_325_live.com,31,136.38709677419354,107.46122404019249,117.0,550.0,430552.0,0.043011912975686746,-0.007093730727438206,0.08952225660421323,0
4310_325_none,32,75.0296875,45.20407693756553,59.0,226.0,262473.0,0.07181603895310523,0.016177356610342003,0.08318326616363439,0
4329_-1_gmail.com,48,66.66924999999999,98.83698073753821,35.587,675.375,186738.0,-0.0029766236366226377,-0.0006157629534385908,-0.00778974559351734,1
4329_-1_hotmail.com,35,46.3874,31.098488532127362,38.363,141.404,208807.5,0.004134407135900575,-0.00041669454483846124,0.00019468114469354397,1
4387_191_gmail.com,46,54.52804347826085,32.29847826672235,52.475,226.0,165177.0,0.04818764642055672,-0.003443386003611326,0.032826534152104785,0
4425_441_gmail.com,40,303.8375,226.63655893026174,250.0,994.0,121822.0,0.007338502891216486,0.004624987240052128,0.013836838322177573,1
4436_184_aol.com,47,88.21170212765956,48.36843221979221,85.0,280.0,163999.0,0.0068609020841835025,-0.005074634945543999,0.022224795961073705,0
4436_184_gmail.com,291,120.5222680412371,167.40678814344858,75.0,1929.95,33514.5,0.024408552181585205,0.008835149881184159,0.053763769862175445,1
4436_184_none,139,74.78877697841726,58.31276087819913,57.95,407.17,76493.0,0.004709318335114551,-0.0006120891992934044,0.023578595098332177,1
4436_184_yahoo.com,177,146.74045197740114,447.19636598234814,59.0,4829.95,64395.5,0.015777466371526834,-2.4418471228478122e-05,0.025508170621845773,0
4436_272_gmail.com,58,114.40155172413792,270.8381149945462,57.95,2079.95,174422.0,0.014585202398445546,-0.0021658242047773134,0.013539477683547692,0
4436_272_none,53,82.61132075471697,68.64763022851885,59.0,422.5,151886.5,0.09432689901163493,-0.001558047099764967,0.07730226441583984,0
4436_330_gmail.com,54,73.47166666666665,49.94039086565918,57.95,261.95,188329.0,0.014985332441517722,0.0036696535598953126,0.022320327227012965,0
4436_330_none,56,78.17196428571428,80.84425665216781,35.0,393.84,159217.0,0.026116119599451218,0.002996022751405168,0.01589203221260977,0
4436_337_gmail.com,52,207.86365384615385,357.31535770794557,117.0,2477.83,184268.0,0.008770685325753542,0.0004436790636293056,-0.0025223194880131597,0
4436_337_yahoo.com,31,158.71032258064514,207.52018651103162,97.0,954.95,237904.5,0.02345607335196078,0.011793085920106028,0.06360761788505806,0
4436_441_gmail.com,117,98.32854700854703,98.52220424177509,59.0,650.0,82906.0,0.011702651545396767,-0.0017161863669916781,0.007549943506686908,1
4436_441_none,69,94.61666666666667,181.50713577753424,50.0,1246.0,106201.5,0.014567270713528,-0.0008199055531473674,0.016991776250207848,0
4436_441_yahoo.com,79,115.53392405063296,108.79167609886014,97.0,664.0,115467.0,0.019578823526105484,-0.0005276056038952294,0.017599548451859303,0
4436_494_gmail.com,112,87.45116071428572,99.70612931389867,57.95,1000.0,101525.0,0.02420159715756986,0.0012328690455570453,0.02689183727319216,0
4436_494_none,51,100.92745098039214,65.1800510153624,82.95,261.95,188516.5,0.029912510968670043,0.0033181775341030936,0.029912510968670043,0
4436_494_yahoo.com,67,130.73507462686572,162.0905937990504,57.95,1000.0,127718.5,0.06183987128506584,0.009390842955482995,0.01451769048627781,1
4461_-1_anonymous.com,165,49.694212121212125,43.51954378991441,35.044,298.626,51737.0,0.014940706128758943,0.0022720884669431597,0.011566872052427627,1
4461_-1_gmail.com,954,37.62817190775681,35.24984483695138,26.999,319.32,6656.0,0.010736449237617367,0.006398005405364019,0.010658821406824623,1
4461_-1_hotmail.com,1087,40.2470616375345,38.999132744194824,29.002,283.37,5314.5,0.015940037254813202,0.007143776351342571,0.015735600987819433,1
4461_-1_live.com.mx,43,44.892372093023255,31.485084721309843,35.097,185.277,143166.0,0.038062071742944764,-0.00041132510619196205,0.008639786547710013,1
4461_-1_none,66,28.193575757575758,25.9306026131408,21.8415,170.236,4805.0,-0.006035122985188809,0.0016865119926036537,-0.0012155686350352815,1
4461_-1_outlook.com,99,29.342111111111116,22.248833378966815,22.01,125.928,89122.5,0.014827020527574876,0.008447132748428926,0.014435915258655847,1
4461_-1_yahoo.com.mx,57,55.58240350877193,49.13827758152788,38.041,229.596,114190.0,0.01946846031634289,-0.01201931979115392,0.01381751603130759,0
4504_-1_anonymous.com,72,37.44305555555556,30.650667851111105,28.1055,208.799,96844.0,0.02971040871303408,0.0004908779391789853,0.03890028814692316,1
4504_-1_gmail.com,312,54.27847756410256,48.86495872469518,39.695,291.267,15952.0,0.0064520822165522185,0.013606160415263465,0.0102767435498634,1
4504_-1_hotmail.com,351,44.221378917378914,32.60608588984351,34.742,191.574,20327.5,0.02634960421491276,0.002910731252087944,0.014802456387231403,1
4504_-1_none,36,72.68283333333333,66.64462985388329,43.5025,231.104,6703.0,-0.001227989850297366,0.017439083800959966,0.017290528668221165,1
4504_-1_yahoo.com.mx,33,44.85515151515152,40.03093593416124,27.612,193.848,270543.5,0.0016772645316883925,-0.00152728922141291,-0.008061177864639488,1
4515_181_gmail.com,84,93.63071428571428,70.53917150177242,59.0,311.95,94900.0,0.016641478337458437,-0.010463928984153707,0.017637429848115817,0
4515_181_yahoo.com,64,120.1915625,95.21716064834949,107.95,615.95,190235.0,0.022142115123294316,0.01242247460233991,0.05561615127288985,0
4526_181_gmail.com,74,104.41459459459459,140.37954775371784,58.985,1054.0,153980.0,0.031015124456678953,0.008200327369295188,0.017519981559509606,0
4526_181_none,32,116.6946875,101.48380120074505,72.95,491.72,254554.0,0.024206717402508134,0.012599035075780654,0.025937310021707786,0
4526_181_yahoo.com,44,83.3965909090909,58.53385461513167,63.475,305.97,211487.0,0.02277978487151889,-0.010512175959767334,0.021626148107676595,0
4527_441_gmail.com,53,85.72188679245282,126.68701975261123,53.97,879.99,115475.0,0.043003936914417194,-0.0035480121337486334,0.06902835728737744,0
4530_299_yahoo.com,33,112.4630303030303,170.10408356463026,75.0,1044.95,297076.5,0.02334922436949028,-0.0004768597914005038,0.029873076183975562,0
4571_325_gmail.com,148,107.14108108108108,96.98329993560142,59.0,469.95,67916.0,0.025356513136622884,0.010110712266348021,0.028582115378118444,1
4571_325_none,55,81.82272727272725,67.48622538117202,59.0,397.95,161912.5,0.024419000851963156,-0.002955025065470473,0.024791120878187384,0
4571_325_yahoo.com,45,123.48888888888887,128.5624184281657,59.0,700.0,175499.5,0.04133435164933488,0.01506220333258472,0.04256243574135149,0
4591_433_yahoo.com,34,81.7,52.544812807176086,57.95,250.0,281759.0,0.003623532169583027,-0.0004235217257958987,0.010159479882001332,0
4663_184_gmail.com,51,126.22882352941174,148.85193693072213,57.95,830.67,224367.0,0.07698558730187971,-0.00563670954866342,0.052731260762975705,0
4663_204_gmail.com,49,75.85816326530613,52.35570291036737,59.0,280.0,167291.0,0.007348319755867146,0.0071780935120384776,0.017435402558049998,0
4663_264_gmail.com,32,88.6021875,68.65981611058861,59.0,317.5,235473.0,0.025740203607398253,-0.0057174802594981144,0.03359759366609812,1
4663_272_gmail.com,82,116.15341463414634,108.52120789942411,75.0,664.0,91884.0,0.0067283658014371285,-0.006585467379092762,0.005010235494523497,1
4663_299_gmail.com,47,80.95638297872338,51.888621120731024,59.0,226.0,173773.5,0.02050930591447242,-0.00584325642388419,0.013470232349759838,0
4663_315_gmail.com,35,63.28000000000001,35.781885281322374,57.95,171.0,252197.5,0.009057770353678565,0.004721927421192151,0.015260432137014168,0
4663_325_gmail.com,80,95.41050000000001,92.1095145044745,58.475,445.0,115040.0,0.042811122149752044,0.0031909170097854204,0.03904516889850466,0
4685_325_none,51,51.911764705882355,21.328822872374072,49.0,156.0,223802.5,0.08769014928575444,-0.0030662830093302236,0.07470059704291612,0
4702_476_gmail.com,140,99.34792857142857,107.22046282907294,59.0,574.95,66420.0,0.027153819227025096,-0.006894435485038661,0.030328422401628273,0
4702_476_none,51,111.98176470588234,213.5026109470316,53.97,1464.95,233263.0,0.035051132934700656,0.018105384791404458,0.028141704922331486,1
4702_476_yahoo.com,61,89.48147540983607,55.87082290356503,59.0,226.0,184146.5,0.0246876299848385,-0.0036924262226008912,0.034989111318259394,0
4739_251_gmail.com,30,178.69899999999998,101.50546410087159,147.975,365.0,332012.0,0.02523457318294591,-0.008537812095499003,0.016815001990415135,1
4806_315_anonymous.com,39,101.38589743589742,71.95197646001326,75.0,422.5,267376.0,0.017248678796369314,0.008285112958820347,0.021466170710302455,0
4806_315_aol.com,66,133.96651515151515,100.8494073312677,107.95,475.0,167867.0,-0.0021562857354184423,-0.005278532199480941,0.024515129932909233,0
4806_315_comcast.net,35,90.53742857142856,69.09250396979637,57.95,300.0,98445.5,0.020115709829537816,-0.00909497641229718,0.020424997564207736,0
4806_315_gmail.com,739,118.2602300405954,242.91629513092883,57.95,2995.5,9558.0,0.03685436449606937,0.008997435792721303,0.05159797648175256,1
4806_315_hotmail.com,56,187.65267857142857,185.26183291195377,123.475,944.95,182352.0,0.0011485420762371717,0.005873652475424845,0.010765724530665571,0
4806_315_none,323,106.9522600619195,194.93079820146886,59.0,2874.75,33067.5,0.02304181198141775,0.005956819118056041,0.025878085338841176,1
4806_315_sbcglobal.net,33,136.0742424242424,159.4761424739308,105.95,664.0,365705.5,0.06284961536869382,-0.005547411322208831,0.09271632443908756,0
4806_315_yahoo.com,467,96.69441113490366,94.84963368002894,66.95,1159.0,19390.5,0.020295539356075802,0.009037843911302286,0.025782460146936484,1
4921_184_gmail.com,55,230.18090909090918,221.34717465615967,159.95,1303.79,74696.0,0.042533497899085844,0.002703622298762129,0.0329694870799093,1
4921_184_none,34,100.375,115.40927252098736,58.475,554.0,228957.0,0.04756999721898924,0.0006627939033509167,0.04756999721898924,1
4921_184_yahoo.com,46,83.06413043478258,88.56231695881392,57.95,632.0,167772.0,0.03730446711612095,0.003631395201181331,0.03765745202650094,0
4937_498_gmail.com,58,162.77155172413796,244.26444423320737,100.95,1310.95,175304.0,0.03130371935134145,-0.009678242445999342,0.06153259980867591,0
4937_498_yahoo.com,34,147.24735294117647,205.50970957895973,56.95,774.0,396002.0,0.012048944192770535,-0.00709663971836598,0.02161100246577783,0
4966_330_none,34,12.617647058823529,12.508854995050397,6.0,50.0,155872.0,0.08379782393112073,0.0021844251433727133,0.0865788417487938,0
4966_441_none,36,40.69444444444444,22.19586979152809,45.0,100.0,103348.0,0.0475860777089673,0.0024414183338936843,0.032354975773236073,0
4967_203_gmail.com,57,129.6178947368421,123.04983843722638,87.0,527.0,151399.5,0.04480392816527504,0.003395279265437305,0.06650106778458095,0
4967_203_none,35,66.92,56.44330050084395,57.95,280.0,272754.0,0.04061511546974817,0.027739106987061897,0.04921105900815465,0
4975_203_gmail.com,36,70.67,43.47736256439155,57.95,226.0,200756.0,0.004861855743460847,0.011278564081715743,0.019794685844145073,0
4975_203_none,34,174.45529411764704,201.06910580013636,88.975,844.95,236225.0,0.02300832821216551,-0.009258314717286935,0.008623402414188505,0
4999_299_gmail.com,37,81.6554054054054,81.20375921915274,59.0,445.0,301251.5,0.020496032545414794,-0.009578177133110294,0.0312107716780737,0
5009_-1_gmail.com,61,60.3765737704918,46.49001646271567,45.436,233.132,130492.0,0.013272714541224525,0.00243113135446418,0.0035903370004990408,1
5009_-1_hotmail.com,65,56.294369230769234,38.17760796776812,42.898,232.013,149274.0,0.03587454618063786,0.001529889046833155,0.02313399141813375,1
5017_330_anonymous.com,38,103.09263157894733,148.89241507464038,63.475,721.61,287818.0,0.028300799287209445,0.01139467167418231,0.032158787469600054,0
5017_330_gmail.com,141,104.85340425531913,160.38741380657018,57.95,1515.03,76887.0,0.03401410940420388,0.002121396750239122,0.030583274851242764,0
5017_330_none,63,117.30888888888889,134.63719734267067,107.95,844.95,170779.5,0.04068202133602469,-0.0036843309540788953,0.07936017125842715,0
5017_330_yahoo.com,106,74.86698113207548,40.19315536327358,59.0,209.95,83844.0,0.023094639982570175,0.013089187887349158,0.03440653034311918,0
5033_123_gmail.com,135,162.72511111111112,647.6489766611021,59.0,5420.0,58275.5,0.012513855989885914,-0.0030653290229909758,0.0227757624285086,0
5033_123_none,47,129.1431914893617,167.74007424236964,107.95,1131.27,142729.0,0.01095597061046668,0.014602021462420518,0.02172760115034996,0
5033_123_yahoo.com,97,83.72876288659795,72.55425994097764,57.95,475.0,94878.5,0.021122353549574552,0.00796797499223897,0.009580073314513816,1
5033_184_gmail.com,38,55.243947368421054,42.91832344174061,47.95,280.0,184822.0,0.05003132634094223,-0.006623346343835712,0.05934484698243817,0
5033_264_gmail.com,367,95.68092643051773,116.42362333769007,59.0,1104.0,17721.5,0.02563106579256336,0.011582111739536126,0.030130325983641137,1
5033_264_none,118,111.36322033898307,98.59641639997648,59.0,482.97,71946.0,0.029743945774575908,0.0020472030614835206,0.026461891311714527,1
5033_264_yahoo.com,222,109.17986486486488,110.4815282733787,77.0,770.65,50214.0,0.01753283156687027,0.009904222260287563,0.028951145540820733,0
5033_315_gmail.com,43,61.2967441860465,59.28730083721527,49.0,300.0,323201.0,0.016818152749431936,0.029591785355768917,0.020732488192495173,0
5033_315_yahoo.com,33,94.88363636363636,78.1598333958935,57.95,237.22,326561.5,0.0278460434544456,-0.006147178401807167,0.035085451677960504,0
5033_330_gmail.com,82,145.66646341463414,239.0350421416051,59.0,1631.13,85903.0,0.018223625898146186,-0.00025180629846537766,0.014322587300406728,1
5033_330_yahoo.com,47,80.18404255319149,77.83380077596259,49.0,303.95,254537.5,0.019816638715234494,0.007834911963650729,0.01960309839699649,0
5033_337_aol.com,40,79.662,99.77690033770341,49.5,658.53,239359.0,0.0184496140023276,-0.0035504407022793893,0.030503504988844223,0
5033_337_gmail.com,103,89.23252427184468,67.89815948602153,67.95,445.0,93408.0,-0.0017649872509999769,-0.004509900795422732,-0.003117327099700924,1
5033_337_yahoo.com,64,154.14031250000002,108.80141811703257,117.0,578.25,109029.0,0.02392393675914551,0.021865230982459183,0.01891822833203318,1
5033_441_aol.com,41,59.74268292682926,54.42671013141188,39.0,226.0,78899.0,0.064760697108536,0.002739341298110924,0.06613591087044839,1
5033_441_gmail.com,255,79.56780392156863,82.4222541234167,59.0,994.0,32733.5,0.027098285728294876,0.012045082241755453,0.037806735996657063,0
5033_441_none,82,70.84939024390243,65.81087161555398,59.0,554.0,100896.0,0.02959959410107361,0.007929214111838813,0.02450840052090879,0
5033_441_yahoo.com,114,73.33096491228072,75.58084594413023,49.0,428.31,92661.0,0.010151970858387548,0.013204210957772116,0.01005890753885844,1
5048_181_yahoo.com,36,104.65749999999998,114.77426181119858,69.975,554.0,396259.0,0.0407272249797632,0.017748371535629887,0.039207352861917545,0
5167_204_gmail.com,34,125.40500000000002,124.51179769875813,94.5,512.47,266544.0,0.021526707092530503,-0.000980614819544194,0.013024793072921696,0
5167_220_gmail.com,43,55.03488372093023,23.0748013543913,49.0,117.0,62058.0,0.074963256771516,0.008072436402606867,0.039075454117504696,0
5167_325_aol.com,32,102.9375,77.77408690399393,59.0,335.0,223592.0,0.04847465802845661,0.008289784449493395,0.033373259077699675,0
5167_325_gmail.com,30,340.08400000000006,819.3343548580558,124.475,4631.0,232817.0,0.0057732747890218775,-0.013441100031809625,0.028077840370702524,1
5170_325_gmail.com,43,81.15116279069767,84.57617214083857,50.0,445.0,180326.0,0.031695217111790436,0.0006870772473761139,0.040106764015372345,1
5170_325_none,79,95.97911392405064,75.91232643173413,59.0,390.0,98913.5,0.019903933201892623,0.0032895215198786507,0.023424378088181475,0
5170_325_yahoo.com,31,145.96129032258062,171.5567773549025,59.0,664.0,358892.5,0.06475796536782347,-0.022316388910847352,0.061758092913479924,1
5211_441_gmail.com,42,97.0,0.0,97.0,97.0,77849.0,0.1759107708700082,0.028675221890233707,0.11918354751371799,0
5254_502_gmail.com,76,76.2167105263158,55.70137384652096,57.95,290.0,158608.0,0.008176865428144615,-0.011156739701965263,0.004494320758360405,0
5254_502_yahoo.com,50,86.67039999999999,74.94599143276444,67.95,422.5,234946.0,-0.007685159030925998,0.0055148960105290135,-0.008277937601755232,0
5286_264_gmail.com,156,67.0700641025641,65.5383155743968,47.95,422.5,68549.0,0.04753433638861601,-0.005003811300166786,0.052439890779464524,0
5286_264_none,37,65.14324324324322,47.79804101233133,48.95,234.95,414937.5,0.006033450469659141,0.02090475465029229,0.007608933217039954,0
5286_264_yahoo.com,36,103.86499999999998,195.47520769908394,47.95,1104.0,180318.0,0.02128602039775391,0.00608611164324159,0.02128602039775391,0
5287_512_gmail.com,58,74.48586206896552,75.84149621674646,50.0,554.0,149326.0,0.008315213604215006,-0.0005971584941101907,0.02206091113837358,1
5287_512_none,55,107.06672727272726,132.61680664167235,59.0,596.82,226305.5,0.030919048073488935,-0.0012551287352694299,0.028929083039505275,1
5291_204_anonymous.com,34,95.52499999999999,64.41824190169957,76.0,250.0,236879.0,0.04472868275486203,0.005790459610008847,0.020412106490954214,0
5291_204_gmail.com,247,104.29720647773281,130.60497243592891,59.0,980.0,48311.0,0.02287838588442147,0.014043572667711186,0.028150421819869143,1
5291_204_none,69,123.36681159420291,141.5560126500118,82.95,774.0,156025.0,0.005891326694424007,-0.0020868915512511042,0.026947874554989523,1
5291_204_yahoo.com,102,101.22147058823533,105.37861655131341,78.1,524.95,110447.0,0.027686127450899118,0.005289088387905701,0.02349546753119919,1
5293_123_aol.com,56,77.97303571428571,91.93996579522583,49.5,445.0,165925.0,0.06856801727542125,0.0048363232912349285,0.05782000928139155,0
5293_123_gmail.com,62,66.00290322580645,33.051246786648235,54.0,200.0,123248.0,0.05275366786210246,-0.0030013338136106633,0.054528800594828924,0
5293_123_yahoo.com,47,100.47170212765955,239.09327136050632,54.0,1651.0,211801.5,0.07182609498000991,0.010661909814107792,0.07182609498000991,0
5347_-1_gmail.com,80,62.5567,63.11437955359301,29.383000000000003,227.02,63516.0,0.0268765148571369,-0.00526919924981244,0.018497785925739495,1
5347_-1_hotmail.com,63,39.71196825396825,34.23134863350893,28.334,162.953,149203.5,0.025292074221873864,0.01177709034461702,0.01485140910944202,1
5365_-1_anonymous.com,48,45.784875,32.64612884951867,42.294,144.785,191610.0,0.010912265252266247,-0.001124654391684493,-0.0009730445155945178,0
5365_-1_gmail.com,145,36.947358620689656,32.02568559608017,28.397,208.423,55741.0,0.007966097152142568,0.0024942370134279322,0.005962681453229968,1
5365_-1_hotmail.com,178,41.46564606741573,33.21107029448267,31.1755,191.574,41664.0,0.014118349975617665,-0.0035148180118185334,0.016289130639813777,1
5374_264_gmail.com,45,144.63333333333333,316.15394780250824,67.95,1907.95,162090.0,0.029613086865432986,0.007814603593634825,0.012017254410405256,0
5374_387_gmail.com,53,100.50849056603774,80.80307983566688,59.0,445.0,71635.5,0.02502105930314344,0.0035457108032762655,0.02502105930314344,0
5454_485_yahoo.com,30,90.02466666666665,36.08119747951217,100.0,209.95,385229.0,0.07984734886309597,-0.02543098708873285,0.08256611695576521,0
5458_-1_gmail.com,53,40.43577358490566,39.252746270774395,27.284,164.406,75013.5,0.011421453095680975,0.007290171541680983,-0.0037578476594268342,1
5458_-1_hotmail.com,68,44.84357352941176,39.771527924884744,32.215,158.372,64093.0,0.016648198004577,0.0043867778594395,0.018760709410018617,1
5463_330_none,37,24.594594594594593,4.704566266359246,25.0,35.0,257847.5,0.13234428032023218,0.019877679756559692,0.0992188954249757,0
5465_-1_none,68,36.2677205882353,32.778516728296644,26.585,165.974,9287.0,0.03461362265252829,0.009565879967074566,0.04118782136315724,0
5466_264_gmail.com,79,52.48544303797466,33.30288043183174,47.95,209.95,111415.0,0.038207271021408945,-0.009568793623013952,0.030851879307503615,0
5492_191_gmail.com,74,80.38364864864866,54.491715005631185,57.95,295.0,120654.0,0.019048711235100015,-0.0004034101780241092,0.012904754576437482,1
5492_191_yahoo.com,51,91.24019607843135,48.16596383869602,82.95,271.95,201889.5,0.036486709679299005,0.0005994094414338569,0.04239433878077551,0
5492_251_comcast.net,38,118.18,136.6572503709458,69.975,500.23,245653.0,0.011619453311493576,-0.022989566633657598,0.019988722470766183,0
5492_441_yahoo.com,52,183.62923076923082,492.34494139641475,57.95,2170.84,205050.0,0.025101035298095695,0.013867009140173268,0.023815786766825435,0
5583_-1_gmail.com,132,45.527242424242424,35.80677583966671,29.395,188.775,58096.0,0.00950846542434789,-0.007413191467224897,0.0039715955429886,1
5583_-1_hotmail.com,124,49.58181451612903,39.94218585562479,32.758,224.279,76399.0,-0.003263556274167592,-0.000916814021979663,-0.005548653704379798,1
5595_-1_gmail.com,79,33.621658227848094,26.75807470363324,27.552,138.966,113287.5,0.005264363513162642,0.00278770615886801,-0.0010584131604669672,1
5595_-1_hotmail.com,96,35.14822916666667,29.635074383546197,22.567500000000003,132.682,73877.0,0.02526424299965407,-0.005158810339863769,0.02478118622477637,0
5606_264_gmail.com,33,81.07545454545453,42.872501753589916,67.95,221.0,210759.5,0.017677712218740003,0.005636323561055263,0.023718224467431333,0
5606_433_gmail.com,48,67.66979166666665,64.81982379030813,47.95,311.95,185057.0,0.05447617936884885,-0.0038330571881617023,0.06774065402929397,0
5629_325_aol.com,33,156.17030303030302,91.42134909092702,151.0,397.5,260708.0,0.019011250462954564,-0.013377573206819787,0.015576925961255705,0
5629_325_gmail.com,33,251.23787878787874,311.06036343700407,108.5,1331.0,424728.0,-0.004414939321243053,-0.009942965914204661,0.015899661226453934,0
5629_325_yahoo.com,48,188.13541666666666,130.70088463992784,165.475,774.0,170297.0,0.017452756418856262,-0.005833387518337393,0.03335689567494734,0
5653_204_gmail.com,36,164.1638888888889,292.5073034727108,56.225,1104.0,281783.5,0.02955321376815221,-0.004840130851815123,0.03319466792431223,1
5663_181_gmail.com,37,144.59324324324325,140.00852829341068,117.0,664.0,117226.5,0.038061148810060265,0.011471726735421045,0.04289897503162494,0
5691_231_gmail.com,53,213.43679245283022,271.63551573839965,87.95,1414.95,182057.5,0.03182086240687466,0.0018775676553018789,0.02343511817207381,1
5699_436_none,51,136.66509803921568,125.62755437063657,107.95,911.95,81598.0,0.03820563105232457,0.01804690034312554,0.05273126076297569,0
5700_123_gmail.com,39,88.81410256410255,49.35746501188789,87.95,280.0,269484.5,0.031887335569774806,0.003195727804043154,0.04153178952075553,0
5700_184_gmail.com,30,130.56399999999996,176.59324165248606,57.95,944.95,340506.0,0.05096663255699745,-0.0006396428167368615,0.03548524777810993,0
5700_204_gmail.com,48,84.54270833333334,74.09478866457655,57.95,317.5,172248.0,0.0220823860484859,-0.013571499584489576,0.020157910424481056,0
5700_204_none,41,65.01951219512195,37.20796675452649,58.95,219.95,292980.5,0.042935821950434716,-0.0018870484690835729,0.036804446676003605,0
5700_264_gmail.com,71,91.77281690140843,68.9920249357933,102.95,500.0,170968.0,0.03339352884611746,0.009387350290435872,0.035685788870775184,0
5700_272_gmail.com,46,103.53695652173913,114.64798723786545,59.0,664.0,251707.0,-0.0006280278103179548,0.021664259141996427,0.002497498602341282,0
5700_299_gmail.com,38,90.28921052631578,106.1470437246464,49.5,554.0,162403.0,0.04884013344531594,0.015556996903881883,0.04385469390234859,0
5700_325_gmail.com,40,124.23975,80.8490539365644,117.0,335.0,162822.0,0.01914989186535951,0.0009093106871296205,0.0191226636912706,0
5711_204_gmail.com,65,66.6423076923077,38.60741183400811,57.95,226.0,96951.5,0.026728952878346507,0.004327114330242861,0.04142985919929566,0
5713_-1_gmail.com,31,56.31819354838711,47.29404560517608,35.044,198.888,394695.0,0.0016916545699146232,-0.0011763567677272255,-0.016474506786896343,0
5724_315_gmail.com,45,69.82111111111111,41.10359877308513,59.0,226.0,58634.5,0.0431998175882312,0.01404320883813339,0.056440954489978754,0
5734_325_yahoo.com,66,83.16969696969699,60.73255634260897,59.0,445.0,173769.0,0.01003907822981711,-0.012402438022915987,0.01580211442429151,0
5751_264_gmail.com,132,105.20954545454546,124.23279785110935,73.975,944.95,79295.0,0.013825383028930958,0.00026957378770762347,0.005066102687570389,0
5751_264_none,41,135.71829268292686,104.21764559412495,107.95,524.95,260393.0,0.013835988406299675,-0.003987882058179321,0.015268888229768851,0
5751_264_yahoo.com,85,74.67811764705881,46.02476828057124,55.0,261.95,90088.5,0.03126714106881673,0.013413703527603404,0.03611657793068364,0
5772_184_gmail.com,65,97.24753846153847,53.501535162180716,100.0,250.0,93792.0,0.028535123982020377,0.011908940783892721,0.03981427217184487,0
5772_184_hotmail.com,32,133.5921875,46.4546084053008,124.0,240.0,105264.0,0.061661321804444065,0.032544110988397414,0.06958032763531369,0
5772_184_none,74,50.19486486486486,30.107799215990322,46.975,186.0,159740.0,0.07993825982108982,0.00019007147188157547,0.06385627444160169,0
5812_-1_anonymous.com,116,54.32874137931036,43.98581565081633,37.924,224.747,68961.0,0.01072230682565736,-0.005720717509833731,-0.0036919960253322705,1
5812_-1_gmail.com,1072,42.30517537313433,39.9954847778442,31.4805,712.896,6233.0,0.006970452124411412,0.004781473403137156,0.00823422795828269,1
5812_-1_hotmail.com,1033,39.61738431752178,31.378998512447275,30.125,226.246,6299.0,0.007528002726845144,0.006670103912288432,0.007629812037801583,1
5812_-1_icloud.com,36,45.04647222222222,40.761551866029414,36.561499999999995,169.78,186946.0,0.007122197432515583,0.01291903730426918,0.019440648270772347,1
5812_-1_live.com.mx,53,43.992698113207545,24.059014269229266,36.614,119.807,76738.5,0.024505198293890945,0.0016769623887286436,0.025021059303143432,1
5812_-1_none,73,41.76912328767123,36.781165905133626,28.217,220.533,2767.5,0.013357821167487922,-0.004170828745546355,0.0065464612448979005,1
5812_-1_outlook.com,83,35.06760240963855,32.93854104015492,29.033,186.033,121350.5,0.020751882478470735,0.005529469826613533,0.020938324242896725,1
5812_-1_yahoo.com,34,51.660676470588236,31.69279992987885,47.4295,141.383,226577.0,0.02988986939071419,0.0035917169155415887,0.02512083961760713,1
5812_-1_yahoo.com.mx,71,47.40518309859156,33.92502535949725,34.514,160.34,138032.5,0.005971998972643982,-0.004939221346443853,0.015754111542963214,1
5879_264_yahoo.com,30,99.99433333333333,102.3874391607139,87.95,608.24,289489.0,0.0018134549859001037,-0.0016921915025086276,0.0018134549859001106,0
5901_315_att.net,32,41.5625,15.343845468134772,34.5,77.0,24051.0,0.05453338503273455,0.01245837077651183,0.06319480800933416,0
5912_472_none,37,91.9318918918919,180.2185114203946,54.0,1160.48,178960.0,0.05523479570209771,4.873378656613386e-05,0.06405794670530246,1
5938_126_none,32,158.234375,64.60976420680836,171.0,335.0,332154.0,0.03269826213888715,0.020855907634846176,0.03810922037844149,1
5938_272_bellsouth.net,60,184.31666666666666,182.66750227911064,117.0,1104.0,137358.0,0.016469804671658952,0.01613925473582033,0.022725638090246424,0
5943_-1_hotmail.com,40,45.015274999999995,37.748637716470974,32.2855,159.742,268134.0,0.010057270983885737,-0.002033506843824147,0.02520406553270673,1
5958_498_gmail.com,37,108.05486486486485,191.1459872060665,35.95,1104.0,282319.0,0.014082723576469308,-0.003488331539352081,0.014082723576469301,0
5958_498_none,35,167.48542857142857,285.3952166917494,59.0,1386.0,350085.0,0.005965510538533808,-0.007643194317731687,0.01158785181638567,0
5986_343_gmail.com,51,175.853137254902,91.71773032966034,205.7,361.95,70774.0,0.03086047301500073,0.0018549928770710475,0.061261061616404995,0
5986_343_sc.rr.com,43,105.07976744186047,53.38755631899028,87.0,280.0,180812.0,0.031356313445460596,0.002409893829387978,0.026188354789129835,0
6019_-1_gmail.com,148,49.3762027027027,40.222844562874734,39.7965,250.0,54564.0,0.009689010043737609,-0.0022231077250349715,0.013659452225326892,1
6019_123_gmail.com,49,210.09714285714287,548.8090719671728,100.0,3829.81,132670.0,0.02367253002540714,-0.006801570120047742,0.01803934618199181,0
6019_126_gmail.com,63,397.73158730158735,870.4863362843773,100.0,3826.3,76143.5,0.016924368055840314,-0.0036843309540789022,0.022319762177087407,1
6019_126_yahoo.com,37,203.4256756756757,134.15766316802637,175.0,475.56,155507.0,0.02298449812320405,0.00023611652922257004,0.025664846749103597,1
6019_143_gmail.com,34,125.6058823529412,95.1354265095954,100.0,378.6,80607.0,0.019868083253259734,0.012019064854507412,0.025343886712279558,0
6019_181_gmail.com,47,229.4244680851064,439.6207133224774,100.0,2175.1,169897.0,0.031174831960901747,0.021721432933002494,0.026639509299048833,1
6019_184_anonymous.com,41,310.72926829268295,406.3395102103673,150.0,1999.95,84016.0,0.05729365198070317,0.020335173753138647,0.02397437324093593,0
6019_184_gmail.com,59,136.1605084745763,75.85374541156021,100.0,335.0,81192.5,0.029754161993233375,-0.002361824613296447,0.05116866361310908,1
6019_191_aol.com,53,179.41830188679248,291.1715578112815,59.0,1800.0,206456.0,0.040009960771840374,-0.0012568370053275546,0.030609473265202573,1
6019_191_gmail.com,31,187.27096774193546,240.5010431116114,100.0,1000.0,147036.0,0.030704832228294114,-0.017627749596109195,0.029905642990699498,0
6019_204_anonymous.com,63,171.80968253968257,173.527836529742,117.0,900.0,182244.0,0.02188858312194153,0.0023596240913112063,0.03900524202709052,0
6019_204_aol.com,84,318.55345238095236,507.1158202885122,121.0,2681.0,88819.0,0.01626994105524484,0.004449442840499723,0.022759842321073726,0
6019_204_gmail.com,123,215.27552845528456,283.0314158097823,117.0,1870.4,33555.0,0.012632464964332239,0.0013401639477095134,0.030045017118890318,1
6019_204_yahoo.com,69,299.1966666666667,332.83840918817936,167.0,1532.47,83143.0,0.010337933829650044,-0.003666402543119989,0.029869572251945732,0
6019_225_anonymous.com,35,235.29742857142855,167.04696956831987,200.0,664.0,254321.5,0.013766503480331461,-0.007896080437473592,0.024272009461987563,0
6019_225_gmail.com,83,118.02530120481929,126.0072453103091,100.0,812.61,97815.0,0.04239618330551938,0.009390964515842325,0.05206727524235054,1
6019_225_yahoo.com,34,307.25735294117646,474.4966949820361,100.0,1442.35,25104.0,0.05398339855994958,0.012350997256902155,0.0556037714010097,0
6019_231_gmail.com,54,228.12074074074076,244.3592995816691,117.0,1054.0,111117.0,0.021277906555606366,0.01065985595003742,0.023757205432443987,1
6019_264_anonymous.com,58,220.92672413793105,390.6471051428771,120.0,3031.97,143324.0,0.02892524902771204,0.00911648598385198,0.040941281681526984,0
6019_264_gmail.com,219,213.29680365296804,359.33162702276076,100.0,3010.25,27433.5,0.03655469547989039,0.007189195236926186,0.04126342860654329,1
6019_264_hotmail.com,34,240.9379411764706,320.79970414739375,100.0,1104.0,97239.0,0.02157275146756714,0.002937049247948631,0.0585073355901407,1
6019_264_yahoo.com,81,211.8054320987654,332.17624466705865,100.0,2079.95,83216.5,0.023362902401110643,0.012241952507152022,0.049911799282778106,0
6019_272_gmail.com,32,162.1015625,157.24770093926205,100.0,553.8,161785.0,0.03370005169940122,1.1602875147065372e-06,0.0581378705655703,1
6019_299_anonymous.com,113,188.0612389380531,193.71019833320094,150.0,1562.81,72240.5,0.03483646267851942,0.004084103024182419,0.03345210424139798,1
6019_299_aol.com,58,364.45206896551724,708.6293385406415,133.5,3163.94,86585.0,0.03275666665223312,0.013661154395160864,0.006003668097539591,1
6019_299_gmail.com,461,198.174273318872,288.71889617334057,117.0,2681.0,9050.5,0.0483805463822587,0.005015533515249349,0.04473565557100074,1
6019_299_hotmail.com,57,145.2059649122807,126.41162744737332,100.0,600.0,94970.5,0.03587309987574434,-0.006815194034359678,0.046101550214984084,1
6019_299_none,43,442.1779069767442,474.6075390259519,279.95,1560.84,251156.0,-0.003788087250986963,0.009795252984618731,0.00045055295952792923,0
6019_299_yahoo.com,130,206.48384615384617,275.47077749354725,117.0,1609.95,32204.0,0.048103460605487376,0.007011930198655841,0.03895213164194978,1
6019_310_gmail.com,42,184.72000000000003,154.54938022706992,100.0,677.97,74862.0,0.033218325621926455,-0.00789165678173415,0.04260144022911345,1
6019_315_anonymous.com,34,196.90705882352938,480.36825958920434,100.0,2928.74,161701.0,0.015036803755148848,-0.010591852961501488,0.03350020726575798,0
6019_315_gmail.com,170,159.15441176470588,221.49434309854053,100.0,1945.95,32272.0,0.04386791521983956,-0.0007904453136782508,0.05195419320386854,1
6019_315_yahoo.com,48,215.058125,466.44602733353224,100.0,2594.95,118976.0,0.011886826638691401,0.01781763971638891,0.020223399834459872,1
6019_325_anonymous.com,64,467.4046875000001,676.5069620414318,200.0,3221.35,83277.0,0.005860600535132973,0.005079257511200558,0.011244330600598387,1
6019_325_aol.com,205,246.348243902439,298.2436157676882,171.0,2098.15,61056.5,0.028314911496716656,0.018710468426127197,0.050759876026057235,1
6019_325_gmail.com,275,215.8191818181818,364.04942174251266,107.95,2707.69,21338.0,0.04149634093063496,0.011169106157107813,0.034861651439718214,1
6019_325_hotmail.com,36,262.1661111111111,385.717111612166,100.0,1651.0,251228.0,0.016367842604730377,-0.0034778991759349606,0.026480408102110255,1
6019_325_none,49,237.2677551020408,259.0734954209988,117.0,1150.95,178097.0,0.03519629852458184,-0.008230667494696052,0.024390872873903062,1
6019_325_yahoo.com,82,224.2798780487805,285.0817330277103,150.0,2285.63,70916.0,0.017041355393075972,0.005293439931584196,0.027354344984714816,1
6019_327_gmail.com,47,139.34744680851063,92.81880920598681,108.5,459.38,173463.5,0.041438902393869256,-0.0007053173964213927,0.061454588722258355,1
6019_330_gmail.com,48,387.80749999999995,633.0973134798604,100.0,2733.91,87108.0,0.033942410483128134,0.0035944440311604514,0.0029394533015235924,1
6019_330_none,71,188.11478873239437,444.5498237570454,70.0,2271.85,145505.5,0.045844602117548885,0.0019741069053177997,0.040799507141027286,1
6019_330_yahoo.com,32,302.1390625,541.4975598303708,129.0,3163.95,256587.0,0.00122715488201499,-0.017114889572176026,0.02792727505569146,0
6019_337_gmail.com,65,170.89923076923077,157.0350863519428,100.0,644.95,46747.5,0.03970708593974724,0.0007900490043246319,0.056211208652049025,1
6019_337_none,32,194.84375,261.53956552678125,62.5,1000.0,379757.0,0.025740203607398253,-0.008476676665790966,0.026456042807344128,1
6019_387_gmail.com,33,141.0,67.20164139409547,150.0,250.0,273765.0,0.04056143281788314,0.0019689338433719547,0.06082434176134,0
6019_441_gmail.com,87,223.32701149425287,146.42401226602257,219.95,554.0,78397.5,0.03428065308756129,-0.0023698569873233932,0.0321749808069397,0
6019_472_gmail.com,75,226.2253333333333,313.1440531952596,125.0,2079.95,103897.0,0.042607520691362005,0.0012225762651922947,0.035886777059942074,1
6019_512_gmail.com,44,433.28681818181815,763.4634192902902,150.0,2594.95,165631.0,0.04388545447837595,-0.0124365463688469,0.02646952350372047,1
6021_299_gmail.com,65,265.86630769230766,315.12156377435934,100.0,1600.0,88880.0,0.0039034647242622567,0.00525044670001646,0.01264000286282687,1
6053_204_gmail.com,37,165.76486486486488,270.13243070182006,59.0,1471.95,215394.5,0.024236172212124076,-0.0153697508918215,0.013614939223045956,0
6053_299_gmail.com,36,208.81972222222223,302.07226147513217,75.0,1702.95,171955.0,0.019738920105819346,0.001256777411880891,0.018185986557623032,1
6053_476_yahoo.com,55,439.55181818181825,325.11186004535233,360.0,994.0,104614.0,0.05997966585995967,0.003682074100578629,0.03571343702457592,0
6054_264_gmail.com,51,337.97137254901963,164.70748151417885,402.0,737.0,166741.0,0.09202929021948383,0.021964564410618385,0.06862242500369603,1
6059_203_gmail.com,37,138.02702702702703,124.09297658251002,92.0,554.0,96493.5,0.013890840528358997,-0.008058305015264632,0.0513934466154202,0
6062_325_gmail.com,50,138.045,243.1338417024664,59.0,1520.15,230575.0,0.012974276570972554,0.015146992354959907,0.0254744015624477,0
6062_325_none,49,328.0791836734694,378.47740428516425,117.0,1416.0,96174.5,0.039021625291234735,-0.005629902319313054,0.05770697197452898,1
6070_428_gmail.com,43,76.0127906976744,45.849314738384564,57.95,226.0,283354.5,0.023571578148512427,0.004610593745510427,0.027390982276371434,0
6108_-1_gmail.com,35,42.34211428571428,22.89972166115491,35.044,85.118,246558.5,0.013872849532228455,0.032670887208387255,0.03812717607113244,0
6141_-1_hotmail.com,33,33.26675757575757,38.31481230940414,19.334,176.163,271971.5,0.016478816243916415,0.015585486458737127,0.007063109112786757,1
6170_226_gmail.com,50,612.8517999999999,390.2257418966104,720.995,1092.0,117785.0,0.037492891792085016,0.016278648647317817,0.055898848897571345,0
6170_315_anonymous.com,36,85.82138888888889,154.5524345606582,58.475,982.88,348438.0,0.06033441738660177,-0.005092428937325456,0.06615321931940188,1
6170_315_gmail.com,179,101.77592178770949,221.37893927579597,55.95,2061.95,61380.5,0.03024706499987004,0.008305590520919618,0.03249338305032212,1
6170_315_none,56,119.2939285714286,224.7151203323775,58.475,1473.35,122565.0,0.01470675032483064,0.007949273333842592,0.060108888534683096,1
6170_315_yahoo.com,156,133.0323717948718,115.47087529958155,107.95,969.95,77482.0,0.024240498235582563,-0.001174567506079846,0.02384841171858466,1
6170_327_anonymous.com,33,104.52272727272727,149.12231561296957,39.0,554.0,273286.0,0.044056646061018646,0.015571872371692663,0.040622321559319795,0
6170_327_gmail.com,92,119.53043478260871,171.05642417630762,59.0,1411.08,103277.0,0.025907212628116554,-0.0018671370223306977,0.04583272184337445,1
6170_327_none,77,85.96389610389609,83.44285065288766,57.95,554.0,160059.5,0.010358019690938483,-0.015946287324860628,0.022788519546820533,1
6170_327_yahoo.com,104,103.23307692307694,105.23370814960936,59.0,554.0,110763.0,0.04173921729493288,0.0037919099334970466,0.03746571302142861,0
6174_205_gmail.com,36,67.62027777777776,28.16810947844222,61.475,117.0,311688.0,0.031073085885997866,-0.01011044979864828,0.03834043253675249,0
6174_205_yahoo.com,35,94.29114285714284,72.20128957184029,58.97,312.95,272918.0,3.193797589436803e-05,-0.0010229512320660758,0.012850951779014845,0
6174_264_yahoo.com,32,154.256875,218.10388055977907,73.975,884.0,175421.0,0.02674199316791232,-0.003657461342017984,0.018523422889430097,0
6174_387_gmail.com,280,101.3215,151.30806985808314,58.95,2079.95,40468.0,0.022605042340869904,0.01602166293521215,0.022203022641347454,1
6174_387_hotmail.com,35,170.75428571428571,114.16641260610292,117.0,554.0,220927.5,0.023061425078811836,0.009852137414081592,0.03698467721321106,0
6174_387_none,135,117.40266666666668,102.16224582206192,77.95,664.0,77230.5,0.0033974579469991974,-0.0014302680891940221,0.034099765134318644,1
6174_387_yahoo.com,217,113.46548387096774,103.57669967269882,82.95,975.95,39861.0,0.02520461454713603,-0.004254518910870494,0.04005954486092865,1
6194_337_gmail.com,100,107.9454,208.70225277375425,56.75,1953.28,94088.0,0.0414455950970809,0.0020507424227006778,0.0414455950970809,0
6194_337_none,67,115.63850746268655,233.42137264979107,67.95,1953.28,218368.5,0.008211315034695216,0.031001914051848226,0.018214339084934493,0
6194_337_yahoo.com,49,102.12183673469386,88.12850526069047,59.0,335.0,281279.5,0.003838482604037838,0.027193779840427604,0.003838482604037831,1
6207_143_gmail.com,47,72.18638297872339,54.6839716461987,57.95,317.5,137773.5,0.026455733538056823,-0.0032246111552439657,0.025946842099810914,0
6207_441_gmail.com,66,91.40515151515152,100.62518120055093,48.475,554.0,147154.0,0.02292617755819195,-0.0040402778908842606,0.01611665817405475,0
6236_181_gmail.com,106,124.33915094339623,313.1472109001805,58.475,3205.47,105273.0,0.015158687743797871,-0.003930222052574397,0.02416676401256775,0
6236_181_hotmail.com,31,115.23903225806448,188.61407530269128,57.95,1104.0,360171.0,0.037903473111804885,-0.005636108157136228,0.06595686134264706,0
6236_181_none,40,150.70524999999998,198.86328264648932,72.95,997.37,116746.0,6.959118397223407e-06,-0.002592890575799235,0.033340292451730556,0
6236_181_yahoo.com,77,125.92220779220781,109.01286934182882,82.95,529.0,126199.5,0.01722589063223979,-0.0024213546469386907,0.02083875858959716,0
6236_264_gmail.com,36,136.3936111111111,138.0969992664733,92.475,554.0,246145.0,0.009481761701437379,-0.0026829485793261262,0.03426194689480511,1
6236_264_none,56,67.44821428571429,48.01819220384614,47.95,189.95,202354.0,0.02437968893039489,-0.006101015079916533,0.03358059663249006,0
6292_203_gmail.com,32,499.33687499999996,856.6224990239191,84.975,2493.43,154639.0,0.034218134256732806,-0.006267873270607467,0.012347985580431528,1
6292_203_none,59,74.92372881355932,55.43527020504291,59.0,315.0,161256.0,0.020701333189888652,-0.009388927217498684,0.024992164222502018,1
6292_204_none,51,78.3529411764706,25.13011124825119,59.0,141.0,114077.0,0.10485025171582749,0.021863165459861438,0.09459957729812363,0
6292_269_gmail.com,72,113.77777777777777,85.04087615543452,85.5,390.0,157937.0,0.016372663811827438,0.015318085486019813,0.01110889628210093,0
6344_123_none,58,70.65517241379311,32.709036884870066,55.0,189.0,109644.0,0.0528392777975762,0.008253972310445057,0.06270535018660782,0
6344_441_none,31,48.70967741935484,43.388859539679146,45.0,189.0,379.0,0.03016468542865964,-0.02032642387686369,0.03428315376285548,1
6369_384_gmail.com,51,104.86019607843137,138.31685711693513,57.95,899.77,108407.0,0.04991003975584298,0.015452614892612841,0.054267338230788505,1
6369_384_none,44,111.94727272727269,104.25793223285736,107.95,644.95,329248.0,0.026838523601661522,0.01874252315851152,0.06336372675593155,1
6394_203_gmail.com,78,90.08512820512821,92.84423242299077,59.0,664.0,147627.0,0.031053685210611973,0.009943562282537087,0.03558904124478056,1
6394_203_none,69,70.73173913043478,89.74331461849708,50.0,547.47,157176.5,0.028168832453527297,-0.012635837804001984,0.0041681393151856705,0
6394_203_yahoo.com,64,111.52250000000001,120.5951877149333,82.0,774.0,155835.0,0.017719332357209586,-0.005916432417115019,0.0037928285387135996,1
6405_272_yahoo.com,35,76.87857142857142,59.156945354484535,47.95,209.95,542658.5,0.01992702319957569,0.025159090615817788,0.023976976780128452,0
6457_325_msn.com,33,63.136060606060596,26.704873682917306,59.0,196.99,72364.0,0.12167762498246834,-0.011503680293183674,0.12638635810912127,1
6457_441_gmail.com,38,545.6128947368422,651.4720056146044,180.475,2079.95,268383.0,0.009380063321834081,-0.0005717415473966425,0.0032477006099480704,1
6481_337_aol.com,56,115.35339285714288,72.32656418428023,107.95,335.0,211405.0,0.04080385358468793,0.0026481220871404088,0.03235833893099422,0
6481_337_gmail.com,336,136.05261904761906,164.56186251839014,75.0,1423.74,22385.0,0.027079861286496254,0.01621723104291075,0.023714631422453836,1
6481_337_none,118,116.97949152542374,276.64829029558496,57.95,2951.95,93031.0,0.013279217112091176,-0.004571932688619655,0.005020796715965888,0
6481_337_yahoo.com,100,126.05740000000002,369.96352397667533,58.975,3163.95,102582.0,0.01365420323225867,0.009728941254179092,0.023726301767582034,0
6489_184_yahoo.com,30,87.8633333333333,64.94076651499854,57.95,209.95,382286.0,0.03801728368107896,0.007840407088357058,0.02466009143656612,0
6489_494_gmail.com,55,75.66381818181816,49.052077612969256,57.95,286.95,187790.5,0.029078747533659174,-0.0034964453814996174,0.030919048073488935,1
6517_327_gmail.com,42,108.48833333333334,82.46170074694898,73.245,335.0,224517.0,0.03185083682905548,-0.008410891113824183,0.013202639293537342,0
6517_327_sbcglobal.net,39,150.94871794871796,81.38636839111822,141.0,360.0,199796.0,0.011579457283845844,0.016419209433834632,0.01104885773735298,0
6530_123_gmail.com,89,142.28966292134834,249.8163104374103,88.5,2053.19,74935.5,0.03222755475484519,-0.00652857313075339,0.04103476757920338,0
6530_126_gmail.com,57,110.49596491228071,131.4672996478612,59.0,884.0,80644.5,0.032970688686289766,-0.002309405371872967,0.04063424902673412,0
6530_143_gmail.com,38,128.778947368421,128.78800544406448,57.95,594.95,234123.0,0.025448320579818863,0.0005815556369938926,0.027027868582766755,0
6530_158_anonymous.com,31,118.4248387096774,59.708012531467304,109.01,227.56,322869.0,0.03464455821950115,-0.002292909383092394,0.03816251554976501,0
6530_181_gmail.com,36,117.18805555555556,228.90334672835468,57.495000000000005,1386.95,154637.0,0.030531665569968704,0.012730350674307056,0.031189141228763158,0
6530_191_gmail.com,59,90.35694915254237,141.89333172246853,55.95,1085.79,134205.0,0.04740218527035958,-0.013347370505053795,0.041577949711345805,0
6530_191_yahoo.com,42,122.49857142857142,49.88447666604209,117.0,224.0,75820.0,0.03981846814863862,-0.0016551670598804608,0.04965740416622199,0
6530_204_gmail.com,42,68.02857142857142,54.610219154059635,51.5,280.0,180147.0,0.01693163040260559,-0.004181848410750644,0.026559831538050187,0
6530_231_gmail.com,34,69.37411764705882,41.237513127337536,58.985,226.0,269997.0,0.014767712285439771,-0.0008680344738674281,0.016986564712372205,0
6530_264_gmail.com,75,199.08853333333332,441.86978781142705,61.95,2183.16,76214.0,0.0024054815566972206,0.0063919144216051625,0.02036520465722504,1
6530_264_yahoo.com,33,126.82969696969697,87.84149504319313,97.0,335.0,161649.5,-0.0006098555994269866,-0.0052614609616406585,-0.007985665214509018,0
6530_269_gmail.com,67,83.25716417910448,108.98606083411411,53.95,811.95,99064.0,0.04830816274614155,0.008050872318009605,0.040039602641532,0
6530_299_gmail.com,69,159.76028985507244,208.85566670061763,59.97,1065.0,79991.0,0.028924309677684515,-0.004115107583445424,0.033845661392367055,1
6530_310_gmail.com,38,172.2828947368421,179.2492037992725,99.975,564.95,300270.0,0.03566862462142938,-0.013696322714314837,0.04205041228899122,0
6530_310_yahoo.com,31,113.40806451612899,58.22748228309461,107.95,226.0,347739.5,0.014048853310129832,0.01504614813532558,0.04873055352269957,0
6530_315_gmail.com,84,110.01285714285719,98.07530346106299,67.95,422.5,102036.0,0.014069241139122397,0.007207060624975031,0.014482920485427389,0
6530_315_none,36,67.94583333333333,34.37328455315584,57.95,159.95,234622.0,0.044915932708214125,0.011587851816385664,0.040782990718088934,0
6530_315_yahoo.com,49,117.24020408163267,159.98235417350605,59.0,994.0,173265.5,0.02064873252810398,-7.758662619265777e-05,0.04197818310607224,0
6530_325_gmail.com,137,118.26306569343066,228.13753424999405,59.0,2130.43,51659.0,0.027990920169847007,-0.003739557940306653,0.05345022498257887,0
6530_327_gmail.com,30,130.39333333333332,116.37019358734246,89.975,554.0,254059.0,0.011106422144118562,-0.002891087477332209,-0.0008852192948543905,0
6530_330_gmail.com,67,112.22164179104479,163.682596523782,50.0,1011.95,86665.0,0.030758958008926217,-0.0024208970031177023,0.022708480383803353,0
6530_441_gmail.com,34,173.69382352941176,382.4616525184523,57.95,1996.22,193111.0,0.025428182085526864,-0.004304118097742421,0.019890128901503226,0
6530_485_gmail.com,74,185.99905405405408,267.2968851203679,82.95,1223.34,76910.0,0.020522984562512604,-0.00598446163853043,0.014432329970670569,0
6542_324_gmail.com,82,112.30817073170732,163.29550008084664,59.0,1242.47,118209.0,0.030310915174962694,-0.007966722012987888,0.04182280074142512,1
6542_324_hotmail.com,64,60.39765625,20.323297956270185,59.0,129.0,89212.0,0.07717893789321352,0.02217841670750867,0.05170171453692328,0
6542_324_none,47,107.91957446808509,192.4986026139659,59.0,1324.85,256285.0,0.016999468762643105,0.011797471192783363,0.002113370435422701,0
6542_324_yahoo.com,38,68.16078947368418,62.97088710714612,47.95,296.11,265395.0,0.03719619981847234,-0.0008399395763222517,0.05568431094981848,0
6544_-1_gmail.com,86,34.71641860465115,30.745003377166494,23.3295,168.54,80731.0,0.020058761970123264,0.00188260453702329,0.013472922647998691,1
6544_-1_hotmail.com,80,45.2256625,48.086782095484345,32.302,252.81,65084.0,0.03701306458182287,0.004661637312264644,0.022423897829902055,1
6550_184_gmail.com,44,93.13863636363635,161.0375024869406,57.475,1104.0,257201.0,0.03152002855422551,0.0013142767804396882,0.035666884199893716,1
6550_191_gmail.com,48,67.34479166666667,46.99943222128608,50.96,209.95,184113.0,0.01582655262989842,0.0007966733396230011,0.02205515787439699,0
6550_191_none,32,72.12031250000001,49.854285891760036,59.0,209.95,271315.0,0.046301200667207866,0.013968553215158483,0.04705659371560931,0
6550_204_gmail.com,63,68.77634920634921,59.515032309482024,55.0,280.0,134714.0,0.005450794793414156,0.018405402326344543,0.004978763889945045,0
6550_264_gmail.com,121,87.26338842975207,97.3248143937763,59.0,970.91,74912.5,0.015359520490762415,-0.0016192795384831656,0.014239916761583416,0
6550_264_yahoo.com,36,76.30333333333331,76.94168715476819,57.95,474.95,263548.0,0.0129915988532667,0.006218401156301526,0.02438605423788478,0
6550_299_gmail.com,30,115.12400000000001,219.61818740107415,53.975,1238.95,392645.0,0.0018335487978148532,0.011048560536814384,0.009303205752765928,0
6550_330_gmail.com,58,87.70362068965517,104.82155591845826,49.0,604.95,132969.0,0.015978048853257154,0.010625032590984948,0.017370895308068755,0
6550_441_gmail.com,49,220.74489795918367,210.79883467054313,107.95,707.95,166895.5,0.0452080884716419,-0.011247707422412292,0.04180459737170958,0
6550_494_gmail.com,68,90.62529411764706,69.46611487689493,57.95,411.95,136789.0,0.02549247604302044,0.005274464462539298,0.026590871294629573,0
6550_494_yahoo.com,50,70.49099999999999,40.227346034756,62.95,226.0,210390.0,0.014173172545796135,0.0033579294777101518,0.010597337200089194,0
6554_272_gmail.com,36,71.80055555555555,44.33481400688054,59.0,208.0,168142.0,0.03363169941009957,0.0063811443251007086,0.02299910851451773,1
6585_-1_gmail.com,51,32.125235294117644,27.485940329335175,22.998,133.03,132509.5,0.012399021695640597,-0.018729613110967797,0.014885013401033105,0
6592_325_gmail.com,76,252.18723684210525,581.0425253859124,114.995,3704.01,162547.0,0.016138254385204012,-0.008616151832781305,0.006627281593937148,0
6598_264_gmail.com,66,282.2734848484849,434.1608904210387,108.95,2007.95,152700.0,0.026217668275064845,-0.010273564311962056,0.022234442195052675,0
6630_299_gmail.com,57,164.65368421052636,244.08037699453644,87.95,1352.7,180736.5,0.010433686415002329,0.005590126750918287,0.016913756939017678,1
6635_264_gmail.com,61,104.6190163934426,101.482310591388,57.95,360.0,183447.0,0.034370007525564,0.005212148994677115,0.02420167628985841,0
6635_264_none,39,179.23205128205126,211.38589984245044,59.0,700.0,180963.5,0.028908097964438335,0.022781525293054543,0.023181308080950418,0
6635_264_yahoo.com,40,110.492,85.22169340021354,107.95,527.0,382513.0,0.03487377865662065,0.012315896231431887,0.05364127891238308,0
6691_441_yahoo.com,32,106.40625,98.03661923453654,59.0,335.0,251227.0,0.02745783236785821,0.021106829894371758,0.03440227681230266,0
6697_299_anonymous.com,55,372.3992727272727,394.0331999480365,200.0,2268.89,97990.5,0.013509549492092286,-0.004933323586930646,-0.004828365577138633,0
6697_299_gmail.com,128,215.130234375,307.371000147991,108.5,2593.95,79536.0,0.009008772438167705,0.006099222128271638,0.03036277747598584,1
6697_299_none,63,237.18730158730156,483.02364354765473,107.95,3081.97,165436.0,0.04076501524843931,0.011487865804508134,0.07118959547467778,1
6697_299_yahoo.com,50,280.326,183.5242289835323,217.975,794.95,242126.0,0.0034341246629755184,0.024217287139540404,0.000955786341335231,1
6721_191_none,33,51.22666666666667,33.463565955597836,42.95,159.95,513392.5,0.06024342762170135,0.0020856441480925775,0.042894817781741375,0
6727_204_none,31,111.77258064516126,72.26210116172939,87.95,280.0,235347.0,0.023596737651229598,0.023140219318720463,0.04119257010625734,0
6727_204_yahoo.com,33,128.3560606060606,76.42418084490346,117.0,360.0,243847.0,0.04131405692245906,-0.012192291319040652,0.05771275252483935,0
6727_251_none,30,87.30666666666664,47.61569022450011,72.95,226.0,438787.0,0.040049387997760734,0.0054205532149956825,0.04079830132129187,0
6730_469_gmail.com,79,117.11265822784812,239.48169117782157,59.0,2095.5,72625.0,0.03175841748999174,0.011363498891358775,0.05053018822979266,1
6730_469_none,61,100.01606557377049,100.96578583416489,59.0,607.49,170820.5,0.035558641528041224,0.003346683055780803,0.035558641528041224,0
6730_469_yahoo.com,47,183.02148936170218,347.3263062185167,59.0,1464.95,209594.0,0.010360373939820783,-0.009760920491377008,0.007737345044413445,0
6741_264_anonymous.com,59,162.57627118644066,146.41955081433701,100.0,1000.0,90199.0,0.048586553706981006,0.004356770316659896,0.0706088015591833,0
6741_299_anonymous.com,60,232.33166666666665,205.42292166947246,162.5,1000.0,76512.0,0.032491308660663215,0.016222648278283038,0.04560729591436721,0
6741_299_gmail.com,36,349.78194444444443,518.2256063874725,250.0,3162.95,217451.0,-0.011728296735661468,0.01758562836683071,0.017700331979919603,1
6741_325_anonymous.com,31,261.04709677419356,177.8522473978738,200.0,724.83,270660.0,0.013938371113009752,0.011086328332203813,0.03910236908662846,0
6741_330_none,89,99.38168539325844,224.2785205404457,50.0,2014.97,140522.0,0.07117813002589525,-0.01162635283565064,0.07679606339776551,0
6741_387_anonymous.com,31,320.0912903225806,217.68527522537664,300.0,1247.83,528.5,0.0626677643481946,-0.013605680245443744,0.05581871220909023,0
6816_272_gmail.com,46,144.58847826086958,116.16198779529334,117.0,554.0,183181.0,0.012005438117494514,-0.008340152425876868,0.001529402790154448,0
6872_441_gmail.com,34,319.4073529411765,236.7693507628049,253.0,774.0,155252.0,0.010159479882001332,0.018430336323315935,0.018791733649894088,1
6877_272_hotmail.com,61,49.428360655737684,28.523665192276304,43.97,159.95,186046.0,0.044976604223164865,-0.011182176989466719,0.028446517645245407,0
6877_272_yahoo.com,31,118.45451612903223,137.0980254402104,77.0,659.99,272126.5,0.006900330419441693,-0.010386980566487264,0.025915799006669883,0
6877_433_gmail.com,34,159.38470588235293,100.83180640917341,117.0,390.0,268474.0,0.0024246361947594386,0.0035179633875872876,0.021711503188992294,0
6896_264_none,35,74.25714285714285,77.19450123168205,49.0,473.0,79229.5,0.05439182303827667,-0.006360002969660779,0.05821094792477589,0
6896_325_yahoo.com,32,65.3109375,50.17564731516768,44.5,226.0,332987.0,0.02133103492835798,0.012199328338551689,0.01880937324999827,0
6899_191_none,31,50.46612903225808,12.933754208227189,55.95,80.95,597889.5,0.09140196367794012,0.0819417027273214,0.08265326857443497,0
6899_272_gmail.com,39,49.68461538461539,25.71508624814443,40.0,108.5,345524.5,0.04226529020895118,0.032158787469600054,0.039520676190190125,0
6933_204_gmail.com,42,114.93023809523808,91.93736233327805,59.0,422.5,268786.0,0.032433108993407865,-0.00023252491210226656,-0.005499385933031044,1
6933_498_gmail.com,95,98.7268421052632,105.07024701060621,59.0,644.98,103462.5,0.004352162451403095,0.0002404319536227842,0.016048068884151626,0
6933_498_none,37,108.52945945945945,149.7909038653179,57.95,644.98,246562.0,0.045164841370921645,0.0031215394526081033,0.05117084737692764,1
6951_264_gmail.com,31,42.45161290322581,26.664993010260716,34.0,117.0,165833.0,0.049810847121968545,0.0009802466440419141,0.04119257010625734,0
6951_441_anonymous.com,31,273.44032258064516,364.74882241720076,100.0,1265.5,242015.5,0.02059686519688602,0.01733502738861712,0.02359673765122961,0
6951_441_aol.com,66,149.11318181818183,146.04641335899882,108.5,1011.95,153142.0,0.01467229870633955,-0.0024687303737858032,0.022091608410226726,0
6951_441_gmail.com,257,106.33143968871596,107.09683876661711,77.0,852.97,35675.5,0.021633703276924612,-0.007151965905389233,0.015333910038604459,1
6951_441_hotmail.com,38,110.44526315789471,143.1284030942118,104.485,794.95,257795.0,0.04142033530519109,0.010142997585262277,0.049888330539349136,0
6951_441_none,74,99.57499999999999,145.60069452657712,59.0,1000.0,90304.0,0.022459017201042483,-0.004168816386888943,0.022459017201042483,1
6951_441_yahoo.com,135,124.09518518518523,181.321470391583,59.0,884.0,80278.0,0.01709637069940506,-0.0032443118394529166,0.040390619926360886,0
6952_498_gmail.com,42,96.60261904761903,134.01571302790836,75.0,930.74,249876.0,0.01074516722219842,-0.004180135380664418,0.02033122629355162,0
6963_330_gmail.com,73,99.94369863013699,60.019008256331254,97.0,281.95,162433.0,0.012140053360502213,-0.014450691457903389,0.012140053360502213,1
6968_204_gmail.com,85,98.44870588235294,198.70946071078828,47.95,1735.0,64391.5,0.03720072037849488,-0.013550329644608824,0.03720072037849488,0
7005_310_gmail.com,336,99.75199404761904,115.5724190811708,58.95,834.0,25838.0,0.02774123694787191,0.007696469154065839,0.033032242238877206,1
7005_310_none,110,132.48209090909094,138.44748917973757,97.0,664.0,91678.0,0.007047142291756535,-0.0022980781424374666,0.02619993101310705,1
7005_310_yahoo.com,138,121.18673913043479,127.72536068672946,80.45,774.0,69800.0,0.02503527304639456,-0.004828566984531251,0.04352656339082416,1
7069_181_gmail.com,59,102.08881355932203,116.9105470164138,59.0,624.14,97566.0,0.03392393619948769,0.017799604674474813,0.03505503999203069,0
7069_325_gmail.com,83,109.68795180722894,103.0738864099939,52.95,405.0,89823.5,0.04098369918353338,-0.007676892614697138,0.04152487263323609,1
7069_325_yahoo.com,42,77.27523809523808,60.349955467616624,58.475,317.5,262398.0,0.009482067259569245,-0.014629898850881399,0.014301041647105432,1
7069_472_gmail.com,52,116.92307692307692,83.21720505674065,87.75,390.0,78437.0,-0.005161698933545195,0.02044120785080223,0.00927250068676419,1
7076_269_none,33,54.7730303030303,41.25914873641514,35.95,226.0,496893.5,0.04322850930631226,0.0187957591629538,0.03527178555159161,0
7078_143_gmail.com,64,128.25609375,207.38990328166582,100.0,1679.95,188969.0,0.03850143667389137,0.001905958223903076,0.04172726238400096,0
7099_-1_anonymous.com,40,65.453725,37.620655585055594,49.896,180.535,167575.0,0.0036548929994275267,0.005126802601062762,0.012907672533816493,0
7099_-1_gmail.com,70,47.30687142857143,27.0572055361659,41.5945,150.567,54158.0,0.03945076674982277,-0.0025398621720878374,0.02714398514553841,1
7103_264_gmail.com,39,106.04358974358973,88.32375481169728,59.0,400.0,159968.0,0.039286052603614736,-0.0032056382449599866,0.027918825393085538,0
7166_476_gmail.com,62,120.45451612903224,143.35670299120235,77.475,884.0,130113.0,0.010971993250902742,-0.000994119092773988,0.042800168927654064,1
7177_-1_gmail.com,31,49.62887096774193,39.651265350790936,33.352,165.792,211149.5,0.017257650209610967,0.007146602340996795,0.0053200940972985625,1
7182_327_yahoo.com,34,84.29411764705883,30.850235399773748,75.0,171.0,247784.0,0.06101148483674939,0.006815886497719012,0.06234656085813325,0
7207_204_anonymous.com,111,149.98531531531535,302.2703437957718,78.5,3061.95,80896.5,0.027443598796029988,-0.0030048813642966805,0.049243021579559454,0
7207_204_aol.com,129,149.11992248062018,233.66964193163633,77.0,1824.98,71841.0,0.014361767270108003,-0.010574435903690485,0.02685523569370908,1
7207_204_comcast.net,91,190.02802197802197,128.59120212603696,171.0,652.0,158591.5,0.024935538010472748,0.0033171429920455554,0.03980496648393077,0
7207_204_gmail.com,548,133.96717153284672,227.51517677425434,68.725,2841.0,14574.0,0.023083906896024582,0.006210061292280045,0.03933781753132376,1
7207_204_hotmail.com,98,100.85000000000001,86.74126306647459,76.0,484.88,91036.0,0.006103797146959567,0.0026095193493429793,-0.0029664976376209302,0
7207_204_none,559,151.61125223613595,135.45586517342437,117.0,1183.95,11589.5,0.025512077147819327,0.010241834848584336,0.03299820998206785,1
7207_204_verizon.net,52,127.1826923076923,59.95070321379393,117.0,445.0,180685.0,0.06705264486287879,0.002331191183149478,0.11523285967216051,0
7207_204_yahoo.com,559,133.78647584973166,168.5686751148549,82.95,1484.95,13060.0,0.018334110170558984,0.023341258171531702,0.04115653289684386,1
7224_204_gmail.com,94,63.808510638297875,50.922125357974714,49.5,311.95,115972.0,0.03865975639459341,-0.005541036287728084,0.04250489618418459,0
7239_264_gmail.com,43,103.19930232558139,112.482017837175,57.0,529.99,218755.5,0.016358927219754106,-0.017804213097053493,0.016358927219754106,0
7255_-1_anonymous.com,78,48.578320512820504,65.28900898814197,30.936,410.373,10154.0,0.052979034298715116,0.006890324603200562,0.048902351289406454,1
7288_122_gmail.com,54,303.3425925925926,269.4052747715975,226.0,1436.0,98792.0,0.016091721982514406,0.004627896575373998,0.014664356298495655,0
7299_204_anonymous.com,42,94.70119047619048,97.81456002735312,54.0,500.0,94513.0,0.05212329531266106,0.011134702298426911,0.06455067802165321,1
7299_204_gmail.com,76,172.3359210526316,182.88245779431256,108.45,1000.0,164807.0,0.02163030020527,0.00033122150438650785,0.03746860431592089,1
7322_122_gmail.com,73,139.8178082191781,124.36375153784142,105.0,549.0,134743.0,0.005952979594992216,-0.0006681342401266936,0.014538453290235159,0
7322_122_none,60,114.0035,82.63513868859502,107.95,554.0,184127.0,0.04191072657283766,0.012347178546845253,0.041244156608764945,0
7322_122_yahoo.com,54,191.58981481481482,221.10314008097987,102.75,1104.0,187036.0,0.02125888151278183,0.0005040178811803256,-0.0009531776350719112,1
7379_315_yahoo.com,34,63.85441176470587,26.82122285135811,59.0,117.0,339505.0,0.05771628280645132,0.009053074146770423,0.052463526442103926,0
7411_205_gmail.com,73,112.20465753424656,230.88348244510394,62.95,2007.95,174240.5,0.010865631307963638,-0.004580632057244804,0.02684279794051853,0
7411_205_none,71,87.93126760563379,47.665601318953286,88.95,226.0,82575.0,0.007523046753659304,0.010192674402406739,0.02160904205685772,0
7442_126_gmail.com,30,139.379,178.75136302230908,99.975,988.53,404698.0,0.012514112232356558,-3.910171896957804e-06,0.028764504146689983,1
7442_126_yahoo.com,31,71.29032258064517,105.94286912884124,47.95,613.0,433880.0,-0.011705409455945955,0.011024078784660135,0.0011515077702801413,0
7468_299_gmail.com,156,199.83717948717947,489.53327862283703,94.5,4545.36,75617.0,0.0022409267507169546,0.0057046667351732805,0.026966902217152287,1
7468_299_none,36,146.89,179.8567605994652,107.95,987.54,274608.0,0.039804538916272426,0.005965510538533808,0.0651261444256693,1
7468_299_yahoo.com,93,167.0162365591398,371.3848685544591,59.0,2757.82,108453.0,0.021964270475803727,0.002596552898528042,0.013064889098418197,0
7482_325_aol.com,103,236.91106796116506,166.92057838148352,212.0,664.0,108696.5,0.028104120962796453,0.0065020036563717375,0.03897043664853621,0
7482_325_gmail.com,86,117.20732558139535,73.26469925414949,107.95,335.0,127724.0,0.009624181829839536,0.0026075193112214193,0.011548552238919114,0
7482_325_none,43,169.70116279069768,154.61028482305608,107.95,554.0,245395.5,0.023451256285164417,0.008761054618856234,0.04265794603108568,0
7483_387_gmail.com,58,74.45775862068966,60.28582337621866,57.95,335.0,156811.0,0.05894085737904073,0.0029317072476291103,0.06660369262808287,0
7483_387_yahoo.com,50,126.04239999999999,196.7790541959179,70.975,1052.0,199599.0,0.001878851788250556,-0.006818923980854,0.01049593824933226,0
7504_264_gmail.com,31,90.41451612903222,43.9986183682426,77.95,220.0,413019.0,0.03702398377923891,-0.004395056446683698,0.04445148499856106,0
7505_264_gmail.com,37,91.88243243243242,108.68117966328022,57.95,524.95,261271.0,0.00561896818305628,-0.003266577976197102,0.020273433306922217,0
7508_110_gmail.com,213,108.5468075117371,162.9709316375841,68.95,1779.95,61914.5,0.007226659700314997,0.016807742250787076,0.0329352706685031,1
7508_110_hotmail.com,38,69.69947368421052,49.0295293915266,58.195,261.96,209395.0,0.047035851831958554,0.019244358456494748,0.06623329421364835,0
7508_110_none,183,102.12737704918035,77.2715854413341,62.45,511.95,70998.0,0.039008122672962456,0.011809418907155655,0.03900812267296247,1
7508_110_yahoo.com,85,113.1117647058824,139.04390033093418,59.63,711.95,103873.0,0.015201545250945091,-0.004507628936560235,0.045333042737560544,0
7508_158_anonymous.com,34,150.56735294117644,102.79262654687273,130.52,511.95,409841.0,0.02694805420337252,0.01647881624391643,0.04955996225297291,0
7508_158_gmail.com,36,139.7163888888889,103.40549735957997,115.35499999999999,447.7,439045.0,0.011090460987959412,0.02260364922815352,0.011471726735421038,0
7508_158_hotmail.com,45,118.13644444444444,88.60858757367973,87.95,445.0,266081.5,0.02718610679859277,0.007628269720003737,0.04598083522844411,0
7508_158_none,60,99.44399999999999,99.68392695916428,59.54,633.92,149728.0,0.037707091282846716,0.011340667503172652,0.037707091282846716,0
7508_177_gmail.com,389,116.9641645244216,241.18889826312835,58.95,2877.65,21106.5,0.03010641863392867,0.005630782368118632,0.03873453040336146,1
7508_177_hotmail.com,41,164.0939024390244,335.4274592063819,67.95,2079.95,224346.5,-0.0005692700098345951,0.011804734005495775,0.019226096205772363,0
7508_177_none,100,129.37760000000003,149.1125800468894,100.0,1104.0,122091.0,0.01255670620819201,0.015955787376501496,0.03663726000713635,1
7508_177_yahoo.com,160,107.004625,144.10774330725388,71.475,1177.0,70581.0,0.037393848545514204,-0.003022834276363108,0.03726286531655743,1
7508_220_aol.com,38,135.4202631578947,89.96297034970151,107.95,335.0,160830.0,0.02102399694867768,-0.002559398018665636,0.04622531096445654,1
7508_220_gmail.com,304,119.9622697368421,165.01115106192825,72.95,1514.95,34613.0,0.01817585410064177,0.014771383842411981,0.045707235366306914,1
7508_220_hotmail.com,41,127.09804878048782,97.81131340667645,108.95,335.0,285579.5,0.035660863564400944,0.008198939407163597,0.027628868748698507,0
7508_220_none,114,121.9276315789474,101.3875929059753,99.25,700.45,82435.0,0.005779620033151293,0.0030747001282782176,0.030077773080330997,1
7508_220_yahoo.com,157,106.94375796178345,153.65978304477775,60.0,1761.0,65635.0,0.02187917417168667,0.01192180077608039,0.015346432986261201,1
7508_253_none,37,84.53648648648645,62.723634117008956,82.95,311.95,214416.0,0.0275690089158939,-0.012109562483123105,0.04349868499539874,0
7508_264_gmail.com,47,172.83702127659572,92.84917811285993,171.0,323.0,181392.0,0.02846509783309442,0.006821535332718391,0.03450726465394072,0
7508_299_yahoo.com,35,55.09,34.95921460379632,51.95,202.0,293271.0,0.027916702771335476,-0.004671540105320511,0.017559684905667762,0
7508_310_gmail.com,37,113.33162162162161,77.89172264643916,108.95,511.95,378439.5,0.04494224213242907,0.0023862361317737515,0.08965745347670728,0
7508_420_anonymous.com,32,412.2881249999999,726.1019284699182,47.95,2294.95,363141.0,0.03386992993962184,0.013717630955632887,0.028275479372802413,0
7508_420_gmail.com,138,145.61,188.77212104177008,87.95,1331.0,69849.0,0.015970366624802,0.011132398357290907,0.00856569864340545,1
7508_420_none,47,144.0659574468085,195.684810374534,107.95,1331.0,267711.0,0.016990434797781187,0.015262413182972875,0.02181563771408007,0
7508_420_yahoo.com,70,162.42042857142863,232.40312829487667,89.5,1331.0,116877.0,0.024613903682831305,0.01326466884703044,0.04783207741571091,1
7508_428_gmail.com,56,118.36035714285715,116.23381971827743,59.0,527.0,116792.0,0.016994329775164144,-0.006705335496445572,0.040281232780457706,1
7508_444_gmail.com,35,107.87142857142855,50.215370847856484,107.95,311.95,339610.0,0.03812717607113245,0.0015110207641414047,0.0317779697219261,0
7508_444_yahoo.com,36,143.13333333333333,102.66162325274662,107.95,335.0,285546.0,0.011034695249633693,-0.019620001488253724,0.03834043253675249,0
7585_-1_gmail.com,74,50.56409459459459,49.52977835391906,37.503,282.041,63189.0,0.019409261126249088,0.0029321071914630258,0.02357158635594867,1
7585_126_gmail.com,127,138.10771653543307,157.4150220857284,87.0,1075.47,15939.0,0.05408781369500887,-0.0002381684308736115,0.05966902668478316,1
7585_126_yahoo.com,34,159.99735294117647,252.3703162873817,100.0,1458.72,89601.0,0.027923903083523695,0.0023190674127636923,0.024414065931694366,0
7585_143_gmail.com,48,182.05708333333337,332.0920615391557,127.975,2335.19,272202.0,0.012809512702182176,-0.0012203935889463918,0.01489025247936318,0
7585_181_gmail.com,37,200.16351351351352,114.45661083279941,209.95,511.95,167843.0,0.026502038551420783,0.009321607132869864,0.04885220292353449,0
7585_184_gmail.com,75,166.59173333333334,109.08117717704044,150.0,499.23,73833.0,0.017193447580847673,0.001483594970454534,0.021052627200061586,0
7585_191_gmail.com,54,69.31851851851853,77.28898231115546,36.5,504.95,132310.0,0.03142721274848743,0.018933763078499824,0.04236455111963889,0
7585_191_none,30,91.34666666666665,76.8825846484249,55.45,335.0,180943.0,-0.0058027465349217155,0.0017989283529726008,0.0057732747890218775,0
7585_191_yahoo.com,50,72.4944,95.11943564088257,29.5,554.0,168380.0,0.06007900465980732,0.0062417610818834846,0.05971511401430724,0
7585_203_aol.com,52,376.00961538461536,223.2994817759113,355.0,1104.0,10126.0,0.015194555823054415,0.013597917670464199,0.02629993127291927,0
7585_204_anonymous.com,38,176.4973684210526,274.72808589091386,100.0,1714.95,160681.0,0.0371442270125674,0.02899050412921004,0.06310410908994332,0
7585_204_aol.com,69,201.62695652173915,275.1897460873257,117.0,1541.0,111912.5,0.02273633358861299,-0.005735480424505543,0.033868108973186935,1
7585_204_gmail.com,211,218.26127962085306,378.8174613059774,100.0,2007.95,33306.5,0.010242118476073467,-0.0014088037331134728,0.0304403122831359,1
7585_204_hotmail.com,36,155.24166666666667,139.95927994122673,112.975,591.21,318823.0,0.02128602039775391,0.009638090859162313,0.03575328144841395,0
7585_204_none,67,241.35402985074631,323.5590600823476,107.95,1514.95,125724.5,0.021213603179021358,0.012757846322486353,0.014439920279193788,1
7585_204_yahoo.com,92,159.12108695652176,164.14810260896368,107.95,1044.95,103351.0,0.03106388723880377,-0.004964078014054692,0.04965504368010726,1
7585_264_gmail.com,94,178.7258510638298,204.5974771137146,100.0,1224.0,92513.0,0.01371276265645148,-0.0064203401095354225,0.013732161917505425,1
7585_264_yahoo.com,73,250.39643835616442,277.5925380613008,107.95,1306.95,120795.0,0.00943954911990932,-0.0056907008633920175,0.006861106210855842,0
7585_272_gmail.com,53,171.33169811320752,187.31702855768998,100.0,958.47,97851.0,0.01187124509170951,-0.009937018568060119,0.0087484530961262,1
7585_272_none,42,103.39880952380952,213.72127110976405,41.975,1398.95,178283.0,0.014465739256166524,0.013972762284877809,0.014714720993410417,1
7585_299_anonymous.com,79,201.13746835443038,226.49573191534813,117.0,1540.47,91043.0,0.012223431812200192,0.008027038832013781,0.009254901315589498,1
7585_299_aol.com,44,168.32113636363636,213.50683479815547,107.95,1482.47,281764.0,0.01891381240826618,0.007054319804960282,0.03693953370267162,0
7585_299_gmail.com,299,217.26505016722408,227.43596588234885,135.5,1708.95,23979.5,0.02377807235804625,0.010314690156672303,0.03391125434102309,1
7585_299_hotmail.com,35,266.15028571428576,264.36835366571086,103.97,1044.95,204236.0,0.016523532099643357,0.015075054753359518,0.02941063142801819,0
7585_299_none,82,346.3795121951219,468.71400789274895,171.0,3152.95,131201.0,-1.8617260108360484e-05,0.013074978724279075,0.01947869125123382,1
7585_299_yahoo.com,151,228.33768211920534,219.40009170536553,150.0,1084.47,40924.0,0.03105317973201554,-0.001229048284192527,0.02796046793205883,1
7585_315_gmail.com,44,210.5893181818182,238.03706381949823,142.475,1021.95,187774.0,0.01758027416405162,-0.007895399319149909,0.004933965057485709,1
7585_315_yahoo.com,36,119.53500000000001,173.59396670103487,49.5,741.85,150908.0,0.03572605327432506,-0.010136393259811225,0.05030484580163653,0
7585_325_anonymous.com,45,249.15666666666664,216.48579800480627,200.0,994.0,175301.0,0.015727441923326917,-0.004730723810887849,0.011442122111069236,1
7585_325_gmail.com,160,215.91675,271.44287998939575,121.0,1891.95,50137.0,0.022589407955308713,-0.0033953040712858904,0.021443021078793423,1
7585_325_none,41,588.6746341463414,766.7267803862413,210.95,2770.95,240373.0,0.007322152678356668,-0.0028298283444890965,0.003277312239727055,1
7585_325_optonline.net,43,140.53488372093022,42.47206952931253,117.0,280.0,333223.0,0.08871034840838461,0.029860871795071818,0.07780234672753326,0
7585_325_yahoo.com,42,274.1045238095238,549.0810404589106,107.95,3011.95,218344.0,-0.006284602561549633,0.004948014160774866,0.008026399129529176,0
7585_330_aol.com,46,105.66304347826087,48.52364443236007,117.0,226.0,346427.0,0.04104510443058703,0.02774762092653668,0.03138326868179476,0
7585_330_gmail.com,52,211.93576923076924,299.5159418214288,148.0,1671.64,176173.0,0.04074176678212913,0.0002770405083836955,0.04346817076369885,0
7585_330_none,76,109.00394736842104,102.85448707146458,78.5,744.95,65783.0,-0.0007925165461877062,-0.003764639239522416,0.010342273974734667,1
7585_337_gmail.com,62,175.8316129032258,215.65086365274018,100.0,1221.95,114796.0,0.00881330784854184,-0.0032573720366949263,0.013327144564611426,0
7585_441_anonymous.com,32,184.296875,226.03324767107688,100.0,1265.5,258702.0,0.030462550821095606,-0.013795610475574833,0.03492035936963423,0
7585_441_gmail.com,110,143.41581818181817,239.91473352908233,92.0,2042.95,52880.0,0.011466098751643627,-0.003829009621548987,0.030917446507956543,1
7585_441_none,41,152.9780487804878,258.17665299614197,97.0,1709.95,87413.0,0.021255605148266687,0.02605088796160939,0.036187982373846114,1
7585_472_gmail.com,75,162.54546666666667,259.8061781420569,100.0,2205.7,95557.5,0.028010051956176552,-0.007195580337787659,0.039892501245026704,1
7585_472_yahoo.com,37,445.22675675675686,759.2060075377258,117.0,2832.15,299520.5,-0.0059708582659654535,-0.01914932231446101,0.011816857237172594,0
7636_269_gmail.com,77,91.34584415584416,96.79599460896793,59.0,554.0,114492.0,0.032822208513135144,-0.009841152787063538,0.0530146791750066,0
7636_269_none,85,72.94352941176469,41.115664531856886,59.0,171.0,126769.5,0.03910443749306197,-0.0026622568095786697,0.024932194270446986,1
7638_123_yahoo.com,31,66.5225806451613,27.40636504451427,57.95,117.0,389684.5,0.0406222412044741,-0.009103789573336615,0.06385854014458367,0
7638_330_gmail.com,39,106.34743589743587,125.4605171668934,59.0,554.0,254395.5,0.0501802486386155,-0.0005583147665376084,0.038784237242604096,0
7638_330_yahoo.com,51,95.40274509803922,153.88990713479112,52.95,827.9,243093.0,0.002148347277936724,0.006152892755644755,0.013246483018756819,0
7648_330_none,37,36.47027027027027,24.611328580991895,25.95,107.95,267688.0,0.0727064058231624,-0.0019412312474175186,0.060272208248160104,1
7664_204_gmail.com,30,80.36666666666666,39.947660201262785,59.0,226.0,166591.0,0.06318716192129956,0.012180531694683992,0.05492645236011922,1
7664_264_anonymous.com,83,124.66048192771086,98.32732775225958,108.5,794.0,101423.0,0.019062366054820104,0.01875074470759135,0.024145170554881884,1
7664_264_aol.com,57,184.140701754386,197.34383367801388,108.5,964.95,189384.0,0.0068714332388361485,-0.002373609359678567,0.008623742046288595,1
7664_264_att.net,38,126.82657894736839,89.8007097110718,107.95,425.59,303548.0,0.003480137299554882,0.015734521304665426,0.02873342412123866,0
7664_264_gmail.com,985,121.80192893401015,194.0795786628366,72.95,2254.97,7936.0,0.027116114107266064,0.002808459789502049,0.04597721283330109,1
7664_264_hotmail.com,117,141.61786324786326,245.2781122629236,100.0,2568.18,83268.5,0.021253537435672005,-0.00404644917001519,0.02737036458227372,1
7664_264_icloud.com,41,119.03829268292682,349.40666225587677,57.95,2310.2,194207.5,0.03413310696920016,0.00043750679496661754,0.04579924839903722,1
7664_264_none,553,99.90385171790236,95.48351078589282,67.95,752.95,13577.5,0.030656336645200833,0.007794708417487464,0.029880586867688585,1
7664_264_sbcglobal.net,31,150.51838709677418,123.31534449419148,112.99,527.0,273049.0,0.03130534323222608,-0.018460957937967388,0.01901662887474289,0
7664_264_yahoo.com,569,128.75738137082604,203.80872428036858,75.0,2529.78,13367.0,0.024237406234216642,0.0036386487567531753,0.0370701352318405,1
7664_264_ymail.com,30,135.165,56.16457535671395,135.75,305.0,273481.0,0.054926452360119206,0.0036874089911442254,0.05644632447796486,1
7676_220_gmail.com,58,140.18103448275863,130.89359375132437,108.725,811.45,161953.0,0.012146631228736084,-0.0010708738417635894,0.026406680242602766,1
7676_220_yahoo.com,40,128.331,107.02261143795737,103.975,435.0,233778.0,0.010889182304179172,-0.008269747977223178,0.003398776900009469,0
7676_299_anonymous.com,61,162.5109836065574,157.9443769356475,108.95,1104.0,191646.5,0.0243652649338055,-0.0015286884486575732,0.03361076592064663,0
7676_299_aol.com,43,122.33279069767441,100.11627183048351,100.0,445.0,238561.5,0.005516520163806847,-0.003877062972274699,0.04388617869620942,0
7676_299_gmail.com,384,126.07963541666668,183.19412014613647,68.95,1696.13,18931.0,0.021483483346397582,0.00822846516814182,0.04244163070149428,1
7676_299_hotmail.com,45,157.68977777777778,167.2658171293544,108.5,638.95,220004.5,0.04156389012762024,0.004866643922790223,0.03940663616289489,0
7676_299_none,113,130.76743362831857,212.82110322608867,78.95,1854.95,95701.5,0.020741584081021832,0.010602546647843037,0.04513371828024171,0
7676_299_yahoo.com,169,142.6591124260355,168.91756968336043,107.95,1104.0,56442.0,0.02404700195834767,0.004991793521741249,0.03861277265087999,0
7676_420_gmail.com,106,201.83405660377358,420.6795229773038,91.0,3340.64,81885.0,0.031609200070377486,-0.007498410761567823,0.022024559860753055,1
7676_420_none,57,129.76438596491226,253.8725055283054,92.0,1892.15,150044.0,0.023848514220776433,0.0011213139021482577,0.017006377040114852,0
7676_420_yahoo.com,35,89.12714285714286,85.29764051573186,50.0,335.0,248591.0,0.032814122527950525,0.003808328266044804,0.026653602808706288,1
7676_512_gmail.com,109,159.27807339449544,250.9165672419254,87.95,2340.2,94580.0,0.028134156275475147,-0.0037421860038391493,0.03273049210869984,1
7676_512_none,100,102.71990000000001,91.18167325175602,59.0,554.0,94691.0,0.014550040505085075,-0.0016382859563500891,0.0134253153069295,0
7676_512_yahoo.com,46,182.72934782608698,386.8977232753659,80.45,2681.0,260977.0,0.013357844668851433,0.010297031931467256,0.006921658156747432,0
7698_-1_gmail.com,30,59.804500000000004,46.28886296562057,38.159,159.975,229598.0,0.01579506145885673,0.003318800470818256,-0.008417125797349156,0
7744_308_gmail.com,66,79.26015151515152,56.169200351784085,57.95,226.0,121505.0,0.008877249950539831,0.0012727756522976814,0.02165352805541404,1
7794_-1_gmail.com,51,42.19237254901961,36.7431586327603,30.199,176.729,167283.0,0.01374835087574263,-0.011178651017174517,0.000712770533338368,1
7794_-1_hotmail.com,42,35.435047619047616,26.74441432466153,25.965,127.365,317935.0,0.01388736230080044,-0.0009517304633464979,0.016560093120391986,1
7815_123_anonymous.com,66,188.33515151515155,362.0616260462852,107.95,2938.33,181783.0,0.01739749919226763,0.004926202657676515,0.031581069069310706,0
7815_123_aol.com,79,105.41253164556962,216.8839627540955,56.5,1911.0,57040.5,0.05401217126045256,0.01729991217831749,0.05283457297982598,0
7815_123_gmail.com,495,106.88640404040405,198.60753824178732,58.95,3247.91,16879.5,0.0356808794149745,0.0010364532520765832,0.03253834293910468,1
7815_123_hotmail.com,32,101.40625,82.02849519183867,57.95,335.0,371288.0,0.05169854481971776,0.02957442063620256,0.05169854481971776,0
7815_123_none,367,96.37986376021799,128.6252746264648,58.0,1511.95,28189.0,0.042242646310906254,0.0032303913633385944,0.04042399840265415,0
7815_123_sbcglobal.net,31,69.66516129032257,43.532602826444375,57.95,209.95,335364.0,0.04684115676977369,-0.004969538193063519,0.05512978093175241,0
7815_123_yahoo.com,300,100.2219,83.81369332865603,77.0,664.0,25969.0,0.019926898554751084,0.0024543042604612837,0.02140838003623257,0
7815_181_gmail.com,181,97.47060773480665,86.1799923272868,59.0,750.0,69454.5,0.018069108621246263,0.011927724936317777,0.004419791342988446,1
7815_181_none,118,107.01237288135594,165.56164396380146,59.0,1436.0,79963.0,0.023569875570587786,0.004625336012924489,0.025453114741962556,1
7815_181_yahoo.com,119,157.1536974789916,304.08869614937095,57.95,1614.95,80260.5,0.01950064659038277,0.002598598624192535,0.019562891284980396,1
7815_203_gmail.com,39,130.04153846153844,115.21904702623232,92.0,554.0,209144.0,-0.002300698618259385,-0.005647699921314801,0.007372539518203575,1
7815_203_yahoo.com,48,41.73020833333333,27.919090204970214,35.95,141.0,259672.0,0.035034974786839555,0.023044298246149647,0.03434507114841693,0
7815_327_gmail.com,37,121.92702702702701,125.66584153619182,97.0,687.0,243297.0,0.005611264906668856,0.00894034138540823,0.03743937692257226,0
7815_327_yahoo.com,48,69.73333333333333,75.49812727625913,47.95,445.0,170783.0,0.03595766085033033,0.0015087397999148794,0.044294234046098814,0
7815_330_gmail.com,37,214.77675675675678,390.91822202834925,92.99,2190.5,354390.5,0.0010037411999841706,0.0074762350058882945,0.008529619323835828,0
7815_330_none,33,107.26818181818183,200.3863642378188,55.0,1104.0,340758.0,-0.0026368883289569767,-0.005561025409253288,0.01901125046295455,1
7826_126_gmail.com,56,148.49089285714285,133.1359380117714,83.225,554.0,119517.0,0.019966632232760732,-0.01075764183332938,0.04493290995301672,0
7826_126_yahoo.com,31,88.3664516129032,111.54425959545955,57.95,676.85,224051.0,0.013998735317307241,-0.004887194833605099,0.01826755762997087,0
7826_184_anonymous.com,35,126.11685714285714,75.43911761987482,107.95,439.47,349204.5,0.021862529103988247,0.00343873607312125,0.027838243730719074,0
7826_184_gmail.com,132,143.44840909090908,332.5829560717727,59.0,2681.97,77469.0,0.015645286103999755,-0.006506051765215943,0.01668698490642615,1
7826_184_none,74,45.545,40.06943754284555,25.0,226.0,159443.0,0.028794856907815306,-0.0037911859983140207,0.041544005583533605,1
7826_184_yahoo.com,113,95.89778761061947,80.32559653022933,59.0,445.0,88351.5,0.02860785743402085,-0.0003004256964048019,0.015697361409912115,1
7826_325_anonymous.com,46,199.3982608695652,220.27725919557506,117.0,1094.0,198563.0,0.017320403897984053,0.0030562629018453247,0.027665078948148583,1
7826_325_aol.com,199,110.00150753768844,138.40980835178766,54.0,994.0,46905.5,0.04591390458595056,0.0013921674565395212,0.04037751212596236,0
7826_325_gmail.com,407,115.89511056511057,111.58549714411512,87.0,1052.0,20699.5,0.01517550418159422,0.0028303745842481673,0.022577974673388394,1
7826_325_hotmail.com,68,111.68691176470588,131.68757913264162,56.475,554.0,164335.0,0.04683221556867169,-0.0017763523303909491,0.02493224745535879,0
7826_325_none,154,109.04344155844157,187.64466041167495,54.0,1651.0,63403.0,0.03720455299946329,-0.001689627150534969,0.03720455299946328,1
7826_325_yahoo.com,192,94.00276041666667,103.77297058555726,59.0,1104.0,59120.0,0.015602173257484288,0.008280804025205077,0.015564558327877183,0
7826_337_gmail.com,31,141.21032258064514,141.42829393619368,108.95,632.0,480819.0,0.0035411795414927658,0.0011468850218273874,0.01302869967829505,0
7826_387_aol.com,52,240.7498076923077,513.9704751565554,100.0,2749.69,185260.0,0.002280228320590681,0.009224413845551505,0.04912073825042428,0
7826_387_gmail.com,252,133.66801587301586,174.43384778081,100.0,1651.0,36580.0,0.03146329487698868,0.008592480534200914,0.05599968375786697,1
7826_387_hotmail.com,39,166.64333333333332,158.33610391098236,107.95,664.0,180881.5,-0.0008096106858959534,-0.02998376426903522,0.0194368473425457,0
7826_387_none,120,135.49491666666668,172.4133808322111,97.0,1630.01,84199.0,0.004816806344934237,0.0038143698315659495,0.027754233991728407,1
7826_387_yahoo.com,260,142.8849230769231,215.0846065701951,100.0,2079.95,46518.0,0.013334559506958183,0.012060990810383771,0.019819280850874827,1
7826_494_gmail.com,94,97.83478723404261,124.3969767431149,57.95,812.91,94286.0,0.038508229517823546,0.007886395351039844,0.04323636190553041,0
7826_494_none,41,83.37560975609755,45.29095521876523,67.95,250.0,247994.0,0.024820755163316943,0.008294896853666474,0.013980646762232929,0
7826_494_yahoo.com,41,84.87634146341465,43.67057388219756,100.0,226.0,225276.5,0.03009615100792569,0.0031562748876358612,0.0336234701445515,0
7835_472_gmail.com,147,158.05625850340135,208.6443374891188,100.0,1849.97,53751.5,0.01669417624978605,-0.004093230434191143,0.03696663473339163,0
7835_472_none,77,79.62844155844155,76.83988748859261,57.95,445.0,164483.0,0.031716793803690864,0.004157938456943736,0.03375845044191467,1
7835_472_yahoo.com,138,152.60775362318842,133.65399001845154,106.95,652.0,77866.0,0.044476477628403864,0.008032918149873634,0.03281072185567253,0
7861_123_gmail.com,35,172.25857142857143,178.29224249036997,108.5,894.95,336647.5,-0.0024560014227213572,-0.0013082480517423167,0.028105389401297594,0
7861_126_gmail.com,30,267.49699999999996,359.1362781187665,100.0,1164.95,152714.0,0.030609876273671545,-0.006400924629161538,0.007146602340996795,0
7861_181_yahoo.com,32,177.8934375,187.7643930836158,103.975,834.0,226715.0,0.023518106376651172,-0.00890634126830537,0.017821197776528658,0
7861_191_gmail.com,37,156.19783783783785,183.50389736099996,59.0,724.0,252795.5,0.01740067768018832,0.012498801629153622,0.01947466097137472,0
7861_204_gmail.com,126,129.07198412698415,136.63636820953568,97.0,834.0,86210.0,0.029661200972408396,-0.0013355105872768468,0.04314742440241357,0
7861_204_none,65,140.03215384615385,117.173386128845,107.95,422.2,168640.0,0.018780529086620756,-0.007053726967330767,0.0021002483329096225,0
7861_204_yahoo.com,79,172.4507594936709,141.98522755904148,117.0,571.95,114325.0,0.004899131985893156,-0.0014154276043966407,0.019350358816361064,0
7861_225_none,35,79.57514285714286,120.14982673720172,49.0,761.73,235338.5,0.0466550340842846,0.00823176457302148,0.048042616689070304,1
7861_264_gmail.com,68,143.53338235294117,144.4228962376719,92.0,666.56,147573.0,-0.0023099386459235344,0.006872106787468975,0.0007732391138238412,0
7861_264_yahoo.com,30,116.624,120.18630153779311,57.95,471.59,371290.0,0.036151817742182644,-0.015129381362421295,0.01133531006944772,1
7861_272_gmail.com,36,141.0125,130.91444639269403,107.95,779.95,174767.0,-0.0008467241028357331,-0.0011105608820270244,0.01503018697916643,0
7861_299_gmail.com,100,177.40290000000002,167.95431007446638,110.745,977.47,76623.0,0.032556706208191996,0.002270137726682435,0.018804367043989082,1
7861_299_none,34,170.72117647058826,148.19038106365875,109.5,572.47,160510.0,0.023416171403299706,-0.006652126970294464,0.014890258656897741,1
7861_299_yahoo.com,64,372.141875,388.1053337484354,198.975,1264.95,182807.0,0.012505480531964777,-0.015258695175978776,0.007812950639509542,0
7861_315_gmail.com,55,98.70854545454544,87.92198995634877,59.0,411.28,215814.0,0.0034021069978233537,-0.0017561290906468706,0.004735645242037921,0
7861_315_yahoo.com,36,148.8636111111111,208.93082909253292,77.95,1104.0,191888.0,0.0006731480150099292,-0.0012311619867348203,0.036107319021786675,1
7861_325_aol.com,34,184.82264705882355,234.63414497905435,110.745,1204.21,389161.0,0.025243385989065094,0.015071524471747547,0.027962154081734338,0
7861_325_gmail.com,113,129.45353982300884,137.6831560505352,82.95,944.95,85587.0,0.027202396280757154,0.007870164468129336,0.01650518895156969,1
7861_325_none,59,117.32694915254237,119.97382344797646,87.0,747.67,198579.0,0.03200076821813724,-0.005061875409617597,0.047874347138124926,1
7861_325_yahoo.com,66,194.89848484848486,231.51164774835598,107.71000000000001,1142.76,179019.0,0.01753390058383475,-0.0012113688537961492,0.006015648073044645,0
7861_330_gmail.com,61,148.6059016393443,122.12165364815863,108.95,644.95,146330.5,0.01584108284932546,-0.0071328794647123606,0.029512263522353702,0
7861_330_none,38,50.655,50.61019300028716,29.5,226.0,299377.0,0.03315252821545544,-0.009687985018679918,0.0605880126839694,1
7861_441_gmail.com,42,122.50285714285717,158.33141911051965,58.475,839.95,202802.0,0.03222237411126908,-0.0036151856927948006,0.02666422036829199,0
7861_441_yahoo.com,41,105.51097560975609,64.70855346653263,97.0,335.0,230359.0,0.01854472153295257,0.01628587622838429,0.0024292172872598244,0
7861_472_gmail.com,34,104.41499999999999,78.122658731977,76.0,335.0,181517.0,0.01657288122296166,-0.00995180920260235,0.01657288122296166,1
7894_492_gmail.com,44,82.45227272727273,25.46691470977022,83.75,146.0,151025.0,0.06913797973090119,-0.007556495652820083,0.06683347094715428,0
7900_143_gmail.com,81,98.43851851851853,66.225926986435,72.95,261.95,115006.0,0.02441483559392952,-0.0024801447235950624,0.018927867143998106,1
7900_143_yahoo.com,77,101.64480519480517,195.86219682328328,48.95,1023.36,144648.5,0.050762060094978884,0.008893899757685557,0.047876057208976,0
7919_110_gmail.com,41,91.49731707317073,58.63696050021985,83.51,213.91,83054.5,0.014262078996744317,-0.0067474924119819285,0.016651986469036366,0
7919_110_none,35,82.77971428571428,73.57549830851939,57.95,337.45,230370.5,0.0340772224905797,7.544401954305557e-05,0.027354524418897845,0
7919_123_gmail.com,253,92.78201581027668,106.27314803453274,59.0,687.0,13685.0,0.03350296876109937,-0.005459624864558532,0.03627621480971065,1
7919_123_none,177,110.09621468926554,121.58215450760432,59.0,664.0,26002.0,0.025821408618858913,-0.00017267482766391423,0.047040396906066075,0
7919_123_yahoo.com,85,106.98223529411767,111.03641837519659,59.0,664.0,73888.0,0.022424156739350862,-0.004580894383726834,0.02088807927153805,1
7919_126_gmail.com,162,98.09981481481482,93.88846502515909,59.0,554.0,56543.0,0.029823674937480078,-0.0020053583510641904,0.02535441102665879,1
7919_126_none,95,80.38442105263158,109.62558452550917,54.5,1022.47,85175.0,0.042742433228500305,-0.002855099961576464,0.04129613616891103,0
7919_126_yahoo.com,57,175.70122807017546,258.0707290448103,77.0,1104.0,79541.0,0.010770068716418987,-0.004541228671070631,0.027082088174723275,0
7919_143_gmail.com,196,110.50877551020409,129.50729482066225,57.95,700.0,20802.0,0.027387383127745663,-0.0008168488063433794,0.030241856002115437,1
7919_143_none,181,96.04392265193371,79.01504388947649,67.95,486.95,38623.5,0.025686448613509487,0.0009631583910774087,0.02441009925149943,0
7919_143_yahoo.com,37,116.24027027027026,103.1779724943026,87.95,500.0,73024.0,0.01286894500159489,-0.008953762904666505,0.02007384698242449,0
7919_158_none,39,106.0428205128205,72.74483891988905,82.95,312.33,168775.5,-0.00033657951036753647,0.016367236627929695,0.004596203054569897,0
7919_177_gmail.com,48,97.94520833333333,113.1182642375813,56.225,664.0,131765.0,0.045203306022545124,-0.0018069562947303774,0.03032624166018664,0
7919_177_none,43,116.44348837209301,78.06564226203963,107.95,332.15,187115.5,0.01734297290401387,-0.005867028006258351,0.0030673296001453437,0
7919_177_yahoo.com,37,73.77756756756756,59.28725542851039,57.95,335.0,145373.0,0.03208585899443651,-0.011672530997335749,0.037869265761949954,0
7919_181_gmail.com,229,104.03192139737992,131.19165808757333,59.0,1104.0,10378.0,0.04225587276848729,0.00724151486232991,0.036433456465721645,0
7919_181_none,226,106.34070796460178,107.62610807476871,59.0,664.0,16174.0,0.019620416318228605,0.0018244018553550852,0.016670563810853974,0
7919_181_yahoo.com,100,109.727,122.00292581327712,59.0,749.0,45586.0,0.05613254155389896,0.011837208773947547,0.0516880971094545,0
7919_184_gmail.com,161,85.9357142857143,91.61342694124244,57.95,644.95,12207.5,0.05411336298839285,-0.007263922487345418,0.05801133257261419,1
7919_184_none,86,87.35348837209303,135.80826938009818,49.0,924.57,73236.0,0.031356663043330346,0.0006999139121668628,0.027019630895459317,0
7919_184_yahoo.com,102,68.32950980392157,121.8716976536201,34.0,1121.51,68978.0,0.018497549477842715,0.012129946235770867,0.03522776306853806,1
7919_191_gmail.com,233,99.35570815450644,128.32142881183046,59.0,884.0,11280.0,0.04057665935212316,0.00164755092890536,0.04439163312417847,1
7919_191_none,151,80.84781456953642,68.29794141249177,59.0,664.0,24022.5,0.03620279149370769,0.001474429316442965,0.039081920490310104,0
7919_191_yahoo.com,84,241.87404761904764,296.05403858047146,108.5,1112.0,46887.0,0.010768200882100773,0.004529684453622954,0.010469929047053766,0
7919_203_gmail.com,62,111.12822580645161,120.37331100244333,59.0,749.0,46304.0,0.033342830893000525,0.007630889193360819,0.02803358676241565,0
7919_203_none,35,69.31571428571426,100.37713012963275,44.5,554.0,227704.5,0.014061536162190594,0.013063044071132353,0.013415073681570147,1
7919_204_gmail.com,455,99.46197802197803,115.94979041837658,59.0,1174.0,9754.0,0.03561675416733436,0.0070492634235108514,0.03708195563253583,0
7919_204_none,248,104.21032258064515,132.38523680565552,57.95,1275.93,19980.0,0.04157300569979931,0.0033373957211150253,0.0397808910044588,0
7919_204_yahoo.com,139,102.82151079136692,87.60722724788654,77.0,514.0,27308.5,0.015467856439438238,0.005440172230746224,0.0065587677399212875,0
7919_205_gmail.com,102,103.77941176470591,122.92415807671685,60.975,670.0,42502.0,0.02331067143473742,0.01600591048811836,0.014596074484846355,0
7919_205_none,73,108.29602739726027,83.87554870473157,97.0,445.0,85846.5,0.014374860479707183,0.0034855644834526113,0.009905246241297235,1
7919_220_gmail.com,85,91.61141176470589,94.15707653456712,59.0,554.0,58554.5,0.036116577930683666,-0.009610603653401804,0.03107650414169825,0
7919_220_none,55,86.54036363636364,88.958470268969,59.0,604.0,114643.5,0.00017657660953891707,0.007067830373454591,0.018660073754602664,0
7919_220_yahoo.com,47,131.92,167.18621583718394,59.0,679.72,72222.0,0.0007099681072230274,-0.0010123385494880469,0.025237438302179276,0
7919_225_gmail.com,62,97.17080645161289,64.06589922024058,91.475,335.0,83533.0,0.025929357708232577,-0.01161796547722788,0.03520204554377766,1
7919_226_gmail.com,41,76.2670731707317,55.06719909187242,50.95,226.0,107992.5,0.021927382313645126,-0.01146467337530458,0.021255605148266687,1
7919_231_gmail.com,77,87.24246753246754,77.30031471443208,57.95,527.0,44972.5,0.01767294056458385,0.01659810739332214,0.028560525318826295,1
7919_231_none,78,72.70474358974359,46.73335452259182,57.95,280.0,25181.0,0.027601416429747092,-0.0012564301346584435,0.04155423871722151,1
7919_251_gmail.com,79,70.86493670886075,60.268066420445955,54.5,445.0,68703.0,0.030331056805423733,0.012356555465089177,0.03185092892326938,0
7919_251_none,58,87.22672413793103,88.90050483522793,59.0,405.0,60336.0,0.06904226379779235,0.0011741789032522557,0.06955779475047211,0
7919_264_gmail.com,409,99.29264058679708,103.12088832610112,59.0,1011.95,9796.5,0.025903960467306253,-0.00020801083706273836,0.025903960467306253,0
7919_264_none,243,79.3829218106996,63.1978516664058,57.95,335.0,27445.0,0.025869010685334336,-0.0019582487669336165,0.029226217584544648,0
7919_264_yahoo.com,129,99.92573643410853,105.83964864103463,59.0,739.35,39903.5,0.014225644371376099,-0.002110119341400391,0.019393603027706853,1
7919_269_gmail.com,124,80.70483870967743,71.62676337393445,57.95,554.0,38447.0,0.027517461833523344,0.0003295103387097355,0.024547771481328497,1
7919_269_none,155,75.22858064516129,61.902430015762704,50.0,311.95,22224.0,0.04328393256243658,-0.005330329001731542,0.04328393256243655,0
7919_269_yahoo.com,49,123.76816326530611,232.6450016978524,59.0,1650.99,134659.0,0.012908777388618335,-0.005788109313359616,0.027827983815068215,1
7919_272_gmail.com,325,104.66436923076922,122.94858276651438,59.0,919.0,9428.0,0.025600315059535705,0.006105282481183073,0.022181511640732284,0
7919_272_none,138,80.82188405797103,71.07396726324824,59.0,335.0,31546.0,0.033688383827572964,-0.001218967219108781,0.03840176861754433,0
7919_272_yahoo.com,78,103.2873076923077,144.048945115559,58.475,745.0,29198.0,0.0302884620775437,0.002525610603363662,0.030288462077543713,0
7919_299_gmail.com,509,109.89691552062868,110.38560522895638,77.0,774.0,8615.0,0.01225101431159261,0.0007771947177322557,0.012946852309245818,1
7919_299_none,306,110.35539215686275,120.78893408231417,63.95,994.0,16183.0,0.020519173631688287,0.0077048624006541035,0.01713902549772658,1
7919_299_yahoo.com,170,132.33635294117647,151.70426470679186,87.0,1100.0,21627.0,0.028013049963541006,-0.008771499678302451,0.044281599241630484,0
7919_308_gmail.com,69,51.90565217391304,39.38995235226617,39.0,213.0,91033.0,0.04898527682481914,-0.0050559511881523855,0.059610556722479766,0
7919_310_gmail.com,71,125.80605633802821,149.22655699039663,77.0,759.0,133912.0,0.02165262690498423,0.0020019911352051195,0.03604380839488168,1
7919_310_none,55,93.98218181818179,103.73829386210997,57.95,484.95,106057.5,0.014250669616257566,-0.012173442063596364,0.02090916370013384,1
7919_315_gmail.com,361,109.81033240997229,156.28195983001544,57.95,1516.0,9124.0,0.034321874177581355,0.0020380528607629247,0.03221933790376945,1
7919_315_none,178,93.22168539325844,126.28825875514572,59.0,1490.95,22134.0,0.02761570273294011,0.00690229120063407,0.030528878464756472,0
7919_315_yahoo.com,110,100.18400000000005,94.07485223045433,59.0,457.95,42548.0,0.03562617963460947,0.010650721113875636,0.03764638165481149,0
7919_324_gmail.com,32,34.4453125,31.215138953756778,25.95,159.95,85429.0,0.018822987337042733,-0.004308090338772538,0.033672823525312305,0
7919_325_aol.com,52,148.4775,155.2070952094826,83.5,687.0,106952.0,0.020044097854331804,0.015236448052740485,0.04989204126099971,0
7919_325_gmail.com,656,102.06565548780489,113.48205972374447,59.0,947.0,5496.0,0.023324979131001122,0.0014003192754957986,0.023663732518534986,0
7919_325_none,297,86.9395622895623,109.27997181802873,57.95,994.95,18244.5,0.045923134342724325,0.0008760019349414363,0.04966865032908102,0
7919_325_yahoo.com,202,126.4261881188119,135.40885909207742,70.485,714.0,20728.0,0.023244602209364404,0.007161684435123116,0.04277331354969865,1
7919_327_gmail.com,191,113.93356020942409,119.60533651306469,64.0,664.0,12579.5,0.028796720813611267,-0.0015139745477574223,0.02447982151552057,0
7919_327_none,117,111.60017094017095,108.0087087655507,59.0,644.95,21942.5,0.021925192508034767,-0.0063245176750297664,0.018769392929578164,0
7919_327_yahoo.com,31,125.74516129032256,206.78791198013246,54.0,1206.0,167305.0,0.009229637986356842,0.007146602340996795,0.015747467770964287,0
7919_330_gmail.com,328,91.79365853658537,102.0745248701593,59.0,884.0,8694.0,0.03999041451547537,0.008534986815235863,0.03783559091378157,1
7919_330_none,142,103.19507042253521,116.3818995216294,59.0,793.04,50823.0,0.014219840380070965,-0.005224717321842674,0.01381647824724215,1
7919_330_yahoo.com,81,89.67222222222223,60.769885735828716,59.0,331.95,77432.5,0.01859854570292184,-0.003395696424911679,0.0441321079204818,0
7919_337_gmail.com,186,120.80327956989247,144.4136705972584,60.475,1224.0,25614.0,0.02298403496583027,0.00406325457928464,0.041160071512598845,0
7919_337_none,171,87.29789473684211,83.01087288193335,59.0,507.47,37058.5,0.02546641600413971,0.002529988424743928,0.031975467310823805,0
7919_337_yahoo.com,57,100.70947368421052,54.7868380409931,77.0,209.95,90269.0,0.017283526674861216,-0.004569756648117568,0.028261955559636863,0
7919_387_gmail.com,156,84.9922435897436,91.05825368871348,54.25,656.47,47241.0,0.02901581787009749,0.012230671877250774,0.04310181317329591,1
7919_387_none,68,116.80808823529412,159.33987043292225,59.0,1092.1,49928.0,0.010604388856540206,-0.013028390724968825,0.010212751015373153,1
7919_387_yahoo.com,59,70.07033898305085,55.98461889150861,49.0,226.0,90213.0,0.023687812781501522,0.011589716726324334,0.022813350179878723,0
7919_420_gmail.com,48,111.49666666666667,103.64630933559037,79.975,447.74,168447.0,0.005671835481237293,0.009043676844021097,0.0019240496539650875,0
7919_433_gmail.com,127,110.04267716535436,120.45608310993315,57.95,604.95,29226.0,0.03201558486004022,0.007872765579943465,0.024233237701450146,0
7919_433_none,147,117.75857142857144,96.31522262967616,97.0,614.0,21370.5,0.015735373886904797,0.009532071522455214,0.022031218813869026,1
7919_433_yahoo.com,67,92.7634328358209,81.08659392946105,59.0,429.0,107418.0,0.04477333068124857,-0.006871451255330185,0.019323041156870467,0
7919_436_gmail.com,50,92.0482,85.67349052513268,59.0,404.95,80080.0,0.01143054554194739,-0.006503434366030417,0.013668454092558721,0
7919_436_none,45,77.62333333333332,84.82544992840036,59.0,554.0,98953.0,0.044053119742004127,-0.013907288726231024,0.03782451449750557,0
7919_441_gmail.com,239,92.95878661087868,120.22910224467769,56.5,818.69,12952.0,0.04038008562050455,0.0016720687629309845,0.044039553330671714,1
7919_441_none,115,182.67973913043477,264.7549486385998,87.0,1323.11,54086.0,0.0010669273324483593,-0.0002133693086570146,0.01962197735169274,0
7919_441_yahoo.com,79,90.91101265822785,72.59779700941408,59.0,335.0,100001.0,0.0378019176426571,-0.0026431077647024494,0.03304982489809298,0
7919_444_gmail.com,39,82.36717948717948,78.39086082749364,59.0,500.0,130833.0,0.03733250764401375,-0.017239660742253474,0.04322577859482175,0
7919_469_gmail.com,41,71.32926829268291,36.59417515892612,57.95,146.0,107982.0,0.011798594986450209,-0.0042576122446418355,0.021400263504199935,1
7919_472_gmail.com,155,116.72135483870969,128.81025166112795,92.0,1113.68,24703.0,0.019820844140520447,-0.0006215958750786371,0.02361990583245864,0
7919_472_none,72,100.33,100.85455946009029,59.0,730.71,69205.0,0.022953997239550824,0.007569608123675613,0.01986757748646441,0
7919_476_gmail.com,113,85.87309734513275,72.20331214768973,59.0,527.0,33310.5,0.0403362159658035,-0.0013949472217714039,0.047297968502632404,0
7919_476_none,61,111.16196721311475,119.39648257745192,59.0,554.0,64542.5,0.01281719939247623,-0.007764428055330307,0.012817199392476223,0
7919_476_yahoo.com,30,100.04633333333335,96.3451141637303,59.0,507.0,155437.0,0.013034137630558558,-3.910171896950865e-06,0.020441545037965962,0
7919_485_gmail.com,117,81.53777777777782,57.74162146807606,59.0,335.0,28596.5,0.021394592961541895,0.004773898504118575,0.02990199655353194,0
7919_485_none,151,75.42781456953641,66.55681560269326,57.95,511.95,28247.0,0.020078629384522477,-0.005673492728636972,0.036629874768025136,0
7919_485_yahoo.com,52,111.535,93.99584633826196,101.985,445.0,132447.0,0.02169264871711775,0.0032467425295458416,0.03286461067484462,0
7919_494_gmail.com,89,107.481797752809,99.66812339703797,77.95,491.95,19280.0,0.004463391064111883,0.008843685762267392,0.0036447195434018316,0
7919_494_none,59,91.45033898305084,72.35910920285608,57.95,311.95,60656.5,0.02386106042995902,-0.009837533353224476,0.014944889813155473,1
7919_494_yahoo.com,39,92.52871794871793,65.82481533389183,63.95,360.0,171779.5,0.0174545181974625,0.006250878198129042,0.010294208752575591,0
7919_498_gmail.com,86,90.75837209302325,92.00852869796296,59.0,474.95,57517.0,0.031068755103026435,0.01024576683520698,0.027883354716371083,0
7919_498_none,37,81.11054054054053,48.17798476403961,59.0,226.0,54776.0,0.02007384698242449,0.004376201165757418,0.01671029408827241,1
7919_512_gmail.com,91,102.2634065934066,110.52667574405957,59.0,664.0,54168.5,0.023897487758187397,0.0007650132771617781,0.023897487758187397,0
7919_512_none,76,55.90684210526316,37.96104978203338,44.485,226.0,77488.0,0.031877832420969435,0.005532093017960798,0.039245657755189345,0
7949_-1_gmail.com,96,34.6536875,26.20982605949552,24.808500000000002,154.262,78944.0,0.007747514041649615,-0.0031483082755334214,0.013286215647725568,1
7949_-1_hotmail.com,77,41.98677922077922,32.68255208669159,33.714,203.467,113235.5,0.027767518272335125,0.00019346783392069217,0.027777067812483847,1
7951_315_att.net,33,39.89393939393939,14.242891675114791,35.0,77.0,24901.5,0.04996251604031899,-0.00423244322703769,0.05750083848314178,0
7969_476_gmail.com,35,189.77342857142852,113.57080411903799,189.95,511.95,174073.0,0.03957896266372377,0.021303659997858083,0.03559709460842534,0
7987_498_gmail.com,31,209.63193548387096,236.55699236117198,107.95,811.95,514020.5,0.0656676368025382,0.012514112232356558,0.07706504611521611,0
8058_330_none,63,110.4857142857143,146.6718590608396,60.0,1052.0,174974.5,0.013000851557706007,-0.004549792252090651,0.005160961207847023,1
8058_330_yahoo.com,74,216.76851351351354,107.86557077492877,198.5,664.0,101826.0,0.04307273525912404,0.012204852466402991,0.04959327869034377,0
8109_384_none,48,101.91812499999999,31.956759239129806,107.95,169.95,3205.0,0.08336013553738247,-0.0007037995171686948,0.08336013553738247,0
8113_225_gmail.com,87,89.28126436781609,97.78252719600856,57.95,554.0,96835.5,0.03055754382972617,0.013013697118320847,0.01539636300796373,1
8117_204_gmail.com,122,139.79459016393446,194.30528788121677,103.96000000000001,1707.95,68791.0,0.01899255770015747,0.007960634432405467,0.016229595231656766,0
8117_204_yahoo.com,33,118.13878787878788,107.33952145038391,100.0,445.0,369969.5,8.187976371227396e-05,0.0026847730433178438,0.05420291537301004,1
8117_315_gmail.com,70,97.42671428571428,226.93920425474198,51.0,1925.95,91920.0,0.013017788546972983,0.007623817400299271,0.006668582197766629,0
8117_315_yahoo.com,47,92.16106382978721,53.01752653740894,70.95,184.95,193837.0,0.010157198917774814,-0.003731106642157287,0.008752465258245017,0
8135_299_gmail.com,41,244.5026829268293,185.22766231835854,201.0,619.29,166479.0,0.009751604059159383,-0.003745380045805706,0.006003964809751426,1
8135_325_gmail.com,32,148.5778125,90.15736976720119,171.0,361.69,190901.0,0.018822987337042733,0.00865930908457363,0.019811162810512324,0
8135_325_none,88,110.52443181818181,115.52404634433508,92.0,854.95,23005.0,0.04542259596418844,0.007756164591713834,0.04409549011323272,1
8140_123_outlook.com,42,388.39285714285717,237.5832319248072,335.0,1651.0,346475.0,0.05359713015742903,0.015026999903768136,0.0690564666841399,0
8218_269_gmail.com,32,110.9671875,96.26867806542708,87.0,433.0,267094.0,-0.01050189073266962,0.01816732164432567,-0.014222448385852925,0
8225_264_yahoo.com,36,147.62499999999997,163.85231043873355,107.95,742.28,351200.0,0.015494446639042696,0.01364590237562368,0.0628930309107035,0
8287_203_none,47,18.147872340425533,7.075090838051604,15.0,30.95,184408.0,0.07243072561551771,-0.008077976610460006,0.08732718923893017,0
8315_325_gmail.com,52,96.88365384615385,99.04808453529502,49.0,554.0,163679.0,0.07132614913638308,-0.012276781709499935,0.0671192313707408,0
8317_325_gmail.com,48,130.65208333333334,345.25367348973964,49.0,2427.9,16090.0,0.06836506825773772,-0.00734289433999101,0.05355349330535807,0
8320_143_gmail.com,54,89.85222222222221,61.98762512901912,65.95,311.95,195614.0,0.010340568184454897,0.019616798044070932,0.004797976162987598,0
8320_181_gmail.com,31,113.79645161290323,154.80164735199955,57.95,664.0,277974.0,0.011978588181174837,0.002520212573802312,0.0092598200885056,0
8320_184_gmail.com,43,79.57976744186047,47.84402203130463,77.0,335.0,140764.5,0.061212433622229404,-0.0068046279597516225,0.07099419409000884,0
8320_191_gmail.com,69,74.77043478260867,82.8016400179733,36.95,554.0,171228.0,0.026925041317063914,-0.012456224233385618,0.039305645158525415,0
8320_204_gmail.com,104,71.58000000000001,67.87298209211765,49.0,445.0,96723.0,0.01172323680955158,0.006529147931512731,0.016049713503873405,0
8320_205_gmail.com,47,86.31021276595743,66.28945095914861,70.95,312.95,216773.5,0.033193230220801284,-0.01204941408756284,0.012172934515014104,0
8320_205_none,30,102.0883333333333,120.73475520283665,63.45,549.0,406573.0,0.02874441033477524,-0.009052767904876795,0.02874441033477524,0
8320_205_yahoo.com,39,103.35512820512817,62.452631069856984,100.0,304.95,86912.0,0.021690220148586986,-0.0055437543095049335,0.010322992938057808,0
8320_264_gmail.com,144,115.19805555555556,105.62025948782124,91.475,737.0,60169.0,0.016304022405293543,0.007894668486459026,0.01386535463934846,1
8320_264_none,45,106.70888888888886,82.65423178578799,82.95,424.95,185238.5,0.016934781650472568,0.013863307357761132,0.029051572737489095,0
8320_264_yahoo.com,64,232.0859375,499.7429570123986,96.45,2681.0,149959.0,-0.006572609111301517,0.0014267846740243367,8.782389142321032e-05,0
8320_272_gmail.com,80,122.446875,232.4576860774545,56.75,1558.99,138543.0,0.05299306747250208,0.006679456467417726,0.04627556370351727,0
8320_272_yahoo.com,40,119.8185,235.7923297050818,57.95,1511.95,324552.0,-0.008385383900044653,0.004596203054569897,0.02209754788335791,0
8320_299_gmail.com,94,85.70648936170214,63.52404963756852,59.95,305.71,90482.0,0.005996534178329432,-0.010900027389618299,0.002516461583746101,0
8320_299_yahoo.com,44,181.30363636363634,272.63925530310456,100.0,1602.95,237018.0,-0.016351606029743608,0.01751055898096978,0.009175370011938307,0
8320_315_gmail.com,54,107.63018518518517,111.6662610853454,67.95,703.95,263012.0,0.0012241701415681844,0.023435118172073825,-0.003933476867286973,0
8320_315_none,36,104.8861111111111,122.21975461524163,57.95,632.0,275072.0,0.06707590538289268,-0.004797396255466338,0.043362999160017825,0
8320_330_gmail.com,35,89.64714285714285,79.69160821823188,59.0,464.95,170634.0,0.028994997641451282,-0.0010229512320660758,0.02072003024606684,1
8320_387_gmail.com,33,99.79363636363637,114.63827032514273,57.95,634.85,381143.0,0.0022435547626332222,0.01677076834651626,-0.004490451971373509,0
8320_433_gmail.com,39,98.05435897435896,128.11176292186465,47.0,632.0,215253.5,0.01604978282154574,-0.006129561566597441,0.01826673555320433,0
8320_441_gmail.com,54,75.37166666666664,67.54358627747139,52.475,360.0,112233.0,0.029926365673466307,0.009448466808365336,0.03473948763036102,1
8320_444_gmail.com,30,48.68,21.128521797166346,47.95,98.95,342429.0,0.03536074868302256,-0.015348297966329336,0.029306575015675344,0
8320_444_none,33,47.74545454545455,25.510325787082483,35.95,147.95,164090.5,0.04797255100633533,-0.020670221968375205,0.05669652277432571,0
8320_444_yahoo.com,49,47.84836734693877,17.319355852062234,50.0,92.0,154335.0,0.05413841736309258,0.007673471761395025,0.05141964927042332,0
8320_476_gmail.com,74,97.35621621621623,81.87973928025112,59.0,350.0,94627.0,0.025791853904812315,-0.0015148474001204816,0.021175472640382862,1
8320_485_gmail.com,51,74.01745098039214,71.68885777299438,35.95,261.95,139227.5,0.0265031745400552,-0.003845035003010599,0.040010799989846475,0
8320_498_gmail.com,32,140.0475,167.8959979607912,59.0,804.95,494990.0,0.028275479372802427,0.011578881443945865,0.03740699526554007,0
8335_191_gmail.com,36,107.62055555555555,67.94779642181375,104.5,226.0,138686.0,0.012040375225539093,-0.009947706629849097,0.023187158263061176,0
8378_205_gmail.com,33,97.26242424242423,76.474538921225,77.0,427.5,232133.0,0.03471645158001945,-0.0035574462882251787,0.03471645158001945,0
8378_310_gmail.com,39,73.57051282051279,57.409191078170004,48.95,340.95,514857.5,0.07154932601753017,0.040522837091948254,0.05962271507502589,0
8394_325_aol.com,105,136.0097142857143,128.5032213600825,105.0,1104.0,84822.5,0.00532255748181458,-0.003749457595768474,0.013565116781197834,1
8394_325_gmail.com,179,177.6445810055866,352.83257019310196,92.0,2763.95,59317.5,0.020294064969524173,0.007161360116114186,0.01890827491631109,1
8394_325_hotmail.com,30,175.10399999999998,263.8453084618586,58.45,994.0,410861.0,0.04745679540516815,-0.0068495307648873335,0.020588089603836686,0
8394_325_none,36,136.65277777777774,94.40552077815714,113.0,390.0,342598.0,0.02740309416560103,0.01594515514427726,0.035240398696621635,0
8394_325_yahoo.com,64,119.11265625000001,115.14700016775008,90.485,774.0,150797.0,-0.0026173301142015867,-0.0016635207008585048,0.040739086910531366,0
8397_126_gmail.com,35,98.21628571428572,120.25420498940008,59.0,507.95,313649.5,0.021446895317421333,-0.00615316122495551,0.024165663410090583,0
8404_-1_gmail.com,38,42.841973684210515,28.361232461979952,34.319,150.083,99373.0,-0.004456507025688498,0.0018711252399595535,0.010571256217460363,1
8406_264_gmail.com,60,120.95383333333334,158.7040508314314,69.0,744.95,136176.0,0.01193289262609706,-0.002839791650511899,0.026770411748886936,1
8406_272_gmail.com,59,149.7093220338983,192.44477074210423,83.0,904.95,162420.5,0.018790230646208984,-0.008511611715366844,0.013530473161486718,0
8406_299_gmail.com,32,251.3165625,354.04261224471077,100.0,1313.82,335220.0,-0.01119050175852659,-0.015675317549301723,-0.013712163436886308,0
8406_325_none,68,107.02941176470588,77.6712473464915,83.5,390.0,96733.0,0.04607616806042651,-0.0016861584275033176,0.04487727208560292,0
8406_441_gmail.com,38,331.45368421052626,676.9007083426989,98.5,3081.97,170211.0,0.014614927820477248,0.001679242191849263,0.029314011841406758,1
8414_315_gmail.com,51,91.12333333333333,77.11075741099118,59.0,335.0,230532.0,0.013515574488465902,0.011454404453126898,0.024447071674040408,0
8414_315_none,31,248.48483870967735,597.0304584971867,97.0,2516.14,358069.0,0.007709765868511187,0.0030324447726384485,0.030114567435837063,0
8414_315_yahoo.com,73,94.74438356164384,63.387495287845056,77.0,405.0,159588.5,0.021738170573214328,0.007577664212444445,0.03215134389414123,0
8431_251_gmail.com,40,143.69025000000002,241.52557912659583,59.0,1464.95,234460.0,0.04067183622454982,-0.004778120862585208,0.04488195123941106,0
8431_251_yahoo.com,33,73.61666666666666,56.60473888859893,59.0,335.0,388721.0,0.028598667559021525,0.021528141342667513,0.014453542636562601,0
8431_269_gmail.com,49,70.8704081632653,53.50791804687371,57.95,280.0,91750.0,0.05826025131152082,0.011886826638691401,0.06885041821394697,0
8431_387_gmail.com,41,144.1719512195122,99.92234304746452,117.0,524.95,214978.5,0.026867746090607755,-0.0010538401272253833,0.03171325309583879,0
8431_433_gmail.com,60,103.11349999999999,87.0804068629486,57.95,335.0,242588.0,0.03171516716304318,0.02257231034914064,0.03171516716304318,0
8431_433_yahoo.com,47,106.60191489361702,111.3407276067152,66.95,445.0,165675.0,0.021015534690058083,0.009056255519294211,0.0027956723384685855,0
8431_476_gmail.com,71,120.68295774647888,212.21905179500934,59.0,1611.0,110598.0,0.028248769662521152,0.0010202946773585388,0.043088386394318834,0
8431_476_yahoo.com,31,115.84064516129033,182.51880177007456,57.95,1064.0,189515.5,0.02594598110881862,0.01116867169166224,0.01160906354609461,0
8432_330_aol.com,32,78.125,27.78910532924729,77.0,117.0,176396.0,0.03739338117849562,-0.008506858767939711,0.061674935891488515,0
8452_110_gmail.com,39,69.835641025641,49.131725757102586,58.95,310.25,247978.0,0.029409913325448976,-0.0024963069946163374,0.03358804690560902,0
8468_272_yahoo.com,38,113.78947368421052,66.57412089849329,117.0,335.0,333705.0,0.052831832242427886,-0.002238421875643576,0.059008464681021534,0
8474_325_gmail.com,34,295.614705882353,260.22045278656117,213.0,994.0,334488.0,7.544401954306251e-05,-0.011036365709573004,0.030343756956885036,0
8519_272_gmail.com,33,49.971818181818186,28.503436630071782,35.95,139.95,346927.5,0.046775414153687904,-0.0074485324099338585,0.04145045831402617,0
8528_191_gmail.com,33,90.0621212121212,75.03662139279669,57.95,311.95,357997.0,0.0204203013572996,0.002398822682749664,0.022692797579721168,1
8528_191_none,55,99.06636363636363,69.87503134137886,72.95,311.95,167847.5,0.02031770807012246,-0.0004236397154576549,0.02165124631433702,0
8528_191_yahoo.com,49,75.74795918367346,44.90089535853749,59.0,209.95,171706.0,0.009505286288686,0.01633296394105596,0.01476729875233073,0
8528_251_gmail.com,135,117.27733333333333,142.1463327294955,75.0,1274.81,78021.5,0.010356602025160568,0.004860750677235466,0.03776500882047475,1
8528_251_none,57,80.69298245614036,70.96121404064687,59.0,487.95,242257.5,0.01466870419400184,0.017007943862208587,0.017619908976277875,1
8528_251_yahoo.com,74,121.01013513513513,147.05322303178463,89.5,1174.0,122672.0,0.02556925466631976,-0.002346839958183345,0.04897150680285578,0
8528_272_gmail.com,145,85.64103448275863,92.93483761420215,57.95,920.7,70007.5,0.03173650224349657,0.007058377233078724,0.03532986222775597,1
8528_272_hotmail.com,36,128.83527777777778,142.91962816146608,108.225,913.47,252185.0,0.038826087114455905,0.0002206246058564995,0.04049055213930367,0
8528_272_none,56,110.26607142857142,157.788506073326,58.475,882.47,175354.0,0.02051778101403791,-0.0020725133359922633,-0.002818412089058763,1
8528_272_yahoo.com,65,133.3983076923077,318.6061060526918,59.0,2594.95,154979.5,0.01749528055535051,0.013728377349351013,0.03749013320808864,1
8528_387_gmail.com,117,97.13051282051285,100.58606963623353,67.95,980.83,72233.5,0.012428516344691925,0.0015464234296434648,0.022885680893905327,1
8528_387_none,250,66.51075999999999,30.237422413664824,59.0,329.88,50603.0,0.13572318527971158,0.023257289836059767,0.13706111207480717,0
8528_387_yahoo.com,81,130.39790123456788,127.53773736095032,87.95,729.95,110387.0,0.02167135136896381,0.0194859613992091,0.02363660027065101,0
8613_251_gmail.com,69,113.1436231884058,124.58495347272094,67.95,852.38,149127.5,0.03439743769802586,0.001955929738680272,0.03117682578176177,0
8613_251_none,32,105.36,105.8816845882705,59.0,564.95,319561.0,0.0204997738363693,-0.0012780357822802235,0.017275887045108157,0
8695_204_gmail.com,46,334.7819565217391,380.48167529215976,139.475,1000.0,141449.0,-0.009530120328740253,-0.024070518942008304,0.03000802889251223,0
8695_299_gmail.com,59,236.54542372881357,342.55481776989046,117.0,1883.69,93685.5,0.018627974613442285,0.011033981696884243,0.023620020599220932,1
8695_325_gmail.com,35,315.59828571428574,436.9148261322842,113.0,2281.0,300131.5,0.0032467424458645644,0.004015170010750073,0.026438972717581215,0
8695_325_none,43,165.83325581395349,173.93478816379925,117.0,823.61,148939.0,0.025831120711503834,0.0011007565936811126,0.05469592043742691,0
8695_325_yahoo.com,31,226.79290322580644,430.57448847305074,109.0,2494.95,236317.5,0.008350148653790884,-0.012981266016999969,0.019657011660022573,0
8700_205_gmail.com,39,163.23384615384612,115.1501606847334,150.0,711.55,205972.0,0.022975468679857246,0.016419209433834632,0.03653086443656279,0
8727_184_yahoo.com,33,447.969696969697,81.43020244114061,445.0,554.0,31960.5,0.11411548149375522,0.0022017162684401306,0.06481575935678716,0
8736_181_gmail.com,55,84.41399999999999,78.3437647713298,55.0,490.47,135795.0,0.02233147769706565,0.014787770171562,0.03597256193612342,0
8755_-1_anonymous.com,72,51.783458333333336,41.33271289955636,38.012,191.773,96401.0,-0.0015908203036174677,0.0013005787267264188,0.017759609535194485,1
8755_-1_gmail.com,392,42.5222193877551,36.202008348461455,31.0735,217.512,14568.0,0.004268281650351523,0.005004814830156858,0.0031217114679911086,1
8755_-1_hotmail.com,417,45.76128776978417,40.33990579450471,33.835,275.246,18198.0,0.013163791595505143,0.004105412931649562,0.011338958042000719,1
8755_-1_none,30,37.721266666666665,35.45071452118028,31.891,206.636,18377.0,0.013263025555887716,-0.014960972149655267,0.006397689017465652,1
8755_-1_yahoo.com.mx,50,64.71216,56.55018605499367,48.064,232.919,112240.0,-0.015236121124719275,-0.002828533702697013,-0.008619766323541129,1
8765_191_gmail.com,49,89.42693877551021,74.2162823656637,62.95,445.0,232233.0,0.02816553535360599,0.007752575258418305,0.02981988683638298,0
8765_191_none,46,71.8260869565217,53.27380233400722,55.45,209.95,280497.0,0.02393331988165271,0.020111325593800126,0.01589109341762942,0
8766_184_gmail.com,62,90.53709677419354,161.6560154572256,59.0,1331.0,125149.0,0.030953159121787886,0.0068702586804325234,0.03461178075132057,0
8776_205_gmail.com,49,59.59183673469388,18.903264341082856,59.0,117.0,96497.0,0.07482225130322906,0.004459325419369241,0.07967288831034289,0
8830_441_gmail.com,37,94.67648648648648,97.25155309580981,56.5,413.95,267904.5,0.0053886656681763,-0.009578177133110287,0.015142514617279036,1
8830_441_none,37,76.85837837837839,66.44204068466979,92.0,378.56,274534.0,0.0385140505634328,-0.006859409040441043,0.04766101022509831,1
8842_485_none,37,74.06216216216212,42.40105876642993,50.0,209.95,304556.0,0.025672550025491035,0.0027675018792353914,0.043268382480518765,0
8868_264_gmail.com,40,69.91749999999999,58.04293513210716,51.95,365.0,180736.0,0.06111807022950833,-0.005777967582228864,0.0684496140023276,0
8900_231_gmail.com,189,82.29058201058201,55.895829256150165,59.0,445.0,24319.0,0.027175078418895823,0.011954714505469716,0.03279287393480518,1
8900_231_none,251,78.59454183266932,57.77941766810204,59.0,307.0,15691.5,0.021100720872674658,-0.00047388100976640014,0.04286762519311774,0
8900_231_yahoo.com,79,73.54025316455696,46.30754461795078,67.95,269.95,97474.0,0.023506281786999577,0.0070154173324427915,0.021861146352424612,1
8907_205_none,36,58.3125,29.74375372101959,57.95,112.95,401843.0,0.017693189333509947,0.0062605432203929196,0.042960338494729015,0
8953_441_none,39,191.29999999999998,147.7267173724544,209.95,520.14,179167.5,0.0675376735046902,0.009760715349958371,0.02244486913336438,0
9002_204_aol.com,42,105.76190476190476,77.68175600113261,92.0,370.0,94655.0,0.04778220425923547,0.0005760261318542917,0.03190918838621958,0
9002_204_gmail.com,58,114.34896551724138,222.97689765665191,57.95,1651.0,140117.0,0.03130371935134145,0.003966538507108673,0.03607937729494834,0
9002_204_yahoo.com,45,54.998888888888885,31.8142883498889,49.0,160.5,96618.5,0.03369805631659832,0.00015791079613731301,0.014860521598161848,0
9002_264_gmail.com,71,123.44563380281694,134.1211163146941,82.0,774.0,142163.0,0.012636630274085934,0.003843468053200398,0.0364486587886554,1
9002_264_yahoo.com,54,163.1592592592593,163.46989333017024,100.0,554.0,208864.0,0.031519719182314325,0.0012593684433996402,0.04237643351605378,0
9002_272_gmail.com,33,142.95969696969698,221.55982859120178,100.0,1264.95,284429.5,0.0014909306580572906,0.004947712535198295,0.025992479812029047,0
9002_272_none,80,19.224375000000002,15.398122843690235,15.0,146.0,140429.0,0.0870130645818229,0.01723431692458981,0.10770180059915499,1
9002_337_gmail.com,37,101.48081081081081,96.20814379133931,75.0,390.0,308234.5,0.019198759666061688,0.0327090133466088,0.03679459212108941,0
9026_-1_anonymous.com,163,53.41311042944785,49.0451713010669,39.644,392.857,46701.5,0.01804745059045427,0.0039360751465473895,0.016143748787880004,1
9026_-1_gmail.com,716,47.40445111731844,39.868799545510825,34.757999999999996,310.559,8379.0,0.012419683670286787,-0.0001171515729124703,0.009468268819284203,1
9026_-1_hotmail.com,804,48.55961069651742,42.789579938809126,34.923,319.32,7433.0,0.014455500938472034,0.008865440261951543,0.01483298080324611,1
9026_-1_none,45,31.929133333333333,24.04944354320444,27.793,144.817,10690.5,0.006849444327181618,-0.005072495734740001,0.006212062480301921,1
9026_-1_outlook.com,41,42.05739024390243,38.33012003053248,32.461,234.732,266305.5,0.04036171221369873,0.012047236017869396,0.022591275001668402,1
9026_-1_yahoo.com,41,61.28963414634148,54.31327269118596,32.446,210.262,156076.0,0.0022845589313265705,-0.007794677570560068,0.009079826893780958,1
9026_-1_yahoo.com.mx,57,43.44964912280701,36.01762724316751,31.418,212.154,116503.5,0.03635451830259504,0.010349449778332333,0.027174708275820435,0
9032_330_gmail.com,48,67.83645833333334,47.7665511668287,49.0,226.0,151465.0,0.04106905464227204,-0.0032193925877919763,0.049208521423730965,0
9043_325_aol.com,30,211.19833333333332,157.73976695987463,171.0,884.0,329369.0,0.021274753379824145,0.007907331905311038,0.05113327093478293,0
9065_-1_gmail.com,38,35.70223684210525,16.838456155689087,31.908,88.515,79137.0,0.017744112944182273,-0.014103625677254303,0.03267315011244568,1
9072_325_optonline.net,42,66.92857142857143,25.296708667092542,59.0,171.0,332876.0,0.07197817924097535,-0.013119624240477093,0.061709354384014266,0
9082_-1_gmail.com,68,37.677147058823536,28.434843831874293,27.181,130.507,69038.0,-0.0036501971931528314,0.007613333541958173,0.0044490561611671975,1
9082_-1_hotmail.com,34,39.806264705882356,34.92743762877952,28.9165,183.798,326700.0,0.008046968476559696,-0.002524307983280197,0.005635542851810199,0
9112_441_anonymous.com,105,99.56761904761908,94.29177379181738,59.0,652.0,105706.5,0.01573987045476406,0.0031898423495874788,0.017856272571166173,0
9112_441_aol.com,90,103.53888888888889,90.93932236441375,63.475,524.9,91540.0,0.034071118436406214,-0.004963084457055254,0.034071118436406214,0
9112_441_gmail.com,998,98.41102204408818,123.79157086972563,59.0,1080.95,6556.0,0.03500251675956751,0.010616296396222774,0.03633852210358888,1
9112_441_hotmail.com,49,114.98510204081632,101.1933012851621,59.0,405.0,248540.5,0.04066441885649308,0.0032519816078759242,0.020780176198375244,0
9112_441_none,442,67.05309954751132,117.50984612499671,47.95,2146.09,20538.0,0.03039703497147405,0.009560974878466907,0.03935299404517924,1
9112_441_yahoo.com,468,96.5682264957265,109.92103609273721,59.0,1094.83,18841.0,0.02468874399230518,0.00395520373231084,0.016459352944286666,1
9136_433_yahoo.com,39,54.97435897435897,40.70814646593051,49.0,226.0,158252.0,0.06730304991811481,-0.012387931814007488,0.06085039523533171,0
9175_126_anonymous.com,69,182.87594202898552,318.56415727820587,77.0,1644.97,163655.0,0.018751326778660454,0.0105200934832929,0.018773774359480355,0
9175_126_aol.com,119,149.86596638655465,233.93195296355609,82.95,2044.43,64255.0,0.00651304653879347,0.0033373981689215314,0.021010787344071347,1
9175_126_gmail.com,371,123.53584905660378,175.66398848106846,59.0,1834.97,24258.0,0.02462330236148197,0.012422325997085653,0.040660977557264624,1
9175_126_hotmail.com,32,94.3771875,115.3509993518255,58.95,519.95,267685.0,0.018795759162953812,-0.018934232441605445,0.043765924901803706,0
9175_126_none,157,100.14095541401275,100.12455874905157,59.0,644.95,64700.0,0.03041554504817479,0.006781622798656465,0.03183097321519532,1
9175_126_yahoo.com,138,130.93347826086955,197.44512680247803,77.95,1880.7,73879.0,0.007439440591366819,-0.003466141788694494,0.019095893037461217,1
9175_330_none,31,68.5741935483871,190.2126487733713,29.0,1105.85,45222.5,0.06269794645034338,-0.011720120494632696,0.06895673379699069,0
9206_337_none,34,136.14470588235295,98.00137475732298,107.95,480.0,348447.0,0.016779722967666937,-0.015411407311655016,0.013332135540841429,0
9300_-1_anonymous.com,72,52.50427777777778,38.85825446529355,40.588499999999996,163.473,109117.0,0.0015513651877946712,0.0036049784366900643,0.005539076086544702,0
9300_-1_gmail.com,436,39.447165137614675,35.67795255836766,28.8575,298.03,12918.0,0.011553963636605196,-0.0007446473159532438,0.0118277936844054,1
9300_-1_hotmail.com,419,41.64932935560859,33.745954180008155,32.461,249.524,17114.0,0.016798614172621056,0.004803984908701639,0.010984879012625508,1
9300_-1_none,30,36.343066666666665,24.135414237082312,29.490000000000002,110.267,10801.0,0.02405577102003708,0.004136015126870035,0.0020001871756003195,1
9300_-1_outlook.com,42,30.95645238095238,20.47688814504966,24.3555,88.455,176405.0,0.0077592506775573875,0.011279360654360159,0.022061833293536066,0
9303_476_gmail.com,81,273.4132098765432,380.64983056699805,108.5,2079.95,97468.0,0.02834887049566462,-0.007161649676159062,0.005686730242250554,0
9306_225_gmail.com,77,92.09883116883118,110.65717483647265,50.0,664.0,109537.5,0.046085919492268645,0.007702706862059268,0.03282220851313513,0
9311_110_yahoo.com,36,62.774722222222216,77.65131824330376,29.835,390.0,153403.0,0.01764456624159389,-8.866312881342098e-05,0.0019005815540703228,0
9323_191_aol.com,32,163.4625,197.36777733776606,117.0,1104.0,367152.0,0.009356881214238569,-0.0033682368019090914,0.0035841045705288024,1
9323_191_charter.net,121,276.08214876033054,172.90626529670317,300.0,664.0,16147.5,0.04176706949400624,-0.0021328252118148552,0.0450313318707824,0
9323_191_gmail.com,120,78.13758333333334,84.31524779061647,51.985,546.0,81546.0,0.03326115408678475,0.004808378324486051,0.045557547085674985,1
9323_191_none,46,110.5182608695652,212.20271846294142,59.0,1492.29,164516.0,0.02937047040988549,-0.012591109701871467,0.016099060342340564,0
9323_191_yahoo.com,108,114.39287037037039,119.22428682367038,65.96000000000001,864.29,90963.0,0.02022404822731715,-0.0015822358898402548,0.0358262363832107,0
9350_299_anonymous.com,31,292.77096774193546,443.6884688415222,200.0,2556.95,196569.5,0.02265688411436615,-0.006322771933123701,0.034564258124529824,0
9350_299_gmail.com,59,169.60508474576272,232.10953045208578,100.0,1417.95,141817.0,0.023687812781501522,-0.006628775575097466,0.03649151856741363,1
9350_420_gmail.com,38,155.09842105263158,139.70186154292844,100.0,554.0,178794.0,0.03900048143182971,-0.0039045782511664615,0.016471182239739562,0
9350_512_comcast.net,40,127.92,97.92718647035665,100.0,554.0,138832.0,0.017117787548677738,0.017277462981851545,0.04470751966225973,0
9350_512_gmail.com,80,151.877875,179.98292604920715,100.0,1508.34,67478.0,0.03492195058003255,0.007712071507693426,0.040001562860954624,1
9363_512_gmail.com,47,110.42595744680852,139.54865739780556,68.5,947.0,206013.5,0.010954639279136563,0.009332336500676483,0.02322807400714167,1
9400_315_gmail.com,305,111.60944262295084,132.04132054957728,59.0,884.0,32069.0,0.02072490621796759,0.004629258521016701,0.017513777676669486,1
9400_315_none,115,100.11026086956522,116.29136500495021,57.95,841.99,94501.5,0.03086128310255586,-0.004541450407185628,0.030861283102555866,1
9400_315_yahoo.com,233,91.44493562231762,133.66012814238496,57.95,1632.6,43085.5,0.0347765045884034,-0.001549043754753756,0.035159335314266175,1
9443_299_gmail.com,34,186.3485294117647,384.0372007189833,68.95,2018.95,202954.0,0.02323137530683795,-0.0032160433464194713,0.0260344387727545,0
9480_123_gmail.com,44,82.93954545454545,96.56943992312534,44.485,445.0,121295.0,0.05797788217483319,-0.004717405696802832,0.06941243052005786,0
9480_184_yahoo.com,43,104.72767441860465,57.34563833851826,107.95,335.0,170215.5,0.04510713659474719,-0.00838285163476139,0.04510713659474719,0
9480_191_gmail.com,41,73.59,43.56430290736761,59.0,226.0,119707.0,-0.0045089960010416125,-0.00861427182537381,0.008522761683266475,0
9480_204_gmail.com,35,57.255714285714284,58.67727373575927,39.95,280.0,108681.0,0.04447638242033881,0.0066275970819285185,0.03686407610850325,1
9480_264_gmail.com,34,53.46235294117646,29.23120824803755,50.975,160.5,215031.0,0.03638756610492184,0.007644023252425393,0.015259850849821281,0
9480_272_gmail.com,42,111.7547619047619,95.609377360325,55.0,335.0,106371.0,0.043015119575418446,0.008560592561690922,0.03415592557541972,0
9480_299_gmail.com,75,116.08466666666669,130.4418374227465,77.95,939.95,99936.0,0.001005305214057936,-0.004145824262994265,0.0025068805074541685,1
9485_315_gmail.com,149,107.63140939597317,203.81485716544145,57.95,2341.33,70142.0,0.028753666298658435,0.006823957693391124,0.026606623885235013,0
9485_315_none,106,76.72471698113208,46.78441399488111,57.95,209.95,108106.0,0.029507397930055388,-0.002002506566134408,0.032428177974181654,0
9485_315_yahoo.com,141,92.44382978723405,68.43836966256808,67.95,449.99,71088.5,0.027979645216889372,0.004164533419474644,0.031043696911630503,0
9500_-1_gmail.com,33,36.10909090909091,23.844394634307324,27.401,100.0,201698.0,0.01495894412607076,-0.005247846874596208,0.030083231103496998,1
9500_126_anonymous.com,40,133.28475,302.44745801533446,53.97,1966.71,236677.0,0.02376266754550955,0.0013823418626580444,0.008025166667203959,1
9500_126_aol.com,474,76.74706751054852,169.14449000545775,50.0,2381.0,16131.0,0.10459131483724501,0.029608927669591795,0.10643629663087781,0
9500_126_comcast.net,33,145.39363636363635,239.32241893512332,59.0,1400.99,114000.0,0.04804806365646579,0.005908659834578986,0.03197386244145987,0
9500_126_gmail.com,492,119.30172764227642,188.79814419556683,59.0,2486.95,14467.0,0.025195713090419264,0.01140579429721103,0.04938326754672368,1
9500_126_hotmail.com,39,162.96897435897435,141.10621999764922,97.0,445.0,380762.5,0.007343755332721358,0.015608668566332647,0.01698148702193409,0
9500_126_none,272,99.73191176470588,89.04219746933857,59.0,561.76,36234.0,0.0265661733472176,-5.020117185077118e-05,0.027383166811269885,1
9500_126_yahoo.com,274,117.45810218978103,169.10984445193867,68.975,1755.23,26610.0,0.018455569133115544,0.0012372191584722539,0.029203764089283886,1
9500_181_gmail.com,36,105.95833333333333,44.95868087601227,92.0,171.0,254647.0,0.0511717661268016,0.005238645467179316,0.055604289342121686,0
9500_191_gmail.com,35,279.19742857142865,720.303211707573,108.5,4299.36,326915.0,0.02156749642212913,-0.009325816883795607,-0.007459767231233372,0
9500_191_yahoo.com,34,95.61764705882354,85.60106761493464,57.95,335.0,120572.0,0.04638730659413281,-0.0052430760759494335,0.05111808536902921,1
9500_204_anonymous.com,142,123.8407042253521,147.041989555575,84.975,1044.95,80551.0,0.007564592317735441,0.0032725992511294343,0.034121830305658185,1
9500_204_aol.com,318,145.0223270440252,221.26613631579383,94.475,2133.83,25671.0,0.01499278173425214,0.005538592495501924,0.019326962871507522,1
9500_204_bellsouth.net,58,134.67310344827587,127.11287067157524,88.5,554.0,157935.0,0.013217897210855936,0.00482905218051561,0.02120231293258984,0
9500_204_comcast.net,67,179.00537313432838,158.6803785077671,97.0,554.0,100991.5,0.037734937584121914,-0.003873447986267868,0.017516954580364674,0
9500_204_gmail.com,1953,108.76122375832054,143.9074685787257,65.0,2161.0,3582.0,0.02485459844786308,0.004387890193173074,0.03767084933652456,1
9500_204_hotmail.com,177,128.66446327683616,239.9427053853686,92.0,2943.05,72007.5,0.019332830021425662,0.01603433693201634,0.02908246779394122,0
9500_204_icloud.com,74,91.78837837837838,63.67957209950259,67.95,335.0,98185.0,0.00916346062837085,-0.00983793458020826,0.008096490263897738,1
9500_204_none,638,105.29868338557993,106.63242025170744,76.975,856.95,10888.0,0.017436191046503003,0.004749592072656064,0.013664477950320487,1
9500_204_outlook.com,39,70.02358974358972,46.811015769476214,48.95,213.95,239538.5,0.012081272644856492,0.0005809053231837641,0.03480136891524636,0
9500_204_yahoo.com,1047,106.43717287488062,136.88265946184833,59.0,1961.0,7164.0,0.023699112395256572,0.011679565914646275,0.021152152828239696,1
9500_231_anonymous.com,31,185.44193548387096,134.0847902759693,117.0,445.0,230281.0,-0.004818055036258283,-0.0037083926706962533,-0.00890634126830537,0
9500_231_gmail.com,140,101.517,130.44292078310946,58.475,940.47,72089.0,0.03626199496426771,0.0043939428201547025,0.045785804488077224,1
9500_231_none,59,109.85169491525424,128.1090729550349,75.0,922.0,174838.0,0.0036298534247247473,0.0006523783551728654,0.007626379982521577,1
9500_231_yahoo.com,136,88.95698529411764,88.6893939238961,57.95,705.87,75236.0,0.02719726140926676,-0.00048001849666414256,0.022417846996411007,1
9500_251_gmail.com,47,211.4857446808511,407.68035070119544,92.0,2161.0,235302.0,0.014192664106243758,0.0016063067191521632,0.019816638715234494,1
9500_251_none,31,1175.0432258064516,1373.0119326088789,445.0,5191.0,293039.0,0.009229637986356856,0.008387654051449318,0.0053200940972985625,1
9500_251_yahoo.com,54,210.3811111111111,550.883707498828,54.5,3190.0,155804.0,0.04788811809828166,0.006355146726298576,0.03458301232694403,1
9500_264_gmail.com,93,169.07075268817204,258.17796791900787,107.95,2207.41,82997.5,0.04527874347784429,0.007777656512086593,0.03461050824536921,1
9500_264_yahoo.com,34,149.52058823529413,219.17847955411585,49.5,1052.0,239740.0,0.03638756610492185,-0.009876296552471873,0.02995211911571801,0
9500_272_anonymous.com,57,134.76859649122807,105.8411878246622,115.0,554.0,186110.0,0.01266741364930548,-0.006815194034359668,0.024650908790649205,0
9500_272_aol.com,87,164.89942528735634,302.85321323049806,77.0,1711.0,92782.5,0.017640379368015484,-0.010154592284271563,0.010172098928631051,1
9500_272_bellsouth.net,62,131.40709677419355,92.91526858774381,107.0,554.0,199745.0,0.007363489614192642,0.0052172364648715615,0.04525989458236315,0
9500_272_comcast.net,49,120.09795918367345,98.82735562750258,107.95,445.0,143935.0,0.017435402558050005,-0.0020156763372419506,0.03673321508814463,0
9500_272_gmail.com,1148,97.13771777003484,127.98517685436464,58.95,1761.0,6259.0,0.0332257980360183,0.004653169433841642,0.027578769399478047,1
9500_272_hotmail.com,81,96.28814814814815,150.32650646493906,50.0,884.0,124551.0,0.03303857857949299,0.0019037430312258165,0.027526893997265107,0
9500_272_icloud.com,61,83.2583606557377,46.18661910334849,77.0,262.51,201633.0,0.04132474390928484,0.0029660678612753837,0.04044122527098758,0
9500_272_none,431,104.38661252900233,102.92332685450282,75.0,1104.0,19914.5,0.02467422020123499,0.0074575257875815985,0.01887062552795625,1
9500_272_yahoo.com,617,106.98085899513777,149.0217113180384,59.0,2079.95,12109.0,0.0227492544612758,0.009379966279071774,0.02314082675996877,1
9500_299_gmail.com,33,85.67424242424242,63.794499764350014,59.0,361.95,344494.5,0.014514431377999237,-0.004545621761694776,0.016403303593785945,1
9500_324_gmail.com,35,74.65428571428572,59.28587445761495,59.0,280.0,223848.0,0.0010680907819187666,-0.007352057199779098,0.017396941736868572,1
9500_324_none,30,57.74733333333334,21.1294369594228,59.0,97.0,221714.0,0.059572935939228445,-0.005863906896069547,0.05360305729020826,0
9500_325_aol.com,39,108.5151282051282,91.96470284067308,67.95,370.0,317397.5,0.013012976845244842,0.01342373492485096,0.011579457283845851,1
9500_325_gmail.com,157,112.3215286624204,117.88933715776668,66.5,1052.0,65185.0,0.01959271748732278,0.006659023931223324,0.020159610063739234,1
9500_325_hotmail.com,39,80.67717948717949,58.567048841421276,59.0,260.0,224078.5,0.029641598652633987,-0.006307541908026411,0.03829678003226194,0
9500_325_none,48,156.63875,461.79482077913934,89.975,3298.0,200065.0,0.012809512702182176,0.0029211760929764782,0.055037047028184204,0
9500_325_yahoo.com,82,147.39878048780488,135.91234541092342,90.5,641.61,110537.0,0.02417079890813337,-0.005985102277058424,0.024315457264066625,0
9500_330_anonymous.com,48,121.25124999999998,209.17435988134596,55.225,1426.0,171687.0,0.019533496196037267,0.0230248989850957,0.041277194118382564,0
9500_330_aol.com,85,124.10964705882353,192.52700013823613,59.0,1220.0,98715.5,0.01900056750693811,0.0021197417642408248,0.03317669901404055,1
9500_330_comcast.net,35,190.3582857142857,214.76948453746817,139.95,1236.58,276193.0,0.012609749569599274,-0.004448493010648084,0.030095354435281267,0
9500_330_gmail.com,772,139.50178756476686,255.24877411349485,73.0,2753.95,9378.0,0.02216100068297554,0.005343834871547807,0.03163881863393349,1
9500_330_hotmail.com,60,154.63283333333337,212.52586667738174,107.95,1562.26,182049.0,0.011358410879717246,0.00590313131783415,0.017412584547064482,0
9500_330_me.com,88,64.85170454545454,60.08058671903609,44.0,265.0,71755.0,0.0795235282952492,0.012726377344978432,0.08703196473631128,0
9500_330_none,254,113.90688976377952,344.8716665171418,59.0,5278.95,41572.0,0.025072849727400856,0.00853735181937851,0.03620774019121802,1
9500_330_outlook.com,33,144.10424242424241,84.18830876978697,131.0,421.0,80332.5,0.05350942088769462,0.001682983482803782,0.0449973631614018,0
9500_330_verizon.net,41,200.67804878048779,413.83583510926525,117.0,2763.95,183117.0,0.01531631661563465,0.012665170521442892,0.009896262415092644,0
9500_330_yahoo.com,424,94.67469339622643,98.09223341825522,59.0,1104.0,18322.0,0.03689932563421445,0.005472120228337672,0.030755329321965404,1
9500_337_gmail.com,72,151.24819444444447,154.01880475309923,92.0,588.45,121515.0,0.025728531070545794,7.975557801411653e-05,0.054622210910732535,1
9500_433_gmail.com,388,88.76690721649484,84.802247506698,59.0,994.0,22373.0,0.02796755212756881,0.0002090249513258778,0.03233509546688608,1
9500_433_hotmail.com,65,50.81999999999999,37.22188334837452,35.95,209.95,179120.5,0.04946168083514686,0.0182023891320873,0.059722772268136354,0
9500_433_none,177,103.08531073446329,104.5368093527309,67.95,700.0,55384.0,0.024641446166231908,-0.0016288166577068837,0.024641446166231915,1
9500_433_yahoo.com,225,97.93257777777778,96.51766007903858,57.95,554.0,49307.0,0.019135851816259614,0.005090320870496903,0.016172888853296655,1
9500_441_gmail.com,45,92.45688888888888,59.53041283699626,59.0,226.0,154325.5,0.03392759479488368,-2.842307749377493e-05,0.026769819677676374,0
9500_476_gmail.com,38,187.66263157894738,276.8850308215935,84.5,1193.59,220128.0,0.0035321101054598125,0.002700613765889315,0.02483523186208777,1
9513_264_yahoo.com,39,91.52102564102564,66.27237719016301,65.0,226.0,97708.0,0.017974543595664493,0.009760715349958371,0.020491324173763398,0
9515_343_gmail.com,40,97.14599999999999,46.24975631287153,108.28999999999999,200.36,351357.0,0.028645173412122103,0.0016745338201978738,0.043148102304845455,0
9515_343_yahoo.com,30,112.43399999999998,110.68280515659755,64.96000000000001,469.63,325985.0,0.03491076603173012,-0.011424989400934255,0.013949689331875167,0
9537_325_none,32,109.253125,35.19960701462979,107.95,226.0,504337.0,0.06740687027406492,0.013968553215158497,0.08094755484584285,0
9633_-1_anonymous.com,217,46.29365898617511,41.878184475366574,33.11,422.558,31160.0,0.01661651963357358,0.011711219339808041,0.024584167652530207,1
9633_-1_gmail.com,1758,43.98943742889647,41.65401988914474,31.191,457.138,2886.0,0.012572429710714995,0.008418830076836175,0.008020084052931843,1
9633_-1_hotmail.com,1452,41.34414393939394,38.15071839138639,28.858,301.133,3978.5,0.010463790945877741,0.008984182954818027,0.009218369617188743,1
9633_-1_hotmail.es,40,52.9362,30.89239064575612,46.2735,119.632,41370.0,0.04041572012513175,0.021943053772353734,0.013594336309803952,1
9633_-1_live.com.mx,58,44.87946551724138,40.90504612628665,33.462500000000006,195.036,184529.0,0.041926905550344756,-0.0028231826492160425,0.024458098758351053,1
9633_-1_none,116,45.23554310344828,52.115768741727734,29.485,386.084,3777.0,0.006890889201136289,0.007091004469745275,0.026536884432002205,1
9633_-1_outlook.com,114,39.7460350877193,30.835138200450384,33.786500000000004,238.961,78716.0,0.014675020564414176,0.005473451285497321,0.010765059576118636,1
9633_-1_yahoo.com,36,43.5146111111111,28.453282350467617,30.5745,116.443,88838.0,0.0033977493639409106,-0.0025623474746183372,-0.009605405307199201,1
9633_-1_yahoo.com.mx,95,62.24455789473684,51.317809092323124,46.221,323.682,79468.5,0.01701143907645352,-0.0010956644032308512,0.02138378990168977,0
9642_-1_gmail.com,46,38.928891304347815,21.39809955115708,33.261,92.835,7491.0,0.035423117497030816,-0.006245148008695207,0.028886422503792065,1
9653_299_gmail.com,36,124.61111111111111,98.90464411008823,108.95,554.0,226290.0,0.024303060325470145,-0.01266647472251834,0.041031972455332834,0
9653_299_none,33,116.7990909090909,94.53365984996086,100.0,554.0,339828.5,0.033060178070606676,0.015857822732260843,0.05832897523784817,0
9680_436_gmail.com,52,71.04173076923077,31.142964492627435,58.975,157.95,151046.0,0.017223879190811184,-0.006132471838248676,0.032093307664269204,0
9680_436_none,34,92.46676470588235,51.15944750429422,59.0,280.0,367494.0,0.05792312455115659,-0.012805219564662552,0.05611795561363469,0
9705_264_gmail.com,54,110.27148148148147,60.365079935199205,107.95,308.0,234908.0,0.03554243908593598,-0.0017221145323286988,0.05006546587492176,0
9749_226_none,44,449.38522727272726,263.49933900631805,384.0,994.0,147228.0,0.04828596513237072,0.008639786547710013,0.03666508291351495,1
9749_226_yahoo.com,60,233.8,111.19034730287217,280.0,335.0,86262.0,0.056058971423579754,0.007034235110377155,0.04494786031246864,1
9749_231_none,95,99.56821052631581,88.88779345455053,82.0,644.95,13347.0,0.005828830064545865,-0.009908500021028856,0.010507192637645282,0
9749_337_gmail.com,35,284.0402857142857,427.1570220254288,226.0,2711.41,45043.0,0.02941063142801819,-0.009072930764053681,0.03901678431128613,0
9786_158_gmail.com,55,66.57418181818181,70.3943678452373,43.43,405.0,207994.0,0.04380614740186376,0.008849233630846068,0.04656199964301013,0
9787_330_yahoo.com,34,58.120588235294115,38.14529135548916,43.475,226.0,218016.0,0.02520513499085445,0.0001573924138427371,0.01657288122296166,0
9803_204_gmail.com,30,208.22333333333333,203.24398492671037,101.0,842.0,223367.0,0.009240956205222257,0.029563092043705927,0.016710613160173346,1
9803_299_gmail.com,61,254.50327868852457,320.06495336037347,150.0,1644.95,95532.5,0.0032679719494660316,0.0024039031803752796,0.012313996010643116,1
9803_325_gmail.com,52,173.51096153846154,194.51691737045962,100.0,1052.0,169126.0,0.005883880154370906,-0.00273288097770882,0.010298193332499664,1
9803_330_none,52,116.13461538461539,165.19976588339645,46.5,884.0,170324.0,0.04995862776886171,0.00017458759392021544,0.04219505239211279,0
9885_264_gmail.com,173,138.13901734104047,100.2440774527468,105.0,335.0,56539.5,0.020664752910454394,0.003662612702875087,0.027346783639377245,1
9885_264_none,62,64.02532258064515,54.5028692857524,39.0,232.05,157869.0,0.035772374445560876,-0.0013081075212893999,0.040155793073836515,0
9885_264_yahoo.com,81,112.73913580246912,129.91406240420733,63.97,839.47,159251.0,0.0036658577690274613,-0.002204564178637073,0.024827150947420405,0
9917_-1_gmail.com,492,42.35201422764227,35.750755894530194,31.143,241.68,4081.0,0.025290504413219707,0.011194466908529654,0.019795002586611026,1
9917_-1_hotmail.com,283,40.012738515901056,33.744661435470405,29.51,185.977,15160.0,0.012906304403904337,0.005179500778764952,0.0218220751906663,1
9959_299_gmail.com,45,101.57355555555554,110.33266465367474,59.0,554.0,158162.5,0.02616549926114735,0.011592459141361984,0.02496660328632376,0
9992_123_gmail.com,30,72.82933333333334,79.2247664110718,49.0,390.0,67776.0,0.059572935939228445,0.008924745868922751,0.04711120158411749,0
9992_191_gmail.com,41,85.20609756097562,76.32056651110398,57.95,445.0,200288.0,0.04374437299439127,0.006422951189899863,0.04008987748662869,0
9992_204_gmail.com,68,120.45558823529413,166.11422279814107,59.0,1050.0,156178.0,0.029820594152628055,-0.009736636052626195,0.022977303972290024,0
9992_264_gmail.com,86,137.15127906976744,169.70531489667002,65.95,1092.0,93952.0,0.023269552904922403,0.005681626793016297,0.010025219498921548,1
9992_264_yahoo.com,36,72.50055555555554,72.65878271239418,52.95,434.95,305945.0,0.04189889278049789,0.0010680907819187666,0.04407624055713797,0
9992_272_gmail.com,55,91.17090909090908,135.27235983576688,59.0,1044.95,147657.0,0.04044597474418834,0.018297607323391307,0.02674088183541075,1
9992_272_none,45,71.53111111111109,90.87583243628448,42.95,554.0,259392.5,0.03177034083015834,0.009871889762313978,0.04015620003938224,1
9992_433_gmail.com,31,48.08451612903226,47.47706134332796,34.0,226.0,369217.0,0.02685565254353333,-0.012718015555407736,0.049270700322334056,0
